essay_id,total_score,n_phrases,PH_level_coverage,PH_ratio_A1,PH_ratio_A2,PH_ratio_B1,PH_ratio_B2,PH_ratio_C1,PH_ratio_C2,PH_ratio_A,PH_ratio_B,PH_ratio_C,PH_ratio_AboveB1,PH_ratio_AboveB2,PH_mean_score,PH_high_low_ratio,PH_score_var,PH_pv_ratio,PH_multi_ratio
TR3*0100*2000*02_A1,28.0,8,1.0,0.25,0.125,0.125,0.375,0.0,0.125,0.375,0.5,0.125,0.625,0.5,3.125,1.6666666666666667,2.609375,0.125,0.125
TR3*0100*2000*02_A2,28.0,17,1.0,0.11764705882352941,0.47058823529411764,0.17647058823529413,0.11764705882352941,0.058823529411764705,0.058823529411764705,0.5882352941176471,0.29411764705882354,0.11764705882352941,0.4117647058823529,0.23529411764705882,2.7058823529411766,0.7,1.7370242214532874,0.11764705882352941,0.058823529411764705
TR4*0100*2000*02_A1,32.0,9,1.0,0.2222222222222222,0.1111111111111111,0.3333333333333333,0.2222222222222222,0.0,0.1111111111111111,0.3333333333333333,0.5555555555555556,0.1111111111111111,0.6666666666666666,0.3333333333333333,3.0,2.0,2.2222222222222223,0.3333333333333333,0.0
TR4*0100*2000*02_A3,32.0,15,1.0,0.06666666666666667,0.2,0.4666666666666667,0.2,0.06666666666666667,0.0,0.26666666666666666,0.6666666666666666,0.06666666666666667,0.7333333333333333,0.26666666666666666,3.0,2.75,0.9333333333333333,0.0,0.3333333333333333
TR13*0100*2000*02_A1,21.0,5,0.8,0.25,0.25,0.25,0.25,0.0,0.0,0.5,0.5,0.0,0.5,0.25,2.5,1.0,1.25,0.2,0.2
TR13*0100*2000*02_A2,21.0,6,1.0,0.3333333333333333,0.16666666666666666,0.3333333333333333,0.16666666666666666,0.0,0.0,0.5,0.5,0.0,0.5,0.16666666666666666,2.3333333333333335,1.0,1.2222222222222223,0.0,0.0
TR15*0100*2000*02_A1,23.0,7,1.0,0.2857142857142857,0.14285714285714285,0.2857142857142857,0.0,0.14285714285714285,0.14285714285714285,0.42857142857142855,0.2857142857142857,0.2857142857142857,0.5714285714285714,0.2857142857142857,3.0,1.3333333333333333,3.142857142857143,0.14285714285714285,0.14285714285714285
TR15*0100*2000*02_A4,23.0,16,0.9375,0.06666666666666667,0.5333333333333333,0.26666666666666666,0.06666666666666667,0.0,0.06666666666666667,0.6,0.3333333333333333,0.06666666666666667,0.4,0.13333333333333333,2.6,0.6666666666666666,1.3066666666666664,0.125,0.375
TR78*0100*2000*02_A1,28.0,7,1.0,0.14285714285714285,0.14285714285714285,0.2857142857142857,0.14285714285714285,0.0,0.2857142857142857,0.2857142857142857,0.42857142857142855,0.2857142857142857,0.7142857142857143,0.42857142857142855,3.5714285714285716,2.5,3.102040816326531,0.14285714285714285,0.0
TR78*0100*2000*02_A4,28.0,6,1.0,0.16666666666666666,0.6666666666666666,0.16666666666666666,0.0,0.0,0.0,0.8333333333333334,0.16666666666666666,0.0,0.16666666666666666,0.0,2.0,0.2,0.3333333333333333,0.16666666666666666,0.3333333333333333
TR421*0100*2000*02_A1,28.0,9,1.0,0.0,0.3333333333333333,0.2222222222222222,0.3333333333333333,0.0,0.1111111111111111,0.3333333333333333,0.5555555555555556,0.1111111111111111,0.6666666666666666,0.4444444444444444,3.3333333333333335,2.0,1.5555555555555556,0.0,0.2222222222222222
TR421*0100*2000*02_A3,28.0,13,0.9230769230769231,0.16666666666666666,0.25,0.3333333333333333,0.08333333333333333,0.08333333333333333,0.08333333333333333,0.4166666666666667,0.4166666666666667,0.16666666666666666,0.5833333333333334,0.25,2.9166666666666665,1.4,2.076388888888889,0.07692307692307693,0.38461538461538464
TR423*0100*2000*02_A1,30.0,3,1.0,0.3333333333333333,0.3333333333333333,0.3333333333333333,0.0,0.0,0.0,0.6666666666666666,0.3333333333333333,0.0,0.3333333333333333,0.0,2.0,0.5,0.6666666666666666,0.0,0.0
TR423*0100*2000*02_A3,30.0,9,1.0,0.2222222222222222,0.0,0.5555555555555556,0.1111111111111111,0.1111111111111111,0.0,0.2222222222222222,0.6666666666666666,0.1111111111111111,0.7777777777777778,0.2222222222222222,2.888888888888889,3.5,1.432098765432099,0.0,0.1111111111111111
TR424*0100*2000*02_A1,29.0,2,1.0,0.0,0.0,0.0,1.0,0.0,0.0,0.0,1.0,0.0,1.0,1.0,4.0,nan,0.0,0.0,0.0
TR424*0100*2000*02_A4,29.0,8,1.0,0.25,0.125,0.25,0.125,0.125,0.125,0.375,0.375,0.25,0.625,0.375,3.125,1.6666666666666667,2.859375,0.375,0.125
TR449*0100*2000*02_A1,35.0,6,1.0,0.3333333333333333,0.0,0.5,0.16666666666666666,0.0,0.0,0.3333333333333333,0.6666666666666666,0.0,0.6666666666666666,0.16666666666666666,2.5,2.0,1.25,0.16666666666666666,0.0
TR449*0100*2000*02_A4,35.0,8,1.0,0.125,0.5,0.375,0.0,0.0,0.0,0.625,0.375,0.0,0.375,0.0,2.25,0.6,0.4375,0.125,0.5
TR505*0100*2000*02_A1,26.0,8,1.0,0.125,0.375,0.125,0.375,0.0,0.0,0.5,0.5,0.0,0.5,0.375,2.75,1.0,1.1875,0.0,0.125
TR505*0100*2000*02_A3,26.0,7,1.0,0.14285714285714285,0.14285714285714285,0.14285714285714285,0.42857142857142855,0.14285714285714285,0.0,0.2857142857142857,0.5714285714285714,0.14285714285714285,0.7142857142857143,0.5714285714285714,3.2857142857142856,2.5,1.6326530612244896,0.14285714285714285,0.2857142857142857
TR509*0100*2000*02_A1,25.0,6,1.0,0.3333333333333333,0.0,0.5,0.16666666666666666,0.0,0.0,0.3333333333333333,0.6666666666666666,0.0,0.6666666666666666,0.16666666666666666,2.5,2.0,1.25,0.0,0.0
TR509*0100*2000*02_A4,25.0,8,1.0,0.125,0.375,0.25,0.125,0.0,0.125,0.5,0.375,0.125,0.5,0.25,2.875,1.0,2.109375,0.125,0.25
TR520*0100*2000*02_A1,37.0,10,1.0,0.3,0.3,0.1,0.1,0.1,0.1,0.6,0.2,0.2,0.4,0.3,2.7,0.6666666666666666,2.81,0.1,0.3
TR520*0100*2000*02_A4,37.0,13,1.0,0.07692307692307693,0.38461538461538464,0.3076923076923077,0.23076923076923078,0.0,0.0,0.46153846153846156,0.5384615384615384,0.0,0.5384615384615384,0.23076923076923078,2.6923076923076925,1.1666666666666667,0.8284023668639056,0.07692307692307693,0.38461538461538464
TR521*0100*2000*02_A1,24.0,5,1.0,0.4,0.2,0.4,0.0,0.0,0.0,0.6,0.4,0.0,0.4,0.0,2.0,0.6666666666666666,0.8,0.0,0.4
TR521*0100*2000*02_A3,24.0,8,0.875,0.5714285714285714,0.14285714285714285,0.14285714285714285,0.0,0.14285714285714285,0.0,0.7142857142857143,0.14285714285714285,0.14285714285714285,0.2857142857142857,0.14285714285714285,2.0,0.4,2.0,0.0,0.25
TR522*0100*2000*02_A1,32.0,7,1.0,0.14285714285714285,0.5714285714285714,0.14285714285714285,0.14285714285714285,0.0,0.0,0.7142857142857143,0.2857142857142857,0.0,0.2857142857142857,0.14285714285714285,2.2857142857142856,0.4,0.7755102040816327,0.14285714285714285,0.0
TR522*0100*2000*02_A2,32.0,10,1.0,0.2,0.3,0.4,0.1,0.0,0.0,0.5,0.5,0.0,0.5,0.1,2.4,1.0,0.8400000000000001,0.0,0.1
TR524*0100*2000*02_A1,27.0,9,1.0,0.2222222222222222,0.3333333333333333,0.1111111111111111,0.2222222222222222,0.0,0.1111111111111111,0.5555555555555556,0.3333333333333333,0.1111111111111111,0.4444444444444444,0.3333333333333333,2.7777777777777777,0.8,2.3950617283950617,0.0,0.0
TR524*0100*2000*02_A2,27.0,12,1.0,0.0,0.3333333333333333,0.5,0.08333333333333333,0.08333333333333333,0.0,0.3333333333333333,0.5833333333333334,0.08333333333333333,0.6666666666666666,0.16666666666666666,2.9166666666666665,2.0,0.7430555555555555,0.0,0.0
TR529*0100*2000*02_A1,30.0,7,1.0,0.2857142857142857,0.0,0.2857142857142857,0.2857142857142857,0.0,0.14285714285714285,0.2857142857142857,0.5714285714285714,0.14285714285714285,0.7142857142857143,0.42857142857142855,3.142857142857143,2.5,2.6938775510204076,0.2857142857142857,0.0
TR529*0100*2000*02_A2,30.0,11,1.0,0.0,0.5454545454545454,0.18181818181818182,0.2727272727272727,0.0,0.0,0.5454545454545454,0.45454545454545453,0.0,0.45454545454545453,0.2727272727272727,2.727272727272727,0.8333333333333334,0.7438016528925622,0.09090909090909091,0.18181818181818182
TR531*0100*2000*02_A1,21.0,4,1.0,0.5,0.0,0.25,0.25,0.0,0.0,0.5,0.5,0.0,0.5,0.25,2.25,1.0,1.6875,0.25,0.0
TR531*0100*2000*02_A3,21.0,10,1.0,0.2,0.3,0.4,0.1,0.0,0.0,0.5,0.5,0.0,0.5,0.1,2.4,1.0,0.8400000000000001,0.1,0.4
TR533*0100*2000*02_A1,26.0,5,1.0,0.2,0.0,0.6,0.2,0.0,0.0,0.2,0.8,0.0,0.8,0.2,2.8,4.0,0.96,0.2,0.0
TR533*0100*2000*02_A4,26.0,12,1.0,0.16666666666666666,0.5,0.0,0.16666666666666666,0.16666666666666666,0.0,0.6666666666666666,0.16666666666666666,0.16666666666666666,0.3333333333333333,0.3333333333333333,2.6666666666666665,0.5,1.888888888888889,0.08333333333333333,0.08333333333333333
TR538*0100*2000*02_A1,23.0,8,1.0,0.375,0.125,0.25,0.25,0.0,0.0,0.5,0.5,0.0,0.5,0.25,2.375,1.0,1.484375,0.25,0.0
TR538*0100*2000*02_A2,23.0,10,1.0,0.1,0.4,0.4,0.1,0.0,0.0,0.5,0.5,0.0,0.5,0.1,2.5,1.0,0.65,0.0,0.0
TR543*0100*2000*02_A1,35.0,11,1.0,0.5454545454545454,0.18181818181818182,0.18181818181818182,0.0,0.0,0.09090909090909091,0.7272727272727273,0.18181818181818182,0.09090909090909091,0.2727272727272727,0.09090909090909091,2.0,0.375,2.1818181818181817,0.09090909090909091,0.0
TR543*0100*2000*02_A4,35.0,9,0.8888888888888888,0.0,0.75,0.125,0.0,0.125,0.0,0.75,0.125,0.125,0.25,0.125,2.5,0.3333333333333333,1.0,0.0,0.6666666666666666
TR553*0100*2000*02_A4,29.0,7,1.0,0.0,0.5714285714285714,0.14285714285714285,0.0,0.0,0.2857142857142857,0.5714285714285714,0.14285714285714285,0.2857142857142857,0.42857142857142855,0.2857142857142857,3.2857142857142856,0.75,3.0612244897959187,0.14285714285714285,0.2857142857142857
TR554*0100*2000*02_A1,27.0,6,1.0,0.3333333333333333,0.16666666666666666,0.3333333333333333,0.16666666666666666,0.0,0.0,0.5,0.5,0.0,0.5,0.16666666666666666,2.3333333333333335,1.0,1.2222222222222223,0.0,0.3333333333333333
TR554*0100*2000*02_A2,27.0,12,0.9166666666666666,0.18181818181818182,0.18181818181818182,0.0,0.36363636363636365,0.2727272727272727,0.0,0.36363636363636365,0.36363636363636365,0.2727272727272727,0.6363636363636364,0.6363636363636364,3.3636363636363638,1.75,2.2314049586776865,0.08333333333333333,0.25
TR42*0100*2000*02_A1,25.0,6,1.0,0.3333333333333333,0.0,0.6666666666666666,0.0,0.0,0.0,0.3333333333333333,0.6666666666666666,0.0,0.6666666666666666,0.0,2.3333333333333335,2.0,0.888888888888889,0.16666666666666666,0.0
TR42*0100*2000*02_A4,25.0,9,1.0,0.1111111111111111,0.4444444444444444,0.3333333333333333,0.0,0.0,0.1111111111111111,0.5555555555555556,0.3333333333333333,0.1111111111111111,0.4444444444444444,0.1111111111111111,2.6666666666666665,0.8,1.7777777777777777,0.2222222222222222,0.4444444444444444
TR50*0100*2000*02_A1,19.0,7,1.0,0.0,0.14285714285714285,0.2857142857142857,0.14285714285714285,0.2857142857142857,0.14285714285714285,0.14285714285714285,0.42857142857142855,0.42857142857142855,0.8571428571428571,0.5714285714285714,4.0,6.0,1.7142857142857142,0.42857142857142855,0.14285714285714285
TR50*0100*2000*02_A3,19.0,9,1.0,0.1111111111111111,0.2222222222222222,0.2222222222222222,0.4444444444444444,0.0,0.0,0.3333333333333333,0.6666666666666666,0.0,0.6666666666666666,0.4444444444444444,3.0,2.0,1.1111111111111112,0.0,0.3333333333333333
TR54*0100*2000*02_A1,31.0,9,1.0,0.5555555555555556,0.1111111111111111,0.3333333333333333,0.0,0.0,0.0,0.6666666666666666,0.3333333333333333,0.0,0.3333333333333333,0.0,1.7777777777777777,0.5,0.8395061728395061,0.1111111111111111,0.0
TR54*0100*2000*02_A4,31.0,9,1.0,0.1111111111111111,0.3333333333333333,0.2222222222222222,0.3333333333333333,0.0,0.0,0.4444444444444444,0.5555555555555556,0.0,0.5555555555555556,0.3333333333333333,2.7777777777777777,1.25,1.0617283950617287,0.2222222222222222,0.2222222222222222
TR587*0100*2000*02_A1,24.0,3,1.0,0.0,0.0,0.6666666666666666,0.0,0.0,0.3333333333333333,0.0,0.6666666666666666,0.3333333333333333,1.0,0.3333333333333333,4.0,nan,2.0,0.3333333333333333,0.0
TR587*0100*2000*02_A4,24.0,14,1.0,0.14285714285714285,0.35714285714285715,0.2857142857142857,0.07142857142857142,0.0,0.14285714285714285,0.5,0.35714285714285715,0.14285714285714285,0.5,0.21428571428571427,2.857142857142857,1.0,2.2653061224489797,0.21428571428571427,0.21428571428571427
TR591*0100*2000*02_A1,18.0,8,1.0,0.375,0.25,0.25,0.0,0.0,0.125,0.625,0.25,0.125,0.375,0.125,2.375,0.6,2.484375,0.125,0.125
TR591*0100*2000*02_A3,18.0,12,0.9166666666666666,0.09090909090909091,0.0,0.7272727272727273,0.09090909090909091,0.09090909090909091,0.0,0.09090909090909091,0.8181818181818182,0.09090909090909091,0.9090909090909091,0.18181818181818182,3.090909090909091,10.0,0.8099173553719008,0.08333333333333333,0.25
TR602*0100*2000*02_A1,25.0,7,1.0,0.2857142857142857,0.14285714285714285,0.42857142857142855,0.0,0.0,0.14285714285714285,0.42857142857142855,0.42857142857142855,0.14285714285714285,0.5714285714285714,0.14285714285714285,2.7142857142857144,1.3333333333333333,2.489795918367347,0.0,0.14285714285714285
TR602*0100*2000*02_A2,25.0,10,1.0,0.3,0.4,0.3,0.0,0.0,0.0,0.7,0.3,0.0,0.3,0.0,2.0,0.42857142857142855,0.6,0.0,0.3
TR606*0100*2000*02_A1,38.0,13,1.0,0.38461538461538464,0.07692307692307693,0.3076923076923077,0.07692307692307693,0.0,0.15384615384615385,0.46153846153846156,0.38461538461538464,0.15384615384615385,0.5384615384615384,0.23076923076923078,2.6923076923076925,1.1666666666666667,2.982248520710059,0.07692307692307693,0.0
TR606*0100*2000*02_A4,38.0,8,0.875,0.14285714285714285,0.5714285714285714,0.14285714285714285,0.14285714285714285,0.0,0.0,0.7142857142857143,0.2857142857142857,0.0,0.2857142857142857,0.14285714285714285,2.2857142857142856,0.4,0.7755102040816327,0.0,0.5
TR617*0100*2000*02_A1,25.0,6,1.0,0.6666666666666666,0.0,0.16666666666666666,0.0,0.0,0.16666666666666666,0.6666666666666666,0.16666666666666666,0.16666666666666666,0.3333333333333333,0.16666666666666666,2.1666666666666665,0.5,3.472222222222222,0.3333333333333333,0.3333333333333333
TR617*0100*2000*02_A3,25.0,13,1.0,0.3076923076923077,0.0,0.5384615384615384,0.07692307692307693,0.07692307692307693,0.0,0.3076923076923077,0.6153846153846154,0.07692307692307693,0.6923076923076923,0.15384615384615385,2.6153846153846154,2.25,1.467455621301775,0.07692307692307693,0.15384615384615385
TR624*0100*2000*02_A1,32.0,3,1.0,0.6666666666666666,0.0,0.3333333333333333,0.0,0.0,0.0,0.6666666666666666,0.3333333333333333,0.0,0.3333333333333333,0.0,1.6666666666666667,0.5,0.888888888888889,0.0,0.0
TR624*0100*2000*02_A3,32.0,6,1.0,0.0,0.16666666666666666,0.5,0.16666666666666666,0.16666666666666666,0.0,0.16666666666666666,0.6666666666666666,0.16666666666666666,0.8333333333333334,0.3333333333333333,3.3333333333333335,5.0,0.888888888888889,0.0,0.3333333333333333
TR634*0100*2000*02_A1,33.0,9,1.0,0.2222222222222222,0.0,0.3333333333333333,0.3333333333333333,0.0,0.1111111111111111,0.2222222222222222,0.6666666666666666,0.1111111111111111,0.7777777777777778,0.4444444444444444,3.2222222222222223,3.5,2.17283950617284,0.1111111111111111,0.0
TR634*0100*2000*02_A4,33.0,8,1.0,0.125,0.375,0.25,0.25,0.0,0.0,0.5,0.5,0.0,0.5,0.25,2.625,1.0,0.984375,0.0,0.25
TR638*0100*2000*02_A1,17.0,8,1.0,0.25,0.375,0.125,0.25,0.0,0.0,0.625,0.375,0.0,0.375,0.25,2.375,0.6,1.234375,0.0,0.0
TR638*0100*2000*02_A4,17.0,15,0.9333333333333333,0.07142857142857142,0.2857142857142857,0.35714285714285715,0.0,0.14285714285714285,0.14285714285714285,0.35714285714285715,0.35714285714285715,0.2857142857142857,0.6428571428571429,0.2857142857142857,3.2857142857142856,1.8,2.346938775510204,0.2,0.13333333333333333
TR639*0100*2000*02_A1,21.0,7,1.0,0.2857142857142857,0.2857142857142857,0.2857142857142857,0.14285714285714285,0.0,0.0,0.5714285714285714,0.42857142857142855,0.0,0.42857142857142855,0.14285714285714285,2.2857142857142856,0.75,1.0612244897959184,0.0,0.14285714285714285
TR639*0100*2000*02_A2,21.0,8,0.875,0.0,0.5714285714285714,0.42857142857142855,0.0,0.0,0.0,0.5714285714285714,0.42857142857142855,0.0,0.42857142857142855,0.0,2.4285714285714284,0.75,0.24489795918367344,0.0,0.125
TR682*0100*2000*02_A1,33.0,9,1.0,0.2222222222222222,0.1111111111111111,0.3333333333333333,0.1111111111111111,0.1111111111111111,0.1111111111111111,0.3333333333333333,0.4444444444444444,0.2222222222222222,0.6666666666666666,0.3333333333333333,3.111111111111111,2.0,2.5432098765432096,0.1111111111111111,0.1111111111111111
TR682*0100*2000*02_A2,33.0,8,1.0,0.25,0.125,0.125,0.5,0.0,0.0,0.375,0.625,0.0,0.625,0.5,2.875,1.6666666666666667,1.609375,0.0,0.0
TR93*0100*2000*02_A1,23.0,10,1.0,0.5,0.2,0.1,0.1,0.1,0.0,0.7,0.2,0.1,0.3,0.2,2.1,0.42857142857142855,1.8900000000000001,0.1,0.0
TR93*0100*2000*02_A4,23.0,10,1.0,0.2,0.2,0.4,0.1,0.0,0.1,0.4,0.5,0.1,0.6,0.2,2.8,1.5,1.9600000000000002,0.2,0.3
TR70*0100*2000*02_A1,32.0,7,1.0,0.0,0.0,0.5714285714285714,0.2857142857142857,0.0,0.14285714285714285,0.0,0.8571428571428571,0.14285714285714285,1.0,0.42857142857142855,3.7142857142857144,nan,1.0612244897959184,0.2857142857142857,0.0
TR70*0100*2000*02_A3,32.0,14,1.0,0.14285714285714285,0.0,0.42857142857142855,0.2857142857142857,0.07142857142857142,0.07142857142857142,0.14285714285714285,0.7142857142857143,0.14285714285714285,0.8571428571428571,0.42857142857142855,3.357142857142857,6.0,1.6581632653061222,0.14285714285714285,0.2857142857142857
TR94*0100*2000*02_A1,30.0,6,1.0,0.6666666666666666,0.16666666666666666,0.0,0.0,0.0,0.16666666666666666,0.8333333333333334,0.0,0.16666666666666666,0.16666666666666666,0.16666666666666666,2.0,0.2,3.3333333333333335,0.16666666666666666,0.16666666666666666
TR94*0100*2000*02_A2,30.0,12,1.0,0.25,0.4166666666666667,0.16666666666666666,0.08333333333333333,0.08333333333333333,0.0,0.6666666666666666,0.25,0.08333333333333333,0.3333333333333333,0.16666666666666666,2.3333333333333335,0.5,1.388888888888889,0.25,0.25
TR704*0100*2000*02_A1,29.0,10,1.0,0.4,0.2,0.2,0.1,0.0,0.1,0.6,0.3,0.1,0.4,0.2,2.4,0.6666666666666666,2.44,0.2,0.2
TR704*0100*2000*02_A4,29.0,8,1.0,0.0,0.125,0.5,0.125,0.125,0.125,0.125,0.625,0.25,0.875,0.375,3.625,7.0,1.484375,0.0,0.125
TR708*0100*2000*02_A1,30.0,11,1.0,0.2727272727272727,0.09090909090909091,0.2727272727272727,0.2727272727272727,0.09090909090909091,0.0,0.36363636363636365,0.5454545454545454,0.09090909090909091,0.6363636363636364,0.36363636363636365,2.8181818181818183,1.75,1.7851239669421484,0.18181818181818182,0.09090909090909091
TR708*0100*2000*02_A4,30.0,15,0.9333333333333333,0.0,0.2857142857142857,0.14285714285714285,0.07142857142857142,0.2857142857142857,0.21428571428571427,0.2857142857142857,0.21428571428571427,0.5,0.7142857142857143,0.5714285714285714,4.0,2.5,2.4285714285714284,0.3333333333333333,0.26666666666666666
TR730*0100*2000*02_A1,29.0,4,0.75,0.6666666666666666,0.0,0.0,0.0,0.0,0.3333333333333333,0.6666666666666666,0.0,0.3333333333333333,0.3333333333333333,0.3333333333333333,2.6666666666666665,0.5,5.555555555555556,0.0,0.5
TR730*0100*2000*02_A3,29.0,14,0.8571428571428571,0.25,0.16666666666666666,0.4166666666666667,0.0,0.0,0.16666666666666666,0.4166666666666667,0.4166666666666667,0.16666666666666666,0.5833333333333334,0.16666666666666666,2.8333333333333335,1.4,2.638888888888889,0.07142857142857142,0.42857142857142855
TR745*0100*2000*02_A1,17.0,4,1.0,0.0,0.25,0.25,0.0,0.0,0.5,0.25,0.25,0.5,0.75,0.5,4.25,3.0,3.1875,0.0,0.0
TR745*0100*2000*02_A3,17.0,4,1.0,0.0,0.0,0.5,0.25,0.25,0.0,0.0,0.75,0.25,1.0,0.5,3.75,nan,0.6875,0.0,0.25
TR752*0100*2000*02_A1,32.0,16,0.9375,0.13333333333333333,0.26666666666666666,0.13333333333333333,0.26666666666666666,0.0,0.2,0.4,0.4,0.2,0.6,0.4666666666666667,3.3333333333333335,1.5,2.755555555555556,0.0625,0.1875
TR752*0100*2000*02_A2,32.0,21,1.0,0.0,0.2857142857142857,0.3333333333333333,0.3333333333333333,0.047619047619047616,0.0,0.2857142857142857,0.6666666666666666,0.047619047619047616,0.7142857142857143,0.38095238095238093,3.142857142857143,2.5,0.7891156462585035,0.0,0.047619047619047616
TR792*0100*2000*02_A1,26.0,9,1.0,0.3333333333333333,0.1111111111111111,0.2222222222222222,0.1111111111111111,0.1111111111111111,0.1111111111111111,0.4444444444444444,0.3333333333333333,0.2222222222222222,0.5555555555555556,0.3333333333333333,2.888888888888889,1.25,2.9876543209876543,0.1111111111111111,0.0
TR792*0100*2000*02_A3,26.0,10,1.0,0.3,0.1,0.4,0.1,0.1,0.0,0.4,0.5,0.1,0.6,0.2,2.6,1.5,1.6400000000000001,0.2,0.3
TR831*0100*2000*02_A1,25.0,5,0.8,0.25,0.0,0.5,0.0,0.0,0.25,0.25,0.5,0.25,0.75,0.25,3.25,3.0,3.1875,0.2,0.2
TR831*0100*2000*02_A3,25.0,10,1.0,0.0,0.4,0.2,0.3,0.1,0.0,0.4,0.5,0.1,0.6,0.4,3.1,1.5,1.0900000000000003,0.1,0.0
TR839*0100*2000*02_A1,29.0,9,0.8888888888888888,0.25,0.25,0.25,0.25,0.0,0.0,0.5,0.5,0.0,0.5,0.25,2.5,1.0,1.25,0.1111111111111111,0.2222222222222222
TR839*0100*2000*02_A3,29.0,13,1.0,0.23076923076923078,0.07692307692307693,0.38461538461538464,0.15384615384615385,0.07692307692307693,0.07692307692307693,0.3076923076923077,0.5384615384615384,0.15384615384615385,0.6923076923076923,0.3076923076923077,3.0,2.25,2.1538461538461537,0.15384615384615385,0.3076923076923077
TR847*0100*2000*02_A1,26.0,3,1.0,0.0,0.3333333333333333,0.6666666666666666,0.0,0.0,0.0,0.3333333333333333,0.6666666666666666,0.0,0.6666666666666666,0.0,2.6666666666666665,2.0,0.22222222222222224,0.0,0.3333333333333333
TR847*0100*2000*02_A2,26.0,6,1.0,0.16666666666666666,0.16666666666666666,0.3333333333333333,0.3333333333333333,0.0,0.0,0.3333333333333333,0.6666666666666666,0.0,0.6666666666666666,0.3333333333333333,2.8333333333333335,2.0,1.1388888888888888,0.0,0.0
TR855*0100*2000*02_A1,26.0,5,1.0,0.2,0.2,0.4,0.2,0.0,0.0,0.4,0.6,0.0,0.6,0.2,2.6,1.5,1.0400000000000003,0.2,0.0
TR855*0100*2000*02_A4,26.0,13,0.6153846153846154,0.25,0.5,0.125,0.0,0.0,0.125,0.75,0.125,0.125,0.25,0.125,2.375,0.3333333333333333,2.234375,0.3076923076923077,0.5384615384615384
TR860*0100*2000*02_A1,33.0,6,0.8333333333333334,0.2,0.2,0.6,0.0,0.0,0.0,0.4,0.6,0.0,0.6,0.0,2.4,1.5,0.64,0.16666666666666666,0.3333333333333333
TR860*0100*2000*02_A2,33.0,7,1.0,0.2857142857142857,0.2857142857142857,0.42857142857142855,0.0,0.0,0.0,0.5714285714285714,0.42857142857142855,0.0,0.42857142857142855,0.0,2.142857142857143,0.75,0.6938775510204082,0.0,0.14285714285714285
TR865*0100*2000*02_A1,33.0,9,1.0,0.3333333333333333,0.1111111111111111,0.3333333333333333,0.2222222222222222,0.0,0.0,0.4444444444444444,0.5555555555555556,0.0,0.5555555555555556,0.2222222222222222,2.4444444444444446,1.25,1.3580246913580245,0.1111111111111111,0.1111111111111111
TR865*0100*2000*02_A2,33.0,16,1.0,0.1875,0.5625,0.1875,0.0625,0.0,0.0,0.75,0.25,0.0,0.25,0.0625,2.125,0.3333333333333333,0.609375,0.0,0.1875
TR866*0100*2000*02_A1,23.0,8,1.0,0.25,0.25,0.125,0.25,0.0,0.125,0.5,0.375,0.125,0.5,0.375,2.875,1.0,2.609375,0.25,0.0
TR866*0100*2000*02_A2,23.0,14,1.0,0.0,0.2857142857142857,0.42857142857142855,0.07142857142857142,0.14285714285714285,0.07142857142857142,0.2857142857142857,0.5,0.21428571428571427,0.7142857142857143,0.2857142857142857,3.2857142857142856,2.5,1.489795918367347,0.0,0.07142857142857142
TR872*0100*2000*02_A1,30.0,8,1.0,0.375,0.125,0.375,0.0,0.0,0.125,0.5,0.375,0.125,0.5,0.125,2.5,1.0,2.5,0.125,0.0
TR872*0100*2000*02_A4,30.0,8,1.0,0.0,0.375,0.375,0.125,0.125,0.0,0.375,0.5,0.125,0.625,0.25,3.0,1.6666666666666667,1.0,0.375,0.25
TR875*0100*2000*02_A1,39.0,12,1.0,0.16666666666666666,0.08333333333333333,0.3333333333333333,0.25,0.0,0.16666666666666666,0.25,0.5833333333333334,0.16666666666666666,0.75,0.4166666666666667,3.3333333333333335,3.0,2.388888888888889,0.08333333333333333,0.0
TR875*0100*2000*02_A4,39.0,11,1.0,0.0,0.45454545454545453,0.36363636363636365,0.18181818181818182,0.0,0.0,0.45454545454545453,0.5454545454545454,0.0,0.5454545454545454,0.18181818181818182,2.727272727272727,1.2,0.5619834710743803,0.09090909090909091,0.2727272727272727
TR891*0100*2000*02_A1,38.0,9,1.0,0.0,0.1111111111111111,0.6666666666666666,0.1111111111111111,0.1111111111111111,0.0,0.1111111111111111,0.7777777777777778,0.1111111111111111,0.8888888888888888,0.2222222222222222,3.2222222222222223,8.0,0.6172839506172839,0.1111111111111111,0.2222222222222222
TR891*0100*2000*02_A2,38.0,19,1.0,0.0,0.42105263157894735,0.15789473684210525,0.2631578947368421,0.15789473684210525,0.0,0.42105263157894735,0.42105263157894735,0.15789473684210525,0.5789473684210527,0.42105263157894735,3.1578947368421053,1.375,1.2908587257617727,0.10526315789473684,0.15789473684210525
TR97*0100*2000*02_A1,31.0,8,0.875,0.2857142857142857,0.0,0.14285714285714285,0.14285714285714285,0.14285714285714285,0.2857142857142857,0.2857142857142857,0.2857142857142857,0.42857142857142855,0.7142857142857143,0.5714285714285714,3.7142857142857144,2.5,3.918367346938776,0.125,0.125
TR97*0100*2000*02_A2,31.0,16,1.0,0.25,0.3125,0.1875,0.1875,0.0,0.0625,0.5625,0.375,0.0625,0.4375,0.25,2.5625,0.7777777777777778,1.87109375,0.0,0.0
TR102*0100*2000*02_A1,28.0,9,1.0,0.3333333333333333,0.2222222222222222,0.3333333333333333,0.1111111111111111,0.0,0.0,0.5555555555555556,0.4444444444444444,0.0,0.4444444444444444,0.1111111111111111,2.2222222222222223,0.8,1.0617283950617284,0.1111111111111111,0.1111111111111111
TR102*0100*2000*02_A2,28.0,14,1.0,0.07142857142857142,0.42857142857142855,0.42857142857142855,0.07142857142857142,0.0,0.0,0.5,0.5,0.0,0.5,0.07142857142857142,2.5,1.0,0.5357142857142857,0.07142857142857142,0.14285714285714285
TR905*0100*2000*02_A1,27.0,9,1.0,0.3333333333333333,0.2222222222222222,0.1111111111111111,0.2222222222222222,0.0,0.1111111111111111,0.5555555555555556,0.3333333333333333,0.1111111111111111,0.4444444444444444,0.3333333333333333,2.6666666666666665,0.8,2.6666666666666665,0.0,0.0
TR905*0100*2000*02_A2,27.0,12,0.8333333333333334,0.1,0.3,0.2,0.3,0.0,0.1,0.4,0.5,0.1,0.6,0.4,3.1,1.5,1.8900000000000006,0.0,0.25
TR910*0100*2000*02_A1,21.0,11,1.0,0.45454545454545453,0.09090909090909091,0.36363636363636365,0.09090909090909091,0.0,0.0,0.5454545454545454,0.45454545454545453,0.0,0.45454545454545453,0.09090909090909091,2.090909090909091,0.8333333333333334,1.1735537190082643,0.18181818181818182,0.09090909090909091
TR910*0100*2000*02_A2,21.0,19,1.0,0.47368421052631576,0.15789473684210525,0.21052631578947367,0.15789473684210525,0.0,0.0,0.631578947368421,0.3684210526315789,0.0,0.3684210526315789,0.15789473684210525,2.0526315789473686,0.5833333333333334,1.3130193905817173,0.0,0.0
TR913*0100*2000*02_A1,31.0,4,1.0,0.0,0.25,0.0,0.75,0.0,0.0,0.25,0.75,0.0,0.75,0.75,3.5,3.0,0.75,0.25,0.0
TR913*0100*2000*02_A2,31.0,13,1.0,0.0,0.46153846153846156,0.23076923076923078,0.23076923076923078,0.07692307692307693,0.0,0.46153846153846156,0.46153846153846156,0.07692307692307693,0.5384615384615384,0.3076923076923077,2.923076923076923,1.1666666666666667,0.9940828402366861,0.0,0.15384615384615385
TR914*0100*2000*02_A1,26.0,12,1.0,0.3333333333333333,0.25,0.25,0.08333333333333333,0.0,0.08333333333333333,0.5833333333333334,0.3333333333333333,0.08333333333333333,0.4166666666666667,0.16666666666666666,2.4166666666666665,0.7142857142857143,2.076388888888889,0.08333333333333333,0.08333333333333333
TR914*0100*2000*02_A3,26.0,8,1.0,0.125,0.0,0.375,0.125,0.25,0.125,0.125,0.5,0.375,0.875,0.5,3.75,7.0,2.1875,0.125,0.25
TR923*0100*2000*02_A1,35.0,7,1.0,0.14285714285714285,0.14285714285714285,0.42857142857142855,0.0,0.0,0.2857142857142857,0.2857142857142857,0.42857142857142855,0.2857142857142857,0.7142857142857143,0.2857142857142857,3.4285714285714284,2.5,3.102040816326531,0.0,0.14285714285714285
TR923*0100*2000*02_A4,35.0,7,1.0,0.0,0.14285714285714285,0.2857142857142857,0.5714285714285714,0.0,0.0,0.14285714285714285,0.8571428571428571,0.0,0.8571428571428571,0.5714285714285714,3.4285714285714284,6.0,0.5306122448979593,0.0,0.14285714285714285
TR924*0100*2000*02_A1,37.0,4,1.0,0.5,0.25,0.0,0.25,0.0,0.0,0.75,0.25,0.0,0.25,0.25,2.0,0.3333333333333333,1.5,0.0,0.25
TR924*0100*2000*02_A5b,37.0,6,1.0,0.5,0.16666666666666666,0.3333333333333333,0.0,0.0,0.0,0.6666666666666666,0.3333333333333333,0.0,0.3333333333333333,0.0,1.8333333333333333,0.5,0.8055555555555557,0.0,0.16666666666666666
TR925*0100*2000*02_A1,35.0,6,1.0,0.0,0.0,0.6666666666666666,0.0,0.0,0.3333333333333333,0.0,0.6666666666666666,0.3333333333333333,1.0,0.3333333333333333,4.0,nan,2.0,0.16666666666666666,0.0
TR925*0100*2000*02_A3,35.0,16,1.0,0.125,0.1875,0.25,0.125,0.3125,0.0,0.3125,0.375,0.3125,0.6875,0.4375,3.3125,2.2,1.96484375,0.0625,0.125
TR948*0100*2000*02_A1,29.0,10,1.0,0.6,0.2,0.0,0.2,0.0,0.0,0.8,0.2,0.0,0.2,0.2,1.8,0.25,1.36,0.1,0.2
TR948*0100*2000*02_A2,29.0,12,0.9166666666666666,0.2727272727272727,0.18181818181818182,0.0,0.45454545454545453,0.0,0.09090909090909091,0.45454545454545453,0.45454545454545453,0.09090909090909091,0.5454545454545454,0.5454545454545454,3.0,1.2,2.5454545454545454,0.0,0.16666666666666666
TR962*0100*2000*02_A1,23.0,6,1.0,0.16666666666666666,0.16666666666666666,0.5,0.16666666666666666,0.0,0.0,0.3333333333333333,0.6666666666666666,0.0,0.6666666666666666,0.16666666666666666,2.6666666666666665,2.0,0.8888888888888888,0.16666666666666666,0.0
TR962*0100*2000*02_A3,23.0,6,1.0,0.16666666666666666,0.16666666666666666,0.16666666666666666,0.5,0.0,0.0,0.3333333333333333,0.6666666666666666,0.0,0.6666666666666666,0.5,3.0,2.0,1.3333333333333333,0.0,0.16666666666666666
TR964*0100*2000*02_A1,11.0,6,1.0,0.16666666666666666,0.6666666666666666,0.0,0.16666666666666666,0.0,0.0,0.8333333333333334,0.16666666666666666,0.0,0.16666666666666666,0.16666666666666666,2.1666666666666665,0.2,0.8055555555555555,0.0,0.16666666666666666
TR964*0100*2000*02_A5a,11.0,6,1.0,0.16666666666666666,0.16666666666666666,0.16666666666666666,0.16666666666666666,0.16666666666666666,0.16666666666666666,0.3333333333333333,0.3333333333333333,0.3333333333333333,0.6666666666666666,0.5,3.5,2.0,2.9166666666666665,0.16666666666666666,0.0
TR974*0100*2000*02_A1,25.0,8,1.0,0.625,0.125,0.125,0.125,0.0,0.0,0.75,0.25,0.0,0.25,0.125,1.75,0.3333333333333333,1.1875,0.0,0.125
TR974*0100*2000*02_A3,25.0,18,1.0,0.0,0.2222222222222222,0.5555555555555556,0.1111111111111111,0.05555555555555555,0.05555555555555555,0.2222222222222222,0.6666666666666666,0.1111111111111111,0.7777777777777778,0.2222222222222222,3.1666666666666665,3.5,1.0277777777777777,0.05555555555555555,0.3888888888888889
TR770*0100*2000*02_A1,30.0,6,1.0,0.6666666666666666,0.0,0.3333333333333333,0.0,0.0,0.0,0.6666666666666666,0.3333333333333333,0.0,0.3333333333333333,0.0,1.6666666666666667,0.5,0.888888888888889,0.16666666666666666,0.0
TR770*0100*2000*02_A2,30.0,13,1.0,0.07692307692307693,0.38461538461538464,0.3076923076923077,0.15384615384615385,0.07692307692307693,0.0,0.46153846153846156,0.46153846153846156,0.07692307692307693,0.5384615384615384,0.23076923076923078,2.769230769230769,1.1666666666666667,1.1005917159763314,0.15384615384615385,0.07692307692307693
TR1018*0100*2000*02_A1,40.0,6,1.0,0.3333333333333333,0.3333333333333333,0.16666666666666666,0.16666666666666666,0.0,0.0,0.6666666666666666,0.3333333333333333,0.0,0.3333333333333333,0.16666666666666666,2.1666666666666665,0.5,1.1388888888888888,0.0,0.16666666666666666
TR1018*0100*2000*02_A2,40.0,16,1.0,0.125,0.25,0.1875,0.3125,0.0625,0.0625,0.375,0.5,0.125,0.625,0.4375,3.125,1.6666666666666667,1.859375,0.0625,0.125
TR1028*0100*2000*02_A1,33.0,7,1.0,0.14285714285714285,0.42857142857142855,0.42857142857142855,0.0,0.0,0.0,0.5714285714285714,0.42857142857142855,0.0,0.42857142857142855,0.0,2.2857142857142856,0.75,0.489795918367347,0.0,0.0
TR1028*0100*2000*02_A3,33.0,8,1.0,0.125,0.0,0.25,0.0,0.375,0.25,0.125,0.25,0.625,0.875,0.625,4.25,7.0,2.6875,0.0,0.0
TR1030*0100*2000*02_A1,24.0,7,0.8571428571428571,0.5,0.0,0.3333333333333333,0.0,0.16666666666666666,0.0,0.5,0.3333333333333333,0.16666666666666666,0.5,0.16666666666666666,2.3333333333333335,1.0,2.2222222222222223,0.14285714285714285,0.14285714285714285
TR1030*0100*2000*02_A4,24.0,10,1.0,0.3,0.3,0.2,0.2,0.0,0.0,0.6,0.4,0.0,0.4,0.2,2.3,0.6666666666666666,1.21,0.0,0.2
TR1034*0100*2000*02_A1,30.0,7,0.8571428571428571,0.5,0.3333333333333333,0.0,0.0,0.0,0.16666666666666666,0.8333333333333334,0.0,0.16666666666666666,0.16666666666666666,0.16666666666666666,2.1666666666666665,0.2,3.1388888888888893,0.14285714285714285,0.14285714285714285
TR1034*0100*2000*02_A4,30.0,8,1.0,0.25,0.125,0.25,0.25,0.125,0.0,0.375,0.5,0.125,0.625,0.375,2.875,1.6666666666666667,1.859375,0.0,0.375
TR1035*0100*2000*02_A1,35.0,9,1.0,0.5555555555555556,0.0,0.4444444444444444,0.0,0.0,0.0,0.5555555555555556,0.4444444444444444,0.0,0.4444444444444444,0.0,1.8888888888888888,0.8,0.9876543209876544,0.1111111111111111,0.0
TR1035*0100*2000*02_A2,35.0,16,1.0,0.3125,0.25,0.25,0.125,0.0,0.0625,0.5625,0.375,0.0625,0.4375,0.1875,2.4375,0.7777777777777778,1.87109375,0.0,0.1875
TR121*0100*2000*02_A1,34.0,11,1.0,0.45454545454545453,0.09090909090909091,0.36363636363636365,0.0,0.0,0.09090909090909091,0.5454545454545454,0.36363636363636365,0.09090909090909091,0.45454545454545453,0.09090909090909091,2.272727272727273,0.8333333333333334,2.1983471074380163,0.18181818181818182,0.0
TR121*0100*2000*02_A2,34.0,13,1.0,0.07692307692307693,0.23076923076923078,0.5384615384615384,0.15384615384615385,0.0,0.0,0.3076923076923077,0.6923076923076923,0.0,0.6923076923076923,0.15384615384615385,2.769230769230769,2.25,0.6390532544378699,0.0,0.07692307692307693
TR127*0100*2000*02_A1,22.0,6,1.0,0.3333333333333333,0.0,0.3333333333333333,0.3333333333333333,0.0,0.0,0.3333333333333333,0.6666666666666666,0.0,0.6666666666666666,0.3333333333333333,2.6666666666666665,2.0,1.5555555555555554,0.0,0.16666666666666666
TR127*0100*2000*02_A4,22.0,7,1.0,0.14285714285714285,0.14285714285714285,0.2857142857142857,0.14285714285714285,0.0,0.2857142857142857,0.2857142857142857,0.42857142857142855,0.2857142857142857,0.7142857142857143,0.42857142857142855,3.5714285714285716,2.5,3.102040816326531,0.2857142857142857,0.14285714285714285
TR1046*0100*2000*02_A1,33.0,6,1.0,0.16666666666666666,0.3333333333333333,0.3333333333333333,0.16666666666666666,0.0,0.0,0.5,0.5,0.0,0.5,0.16666666666666666,2.5,1.0,0.9166666666666666,0.16666666666666666,0.16666666666666666
TR1046*0100*2000*02_A2,33.0,15,1.0,0.13333333333333333,0.4666666666666667,0.2,0.2,0.0,0.0,0.6,0.4,0.0,0.4,0.2,2.466666666666667,0.6666666666666666,0.9155555555555556,0.0,0.06666666666666667
TR1047*0100*2000*02_A1,28.0,6,1.0,0.0,0.16666666666666666,0.6666666666666666,0.16666666666666666,0.0,0.0,0.16666666666666666,0.8333333333333334,0.0,0.8333333333333334,0.16666666666666666,3.0,5.0,0.3333333333333333,0.0,0.16666666666666666
TR1047*0100*2000*02_A2,28.0,8,1.0,0.0,0.125,0.5,0.25,0.0,0.125,0.125,0.75,0.125,0.875,0.375,3.5,7.0,1.25,0.0,0.0
TR1054*0100*2000*02_A1,25.0,2,1.0,1.0,0.0,0.0,0.0,0.0,0.0,1.0,0.0,0.0,0.0,0.0,1.0,0.0,0.0,0.0,0.5
TR1054*0100*2000*02_A2,25.0,6,1.0,0.16666666666666666,0.16666666666666666,0.3333333333333333,0.16666666666666666,0.16666666666666666,0.0,0.3333333333333333,0.5,0.16666666666666666,0.6666666666666666,0.3333333333333333,3.0,2.0,1.6666666666666667,0.16666666666666666,0.0
TR1058*0100*2000*02_A1,22.0,3,1.0,0.6666666666666666,0.0,0.0,0.0,0.0,0.3333333333333333,0.6666666666666666,0.0,0.3333333333333333,0.3333333333333333,0.3333333333333333,2.6666666666666665,0.5,5.555555555555556,0.0,0.0
TR1058*0100*2000*02_A4,22.0,5,1.0,0.0,0.6,0.2,0.0,0.0,0.2,0.6,0.2,0.2,0.4,0.2,3.0,0.6666666666666666,2.4,0.2,0.6
TR1061*0100*2000*02_A1,35.0,6,1.0,0.5,0.0,0.5,0.0,0.0,0.0,0.5,0.5,0.0,0.5,0.0,2.0,1.0,1.0,0.16666666666666666,0.0
TR1061*0100*2000*02_A2,35.0,20,0.95,0.10526315789473684,0.3157894736842105,0.3157894736842105,0.21052631578947367,0.0,0.05263157894736842,0.42105263157894735,0.5263157894736842,0.05263157894736842,0.5789473684210527,0.2631578947368421,2.8421052631578947,1.375,1.3961218836565097,0.05,0.3
TR1072*0100*2000*02_A1,24.0,8,1.0,0.25,0.125,0.375,0.25,0.0,0.0,0.375,0.625,0.0,0.625,0.25,2.625,1.6666666666666667,1.234375,0.0,0.125
TR1072*0100*2000*02_A4,24.0,6,1.0,0.3333333333333333,0.3333333333333333,0.16666666666666666,0.16666666666666666,0.0,0.0,0.6666666666666666,0.3333333333333333,0.0,0.3333333333333333,0.16666666666666666,2.1666666666666665,0.5,1.1388888888888888,0.16666666666666666,0.6666666666666666
TR1076*0100*2000*02_A1,34.0,6,1.0,0.16666666666666666,0.3333333333333333,0.3333333333333333,0.0,0.0,0.16666666666666666,0.5,0.3333333333333333,0.16666666666666666,0.5,0.16666666666666666,2.8333333333333335,1.0,2.4722222222222223,0.16666666666666666,0.0
TR1076*0100*2000*02_A4,34.0,7,1.0,0.0,0.5714285714285714,0.2857142857142857,0.0,0.0,0.14285714285714285,0.5714285714285714,0.2857142857142857,0.14285714285714285,0.42857142857142855,0.14285714285714285,2.857142857142857,0.75,1.836734693877551,0.14285714285714285,0.2857142857142857
TR1083*0100*2000*02_A1,37.0,15,1.0,0.3333333333333333,0.2,0.2,0.06666666666666667,0.13333333333333333,0.06666666666666667,0.5333333333333333,0.26666666666666666,0.2,0.4666666666666667,0.26666666666666666,2.6666666666666665,0.875,2.6222222222222222,0.26666666666666666,0.06666666666666667
TR1083*0100*2000*02_A2,37.0,19,1.0,0.10526315789473684,0.3684210526315789,0.3157894736842105,0.21052631578947367,0.0,0.0,0.47368421052631576,0.5263157894736842,0.0,0.5263157894736842,0.21052631578947367,2.6315789473684212,1.1111111111111112,0.8642659279778392,0.0,0.10526315789473684
TR1084*0100*2000*02_A1,28.0,7,1.0,0.5714285714285714,0.14285714285714285,0.14285714285714285,0.14285714285714285,0.0,0.0,0.7142857142857143,0.2857142857142857,0.0,0.2857142857142857,0.14285714285714285,1.8571428571428572,0.4,1.2653061224489797,0.14285714285714285,0.14285714285714285
TR1084*0100*2000*02_A4,28.0,8,0.875,0.42857142857142855,0.2857142857142857,0.2857142857142857,0.0,0.0,0.0,0.7142857142857143,0.2857142857142857,0.0,0.2857142857142857,0.0,1.8571428571428572,0.4,0.6938775510204082,0.5,0.625
TR1102*0100*2000*02_A1,24.0,9,1.0,0.3333333333333333,0.1111111111111111,0.3333333333333333,0.2222222222222222,0.0,0.0,0.4444444444444444,0.5555555555555556,0.0,0.5555555555555556,0.2222222222222222,2.4444444444444446,1.25,1.3580246913580245,0.1111111111111111,0.1111111111111111
TR1102*0100*2000*02_A2,24.0,14,1.0,0.14285714285714285,0.14285714285714285,0.21428571428571427,0.2857142857142857,0.14285714285714285,0.07142857142857142,0.2857142857142857,0.5,0.21428571428571427,0.7142857142857143,0.5,3.357142857142857,2.5,2.086734693877551,0.0,0.0
TR1107*0100*2000*02_A1,27.0,11,1.0,0.36363636363636365,0.2727272727272727,0.18181818181818182,0.09090909090909091,0.09090909090909091,0.0,0.6363636363636364,0.2727272727272727,0.09090909090909091,0.36363636363636365,0.18181818181818182,2.272727272727273,0.5714285714285714,1.652892561983471,0.18181818181818182,0.09090909090909091
TR1107*0100*2000*02_A2,27.0,8,1.0,0.125,0.125,0.25,0.5,0.0,0.0,0.25,0.75,0.0,0.75,0.5,3.125,3.0,1.109375,0.125,0.125
TR176*0100*2000*02_A1,34.0,12,1.0,0.4166666666666667,0.25,0.16666666666666666,0.16666666666666666,0.0,0.0,0.6666666666666666,0.3333333333333333,0.0,0.3333333333333333,0.16666666666666666,2.0833333333333335,0.5,1.2430555555555556,0.08333333333333333,0.16666666666666666
TR176*0100*2000*02_A2,34.0,15,0.9333333333333333,0.07142857142857142,0.07142857142857142,0.35714285714285715,0.35714285714285715,0.14285714285714285,0.0,0.14285714285714285,0.7142857142857143,0.14285714285714285,0.8571428571428571,0.5,3.4285714285714284,6.0,1.1020408163265305,0.13333333333333333,0.2
TR205*0100*2000*02_A1,27.0,6,1.0,0.3333333333333333,0.3333333333333333,0.16666666666666666,0.16666666666666666,0.0,0.0,0.6666666666666666,0.3333333333333333,0.0,0.3333333333333333,0.16666666666666666,2.1666666666666665,0.5,1.1388888888888888,0.0,0.16666666666666666
TR205*0100*2000*02_A2,27.0,15,1.0,0.13333333333333333,0.0,0.26666666666666666,0.5333333333333333,0.0,0.06666666666666667,0.13333333333333333,0.8,0.06666666666666667,0.8666666666666667,0.6,3.466666666666667,6.5,1.448888888888889,0.0,0.0
TR206*0100*2000*02_A1,31.0,9,1.0,0.5555555555555556,0.2222222222222222,0.2222222222222222,0.0,0.0,0.0,0.7777777777777778,0.2222222222222222,0.0,0.2222222222222222,0.0,1.6666666666666667,0.2857142857142857,0.6666666666666666,0.0,0.1111111111111111
TR206*0100*2000*02_A2,31.0,13,1.0,0.3076923076923077,0.38461538461538464,0.15384615384615385,0.07692307692307693,0.0,0.07692307692307693,0.6923076923076923,0.23076923076923078,0.07692307692307693,0.3076923076923077,0.15384615384615385,2.3076923076923075,0.4444444444444444,1.9053254437869827,0.15384615384615385,0.15384615384615385
TR213*0100*2000*02_A1,37.0,10,1.0,0.1,0.4,0.3,0.1,0.0,0.1,0.5,0.4,0.1,0.5,0.2,2.8,1.0,1.7600000000000002,0.2,0.1
TR213*0100*2000*02_A3,37.0,23,1.0,0.08695652173913043,0.2608695652173913,0.30434782608695654,0.21739130434782608,0.08695652173913043,0.043478260869565216,0.34782608695652173,0.5217391304347826,0.13043478260869565,0.6521739130434783,0.34782608695652173,3.0869565217391304,1.875,1.5576559546313802,0.043478260869565216,0.5217391304347826
TR221*0100*2000*02_A1,29.0,5,1.0,0.2,0.6,0.2,0.0,0.0,0.0,0.8,0.2,0.0,0.2,0.0,2.0,0.25,0.4,0.0,0.2
TR221*0100*2000*02_A2,29.0,10,1.0,0.0,0.2,0.2,0.4,0.0,0.2,0.2,0.6,0.2,0.8,0.6,3.8,4.0,1.7599999999999998,0.1,0.1
TR222*0100*2000*02_A1,31.0,8,1.0,0.625,0.0,0.375,0.0,0.0,0.0,0.625,0.375,0.0,0.375,0.0,1.75,0.6,0.9375,0.0,0.125
TR222*0100*2000*02_A2,31.0,12,1.0,0.0,0.5,0.16666666666666666,0.25,0.08333333333333333,0.0,0.5,0.4166666666666667,0.08333333333333333,0.5,0.3333333333333333,2.9166666666666665,1.0,1.0763888888888888,0.0,0.16666666666666666
TR223*0100*2000*02_A1,16.0,8,1.0,0.375,0.125,0.375,0.125,0.0,0.0,0.5,0.5,0.0,0.5,0.125,2.25,1.0,1.1875,0.0,0.0
TR223*0100*2000*02_A5.3,16.0,11,1.0,0.09090909090909091,0.18181818181818182,0.5454545454545454,0.0,0.18181818181818182,0.0,0.2727272727272727,0.5454545454545454,0.18181818181818182,0.7272727272727273,0.18181818181818182,3.0,2.6666666666666665,1.2727272727272727,0.09090909090909091,0.0
TR224*0100*2000*02_A1,24.0,8,0.875,0.2857142857142857,0.14285714285714285,0.2857142857142857,0.14285714285714285,0.14285714285714285,0.0,0.42857142857142855,0.42857142857142855,0.14285714285714285,0.5714285714285714,0.2857142857142857,2.7142857142857144,1.3333333333333333,1.9183673469387752,0.25,0.125
TR224*0100*2000*02_A5b,24.0,6,1.0,0.16666666666666666,0.3333333333333333,0.0,0.3333333333333333,0.16666666666666666,0.0,0.5,0.3333333333333333,0.16666666666666666,0.5,0.5,3.0,1.0,2.0,0.0,0.0
TR226*0100*2000*02_A1,25.0,8,1.0,0.5,0.0,0.25,0.25,0.0,0.0,0.5,0.5,0.0,0.5,0.25,2.25,1.0,1.6875,0.125,0.0
TR226*0100*2000*02_A4,25.0,10,0.8,0.125,0.5,0.25,0.125,0.0,0.0,0.625,0.375,0.0,0.375,0.125,2.375,0.6,0.734375,0.3,0.4
TR227*0100*2000*02_A1,27.0,11,1.0,0.18181818181818182,0.36363636363636365,0.18181818181818182,0.18181818181818182,0.0,0.09090909090909091,0.5454545454545454,0.36363636363636365,0.09090909090909091,0.45454545454545453,0.2727272727272727,2.727272727272727,0.8333333333333334,2.0165289256198347,0.18181818181818182,0.09090909090909091
TR227*0100*2000*02_A2,27.0,13,0.9230769230769231,0.16666666666666666,0.4166666666666667,0.25,0.16666666666666666,0.0,0.0,0.5833333333333334,0.4166666666666667,0.0,0.4166666666666667,0.16666666666666666,2.4166666666666665,0.7142857142857143,0.9097222222222224,0.0,0.15384615384615385
TR230*0100*2000*02_A1,23.0,16,0.9375,0.6,0.06666666666666667,0.13333333333333333,0.0,0.13333333333333333,0.06666666666666667,0.6666666666666666,0.13333333333333333,0.2,0.3333333333333333,0.2,2.2,0.5,2.9599999999999995,0.0625,0.25
TR230*0100*2000*02_A2,23.0,13,1.0,0.15384615384615385,0.23076923076923078,0.23076923076923078,0.38461538461538464,0.0,0.0,0.38461538461538464,0.6153846153846154,0.0,0.6153846153846154,0.38461538461538464,2.8461538461538463,1.6,1.2071005917159763,0.0,0.15384615384615385
TR232*0100*2000*02_A1,22.0,13,0.9230769230769231,0.08333333333333333,0.3333333333333333,0.3333333333333333,0.25,0.0,0.0,0.4166666666666667,0.5833333333333334,0.0,0.5833333333333334,0.25,2.75,1.4,0.8541666666666666,0.23076923076923078,0.07692307692307693
TR232*0100*2000*02_A4,22.0,13,1.0,0.3076923076923077,0.15384615384615385,0.23076923076923078,0.07692307692307693,0.15384615384615385,0.07692307692307693,0.46153846153846156,0.3076923076923077,0.23076923076923078,0.5384615384615384,0.3076923076923077,2.8461538461538463,1.1666666666666667,2.745562130177515,0.0,0.15384615384615385
TR236*0100*2000*02_A1,24.0,13,1.0,0.15384615384615385,0.07692307692307693,0.46153846153846156,0.23076923076923078,0.0,0.07692307692307693,0.23076923076923078,0.6923076923076923,0.07692307692307693,0.7692307692307693,0.3076923076923077,3.076923076923077,3.3333333333333335,1.6094674556213016,0.23076923076923078,0.07692307692307693
TR236*0100*2000*02_A3,24.0,19,1.0,0.15789473684210525,0.2631578947368421,0.2631578947368421,0.2631578947368421,0.05263157894736842,0.0,0.42105263157894735,0.5263157894736842,0.05263157894736842,0.5789473684210527,0.3157894736842105,2.789473684210526,1.375,1.3240997229916895,0.10526315789473684,0.3157894736842105
TR237*0100*2000*02_A1,32.0,15,1.0,0.2,0.2,0.4,0.13333333333333333,0.0,0.06666666666666667,0.4,0.5333333333333333,0.06666666666666667,0.6,0.2,2.7333333333333334,1.5,1.6622222222222223,0.2,0.06666666666666667
TR237*0100*2000*02_A3,32.0,12,1.0,0.25,0.08333333333333333,0.25,0.25,0.16666666666666666,0.0,0.3333333333333333,0.5,0.16666666666666666,0.6666666666666666,0.4166666666666667,3.0,2.0,2.0,0.08333333333333333,0.16666666666666666
TR239*0100*2000*02_A1,34.0,4,1.0,0.0,0.0,1.0,0.0,0.0,0.0,0.0,1.0,0.0,1.0,0.0,3.0,nan,0.0,0.25,0.0
TR239*0100*2000*02_A4,34.0,10,1.0,0.1,0.4,0.5,0.0,0.0,0.0,0.5,0.5,0.0,0.5,0.0,2.4,1.0,0.44000000000000006,0.1,0.1
TR26*0100*2000*02_A1,34.0,14,1.0,0.14285714285714285,0.21428571428571427,0.2857142857142857,0.35714285714285715,0.0,0.0,0.35714285714285715,0.6428571428571429,0.0,0.6428571428571429,0.35714285714285715,2.857142857142857,1.8,1.1224489795918369,0.07142857142857142,0.07142857142857142
TR26*0100*2000*02_A2,34.0,11,1.0,0.18181818181818182,0.0,0.45454545454545453,0.18181818181818182,0.0,0.18181818181818182,0.18181818181818182,0.6363636363636364,0.18181818181818182,0.8181818181818182,0.36363636363636365,3.3636363636363638,4.5,2.4132231404958677,0.09090909090909091,0.09090909090909091
TR28*0100*2000*02_A1,24.0,4,1.0,0.25,0.25,0.25,0.0,0.25,0.0,0.5,0.25,0.25,0.5,0.25,2.75,1.0,2.1875,0.0,0.0
TR28*0100*2000*02_A3,24.0,10,1.0,0.1,0.3,0.1,0.2,0.3,0.0,0.4,0.3,0.3,0.6,0.5,3.3,1.5,2.0100000000000002,0.0,0.2
TR33*0100*2000*02_A1,30.0,7,1.0,0.2857142857142857,0.14285714285714285,0.14285714285714285,0.14285714285714285,0.2857142857142857,0.0,0.42857142857142855,0.2857142857142857,0.2857142857142857,0.5714285714285714,0.42857142857142855,3.0,1.3333333333333333,2.5714285714285716,0.14285714285714285,0.2857142857142857
TR33*0100*2000*02_A3,30.0,6,1.0,0.0,0.0,0.5,0.16666666666666666,0.3333333333333333,0.0,0.0,0.6666666666666666,0.3333333333333333,1.0,0.5,3.8333333333333335,nan,0.8055555555555555,0.16666666666666666,0.0
TR38*0100*2000*02_A1,35.0,8,1.0,0.125,0.375,0.25,0.125,0.0,0.125,0.5,0.375,0.125,0.5,0.25,2.875,1.0,2.109375,0.125,0.125
TR38*0100*2000*02_A2,35.0,15,1.0,0.13333333333333333,0.26666666666666666,0.13333333333333333,0.4666666666666667,0.0,0.0,0.4,0.6,0.0,0.6,0.4666666666666667,2.933333333333333,1.5,1.2622222222222221,0.06666666666666667,0.13333333333333333
TR264*0100*2000*02_A1,31.0,8,1.0,0.375,0.125,0.375,0.125,0.0,0.0,0.5,0.5,0.0,0.5,0.125,2.25,1.0,1.1875,0.0,0.125
TR264*0100*2000*02_A4,31.0,5,1.0,0.0,0.8,0.2,0.0,0.0,0.0,0.8,0.2,0.0,0.2,0.0,2.2,0.25,0.15999999999999998,0.2,0.6
TR272*0100*2000*02_A1,27.0,4,1.0,0.5,0.0,0.5,0.0,0.0,0.0,0.5,0.5,0.0,0.5,0.0,2.0,1.0,1.0,0.0,0.0
TR272*0100*2000*02_A2,27.0,8,1.0,0.25,0.125,0.25,0.375,0.0,0.0,0.375,0.625,0.0,0.625,0.375,2.75,1.6666666666666667,1.4375,0.0,0.0
TR322*0100*2000*02_A1,28.0,12,0.9166666666666666,0.18181818181818182,0.36363636363636365,0.18181818181818182,0.09090909090909091,0.09090909090909091,0.09090909090909091,0.5454545454545454,0.2727272727272727,0.18181818181818182,0.45454545454545453,0.2727272727272727,2.8181818181818183,0.8333333333333334,2.330578512396694,0.16666666666666666,0.25
TR322*0100*2000*02_A5b,28.0,7,1.0,0.42857142857142855,0.42857142857142855,0.14285714285714285,0.0,0.0,0.0,0.8571428571428571,0.14285714285714285,0.0,0.14285714285714285,0.0,1.7142857142857142,0.16666666666666666,0.489795918367347,0.0,0.14285714285714285
TR323*0100*2000*02_A1,21.0,6,1.0,0.3333333333333333,0.16666666666666666,0.3333333333333333,0.16666666666666666,0.0,0.0,0.5,0.5,0.0,0.5,0.16666666666666666,2.3333333333333335,1.0,1.2222222222222223,0.16666666666666666,0.0
TR323*0100*2000*02_A5b,21.0,9,1.0,0.3333333333333333,0.3333333333333333,0.3333333333333333,0.0,0.0,0.0,0.6666666666666666,0.3333333333333333,0.0,0.3333333333333333,0.0,2.0,0.5,0.6666666666666666,0.1111111111111111,0.0
TR362*0100*2000*02_A1,32.0,10,1.0,0.1,0.1,0.5,0.3,0.0,0.0,0.2,0.8,0.0,0.8,0.3,3.0,4.0,0.8,0.1,0.1
TR362*0100*2000*02_A3,32.0,8,1.0,0.375,0.125,0.25,0.125,0.125,0.0,0.5,0.375,0.125,0.5,0.25,2.5,1.0,2.0,0.125,0.25
TR368*0100*2000*02_A1,30.0,9,1.0,0.5555555555555556,0.1111111111111111,0.2222222222222222,0.1111111111111111,0.0,0.0,0.6666666666666666,0.3333333333333333,0.0,0.3333333333333333,0.1111111111111111,1.8888888888888888,0.5,1.2098765432098766,0.1111111111111111,0.0
TR368*0100*2000*02_A2,30.0,10,1.0,0.4,0.3,0.2,0.1,0.0,0.0,0.7,0.3,0.0,0.3,0.1,2.0,0.42857142857142855,1.0,0.1,0.3
TR369*0100*2000*02_A1,19.0,8,1.0,0.375,0.0,0.375,0.125,0.125,0.0,0.375,0.5,0.125,0.625,0.25,2.625,1.6666666666666667,1.984375,0.125,0.125
TR369*0100*2000*02_A2,19.0,4,1.0,0.25,0.0,0.5,0.25,0.0,0.0,0.25,0.75,0.0,0.75,0.25,2.75,3.0,1.1875,0.0,0.0
TR371*0100*2000*02_A1,31.0,10,1.0,0.1,0.1,0.4,0.0,0.3,0.1,0.2,0.4,0.4,0.8,0.4,3.6,4.0,2.2399999999999998,0.3,0.1
TR371*0100*2000*02_A2,31.0,7,1.0,0.0,0.42857142857142855,0.2857142857142857,0.14285714285714285,0.0,0.14285714285714285,0.42857142857142855,0.42857142857142855,0.14285714285714285,0.5714285714285714,0.2857142857142857,3.142857142857143,1.3333333333333333,1.836734693877551,0.2857142857142857,0.14285714285714285
TR376*0100*2000*02_A1,21.0,11,1.0,0.18181818181818182,0.09090909090909091,0.5454545454545454,0.09090909090909091,0.09090909090909091,0.0,0.2727272727272727,0.6363636363636364,0.09090909090909091,0.7272727272727273,0.18181818181818182,2.8181818181818183,2.6666666666666665,1.2396694214876034,0.09090909090909091,0.09090909090909091
TR376*0100*2000*02_A3,21.0,17,1.0,0.4117647058823529,0.23529411764705882,0.11764705882352941,0.17647058823529413,0.058823529411764705,0.0,0.6470588235294118,0.29411764705882354,0.058823529411764705,0.35294117647058826,0.23529411764705882,2.235294117647059,0.5454545454545454,1.7093425605536332,0.058823529411764705,0.11764705882352941
TR377*0100*2000*02_A1,25.0,11,1.0,0.18181818181818182,0.2727272727272727,0.45454545454545453,0.09090909090909091,0.0,0.0,0.45454545454545453,0.5454545454545454,0.0,0.5454545454545454,0.09090909090909091,2.4545454545454546,1.2,0.793388429752066,0.09090909090909091,0.09090909090909091
TR377*0100*2000*02_A3,25.0,12,1.0,0.16666666666666666,0.08333333333333333,0.3333333333333333,0.3333333333333333,0.0,0.08333333333333333,0.25,0.6666666666666666,0.08333333333333333,0.75,0.4166666666666667,3.1666666666666665,3.0,1.8055555555555554,0.08333333333333333,0.25
TR388*0100*2000*02_A1,38.0,11,1.0,0.18181818181818182,0.2727272727272727,0.45454545454545453,0.0,0.09090909090909091,0.0,0.45454545454545453,0.45454545454545453,0.09090909090909091,0.5454545454545454,0.09090909090909091,2.5454545454545454,1.2,1.15702479338843,0.0,0.18181818181818182
TR388*0100*2000*02_A4,38.0,15,1.0,0.0,0.4,0.26666666666666666,0.13333333333333333,0.06666666666666667,0.13333333333333333,0.4,0.4,0.2,0.6,0.3333333333333333,3.2666666666666666,1.5,1.9288888888888889,0.2,0.06666666666666667
TR390*0100*2000*02_A1,35.0,10,1.0,0.1,0.1,0.6,0.1,0.0,0.1,0.2,0.7,0.1,0.8,0.2,3.1,4.0,1.49,0.3,0.1
TR390*0100*2000*02_A5b,35.0,11,0.9090909090909091,0.2,0.2,0.3,0.1,0.1,0.1,0.4,0.4,0.2,0.6,0.3,3.0,1.5,2.4,0.09090909090909091,0.09090909090909091
TR391*0100*2000*02_A1,24.0,9,1.0,0.5555555555555556,0.0,0.4444444444444444,0.0,0.0,0.0,0.5555555555555556,0.4444444444444444,0.0,0.4444444444444444,0.0,1.8888888888888888,0.8,0.9876543209876544,0.1111111111111111,0.0
TR391*0100*2000*02_A4,24.0,11,1.0,0.09090909090909091,0.09090909090909091,0.09090909090909091,0.45454545454545453,0.09090909090909091,0.18181818181818182,0.18181818181818182,0.5454545454545454,0.2727272727272727,0.8181818181818182,0.7272727272727273,3.909090909090909,4.5,2.0826446280991737,0.09090909090909091,0.09090909090909091
TR791*0100*2000*02_A1,29.0,8,0.875,0.42857142857142855,0.14285714285714285,0.14285714285714285,0.14285714285714285,0.0,0.14285714285714285,0.5714285714285714,0.2857142857142857,0.14285714285714285,0.42857142857142855,0.2857142857142857,2.5714285714285716,0.75,3.102040816326531,0.125,0.125
TR791*0100*2000*02_A2,29.0,8,1.0,0.0,0.625,0.25,0.125,0.0,0.0,0.625,0.375,0.0,0.375,0.125,2.5,0.6,0.5,0.0,0.125
TR392*0100*2000*02_A1,25.0,6,0.8333333333333334,0.8,0.0,0.0,0.0,0.2,0.0,0.8,0.0,0.2,0.2,0.2,1.8,0.25,2.560000000000001,0.0,0.16666666666666666
TR392*0100*2000*02_A4,25.0,15,0.8666666666666667,0.15384615384615385,0.15384615384615385,0.46153846153846156,0.07692307692307693,0.07692307692307693,0.07692307692307693,0.3076923076923077,0.5384615384615384,0.15384615384615385,0.6923076923076923,0.23076923076923078,3.0,2.25,1.8461538461538463,0.13333333333333333,0.2
TR394*0100*2000*02_A1,25.0,6,1.0,0.16666666666666666,0.16666666666666666,0.16666666666666666,0.16666666666666666,0.0,0.3333333333333333,0.3333333333333333,0.3333333333333333,0.3333333333333333,0.6666666666666666,0.5,3.6666666666666665,2.0,3.555555555555556,0.0,0.0
TR394*0100*2000*02_A3,25.0,18,1.0,0.1111111111111111,0.1111111111111111,0.16666666666666666,0.3888888888888889,0.2222222222222222,0.0,0.2222222222222222,0.5555555555555556,0.2222222222222222,0.7777777777777778,0.6111111111111112,3.5,3.5,1.5833333333333333,0.0,0.16666666666666666
TR401*0100*2000*02_A1,25.0,11,1.0,0.09090909090909091,0.09090909090909091,0.2727272727272727,0.2727272727272727,0.0,0.2727272727272727,0.18181818181818182,0.5454545454545454,0.2727272727272727,0.8181818181818182,0.5454545454545454,3.8181818181818183,4.5,2.5123966942148757,0.36363636363636365,0.0
TR401*0100*2000*02_A2,25.0,9,1.0,0.0,0.1111111111111111,0.3333333333333333,0.4444444444444444,0.1111111111111111,0.0,0.1111111111111111,0.7777777777777778,0.1111111111111111,0.8888888888888888,0.5555555555555556,3.5555555555555554,8.0,0.691358024691358,0.1111111111111111,0.1111111111111111
TR402*0100*2000*02_A1,33.0,8,1.0,0.625,0.125,0.125,0.125,0.0,0.0,0.75,0.25,0.0,0.25,0.125,1.75,0.3333333333333333,1.1875,0.125,0.0
TR402*0100*2000*02_A2,33.0,10,1.0,0.2,0.1,0.5,0.1,0.1,0.0,0.3,0.6,0.1,0.7,0.2,2.8,2.3333333333333335,1.36,0.0,0.0
TR404*0100*2000*02_A1,35.0,6,1.0,0.3333333333333333,0.0,0.3333333333333333,0.16666666666666666,0.0,0.16666666666666666,0.3333333333333333,0.5,0.16666666666666666,0.6666666666666666,0.3333333333333333,3.0,2.0,3.0,0.3333333333333333,0.0
TR404*0100*2000*02_A4,35.0,12,1.0,0.08333333333333333,0.4166666666666667,0.3333333333333333,0.16666666666666666,0.0,0.0,0.5,0.5,0.0,0.5,0.16666666666666666,2.5833333333333335,1.0,0.7430555555555557,0.0,0.3333333333333333
TR414*0100*2000*02_A1,26.0,11,1.0,0.18181818181818182,0.2727272727272727,0.36363636363636365,0.09090909090909091,0.0,0.09090909090909091,0.45454545454545453,0.45454545454545453,0.09090909090909091,0.5454545454545454,0.18181818181818182,2.727272727272727,1.2,1.8347107438016528,0.18181818181818182,0.18181818181818182
TR414*0100*2000*02_A4,26.0,13,0.7692307692307693,0.1,0.5,0.2,0.1,0.0,0.1,0.6,0.3,0.1,0.4,0.2,2.7,0.6666666666666666,1.81,0.07692307692307693,0.46153846153846156
TR415*0100*2000*02_A1,27.0,5,1.0,0.4,0.2,0.4,0.0,0.0,0.0,0.6,0.4,0.0,0.4,0.0,2.0,0.6666666666666666,0.8,0.2,0.0
TR415*0100*2000*02_A3,27.0,9,1.0,0.1111111111111111,0.3333333333333333,0.2222222222222222,0.0,0.3333333333333333,0.0,0.4444444444444444,0.2222222222222222,0.3333333333333333,0.5555555555555556,0.3333333333333333,3.111111111111111,1.25,2.0987654320987654,0.2222222222222222,0.2222222222222222
TR7*0100*2000*01_A1,24.0,8,1.0,0.25,0.25,0.5,0.0,0.0,0.0,0.5,0.5,0.0,0.5,0.0,2.25,1.0,0.6875,0.125,0.375
TR7*0100*2000*01_A4,24.0,8,1.0,0.0,0.625,0.125,0.125,0.125,0.0,0.625,0.25,0.125,0.375,0.25,2.75,0.6,1.1875,0.125,0.125
TR11*0100*2000*01_A1,37.0,9,1.0,0.2222222222222222,0.3333333333333333,0.3333333333333333,0.1111111111111111,0.0,0.0,0.5555555555555556,0.4444444444444444,0.0,0.4444444444444444,0.1111111111111111,2.3333333333333335,0.8,0.8888888888888888,0.1111111111111111,0.0
TR11*0100*2000*01_A3,37.0,11,1.0,0.0,0.2727272727272727,0.45454545454545453,0.2727272727272727,0.0,0.0,0.2727272727272727,0.7272727272727273,0.0,0.7272727272727273,0.2727272727272727,3.0,2.6666666666666665,0.5454545454545454,0.2727272727272727,0.09090909090909091
TR16*0100*2000*01_A1,28.0,12,1.0,0.25,0.16666666666666666,0.3333333333333333,0.16666666666666666,0.08333333333333333,0.0,0.4166666666666667,0.5,0.08333333333333333,0.5833333333333334,0.25,2.6666666666666665,1.4,1.5555555555555556,0.25,0.16666666666666666
TR16*0100*2000*01_A4,28.0,6,1.0,0.16666666666666666,0.6666666666666666,0.16666666666666666,0.0,0.0,0.0,0.8333333333333334,0.16666666666666666,0.0,0.16666666666666666,0.0,2.0,0.2,0.3333333333333333,0.0,0.16666666666666666
TR17*0100*2000*01_A1,19.0,10,1.0,0.4,0.0,0.4,0.2,0.0,0.0,0.4,0.6,0.0,0.6,0.2,2.4,1.5,1.44,0.1,0.0
TR17*0100*2000*01_A3,19.0,10,0.8,0.375,0.375,0.0,0.25,0.0,0.0,0.75,0.25,0.0,0.25,0.25,2.125,0.3333333333333333,1.359375,0.2,0.4
TR418*0100*2000*01_A1,29.0,6,1.0,0.6666666666666666,0.16666666666666666,0.16666666666666666,0.0,0.0,0.0,0.8333333333333334,0.16666666666666666,0.0,0.16666666666666666,0.0,1.5,0.2,0.5833333333333334,0.0,0.16666666666666666
TR418*0100*2000*01_A5a,29.0,2,1.0,0.0,0.0,0.0,1.0,0.0,0.0,0.0,1.0,0.0,1.0,1.0,4.0,nan,0.0,0.0,0.0
TR425*0100*2000*01_A1,30.0,16,1.0,0.1875,0.4375,0.3125,0.0625,0.0,0.0,0.625,0.375,0.0,0.375,0.0625,2.25,0.6,0.6875,0.0625,0.1875
TR425*0100*2000*01_A4,30.0,10,1.0,0.0,0.2,0.7,0.1,0.0,0.0,0.2,0.8,0.0,0.8,0.1,2.9,4.0,0.29000000000000004,0.1,0.1
TR427*0100*2000*01_A1,27.0,6,1.0,0.16666666666666666,0.16666666666666666,0.3333333333333333,0.3333333333333333,0.0,0.0,0.3333333333333333,0.6666666666666666,0.0,0.6666666666666666,0.3333333333333333,2.8333333333333335,2.0,1.1388888888888888,0.16666666666666666,0.0
TR427*0100*2000*01_A3,27.0,4,1.0,0.0,0.5,0.0,0.25,0.25,0.0,0.5,0.25,0.25,0.5,0.5,3.25,1.0,1.6875,0.0,0.5
TR430*0100*2000*01_A1,30.0,7,1.0,0.2857142857142857,0.2857142857142857,0.0,0.2857142857142857,0.14285714285714285,0.0,0.5714285714285714,0.2857142857142857,0.14285714285714285,0.42857142857142855,0.42857142857142855,2.7142857142857144,0.75,2.2040816326530606,0.0,0.2857142857142857
TR430*0100*2000*01_A3,30.0,9,1.0,0.5555555555555556,0.0,0.3333333333333333,0.1111111111111111,0.0,0.0,0.5555555555555556,0.4444444444444444,0.0,0.4444444444444444,0.1111111111111111,2.0,0.8,1.3333333333333333,0.0,0.0
TR431*0100*2000*01_A1,27.0,14,1.0,0.35714285714285715,0.35714285714285715,0.14285714285714285,0.14285714285714285,0.0,0.0,0.7142857142857143,0.2857142857142857,0.0,0.2857142857142857,0.14285714285714285,2.0714285714285716,0.4,1.066326530612245,0.0,0.2857142857142857
TR431*0100*2000*01_A4,27.0,11,1.0,0.2727272727272727,0.2727272727272727,0.2727272727272727,0.0,0.0,0.18181818181818182,0.5454545454545454,0.2727272727272727,0.18181818181818182,0.45454545454545453,0.18181818181818182,2.727272727272727,0.8333333333333334,2.925619834710744,0.09090909090909091,0.09090909090909091
TR79*0100*2000*01_A1,26.0,9,1.0,0.4444444444444444,0.2222222222222222,0.2222222222222222,0.1111111111111111,0.0,0.0,0.6666666666666666,0.3333333333333333,0.0,0.3333333333333333,0.1111111111111111,2.0,0.5,1.1111111111111112,0.1111111111111111,0.0
TR79*0100*2000*01_A3,26.0,6,1.0,0.16666666666666666,0.5,0.16666666666666666,0.16666666666666666,0.0,0.0,0.6666666666666666,0.3333333333333333,0.0,0.3333333333333333,0.16666666666666666,2.3333333333333335,0.5,0.8888888888888888,0.0,0.16666666666666666
TR436*0100*2000*01_A1,35.0,8,1.0,0.25,0.375,0.375,0.0,0.0,0.0,0.625,0.375,0.0,0.375,0.0,2.125,0.6,0.609375,0.125,0.125
TR436*0100*2000*01_A4,35.0,7,1.0,0.14285714285714285,0.2857142857142857,0.14285714285714285,0.2857142857142857,0.0,0.14285714285714285,0.42857142857142855,0.42857142857142855,0.14285714285714285,0.5714285714285714,0.42857142857142855,3.142857142857143,1.3333333333333333,2.4081632653061225,0.2857142857142857,0.14285714285714285
TR438*0100*2000*01_A1,29.0,7,1.0,0.42857142857142855,0.42857142857142855,0.0,0.0,0.14285714285714285,0.0,0.8571428571428571,0.0,0.14285714285714285,0.14285714285714285,0.14285714285714285,2.0,0.16666666666666666,1.7142857142857142,0.0,0.14285714285714285
TR438*0100*2000*01_A3,29.0,12,0.9166666666666666,0.18181818181818182,0.2727272727272727,0.36363636363636365,0.0,0.09090909090909091,0.09090909090909091,0.45454545454545453,0.36363636363636365,0.18181818181818182,0.5454545454545454,0.18181818181818182,2.8181818181818183,1.2,2.148760330578512,0.0,0.3333333333333333
TR442*0100*2000*01_A1,32.0,5,1.0,0.4,0.2,0.2,0.2,0.0,0.0,0.6,0.4,0.0,0.4,0.2,2.2,0.6666666666666666,1.3599999999999999,0.2,0.2
TR442*0100*2000*01_A4,32.0,6,1.0,0.3333333333333333,0.16666666666666666,0.3333333333333333,0.0,0.16666666666666666,0.0,0.5,0.3333333333333333,0.16666666666666666,0.5,0.16666666666666666,2.5,1.0,1.9166666666666667,0.0,0.3333333333333333
TR443*0100*2000*01_A1,38.0,18,1.0,0.3333333333333333,0.2222222222222222,0.2222222222222222,0.16666666666666666,0.05555555555555555,0.0,0.5555555555555556,0.3888888888888889,0.05555555555555555,0.4444444444444444,0.2222222222222222,2.388888888888889,0.8,1.5709876543209875,0.1111111111111111,0.05555555555555555
TR443*0100*2000*01_A2,38.0,10,0.9,0.1111111111111111,0.2222222222222222,0.5555555555555556,0.1111111111111111,0.0,0.0,0.3333333333333333,0.6666666666666666,0.0,0.6666666666666666,0.1111111111111111,2.6666666666666665,2.0,0.6666666666666666,0.2,0.2
TR446*0100*2000*01_A1,19.0,7,1.0,0.42857142857142855,0.2857142857142857,0.2857142857142857,0.0,0.0,0.0,0.7142857142857143,0.2857142857142857,0.0,0.2857142857142857,0.0,1.8571428571428572,0.4,0.6938775510204082,0.14285714285714285,0.0
TR446*0100*2000*01_A3,19.0,5,1.0,0.2,0.2,0.4,0.2,0.0,0.0,0.4,0.6,0.0,0.6,0.2,2.6,1.5,1.04,0.2,0.2
TR451*0100*2000*01_A1,37.0,14,1.0,0.2857142857142857,0.21428571428571427,0.21428571428571427,0.21428571428571427,0.0,0.07142857142857142,0.5,0.42857142857142855,0.07142857142857142,0.5,0.2857142857142857,2.642857142857143,1.0,2.0867346938775513,0.14285714285714285,0.0
TR451*0100*2000*01_A4,37.0,18,1.0,0.1111111111111111,0.2222222222222222,0.3888888888888889,0.2222222222222222,0.05555555555555555,0.0,0.3333333333333333,0.6111111111111112,0.05555555555555555,0.6666666666666666,0.2777777777777778,2.888888888888889,2.0,1.0987654320987654,0.2222222222222222,0.1111111111111111
TR453*0100*2000*01_A1,33.0,12,1.0,0.4166666666666667,0.4166666666666667,0.16666666666666666,0.0,0.0,0.0,0.8333333333333334,0.16666666666666666,0.0,0.16666666666666666,0.0,1.75,0.2,0.5208333333333334,0.0,0.08333333333333333
TR453*0100*2000*01_A4,33.0,10,1.0,0.2,0.2,0.4,0.0,0.1,0.1,0.4,0.4,0.2,0.6,0.2,2.9,1.5,2.29,0.3,0.0
TR80*0100*2000*01_A1,29.0,10,1.0,0.5,0.0,0.5,0.0,0.0,0.0,0.5,0.5,0.0,0.5,0.0,2.0,1.0,1.0,0.1,0.0
TR80*0100*2000*01_A3,29.0,7,0.8571428571428571,0.0,0.5,0.0,0.16666666666666666,0.16666666666666666,0.16666666666666666,0.5,0.16666666666666666,0.3333333333333333,0.5,0.5,3.5,1.0,2.5833333333333335,0.2857142857142857,0.2857142857142857
TR456*0100*2000*01_A1,21.0,8,1.0,0.25,0.5,0.25,0.0,0.0,0.0,0.75,0.25,0.0,0.25,0.0,2.0,0.3333333333333333,0.5,0.25,0.125
TR456*0100*2000*01_A4,21.0,6,1.0,0.3333333333333333,0.3333333333333333,0.16666666666666666,0.16666666666666666,0.0,0.0,0.6666666666666666,0.3333333333333333,0.0,0.3333333333333333,0.16666666666666666,2.1666666666666665,0.5,1.1388888888888888,0.0,0.16666666666666666
TR458*0100*2000*01_A1,27.0,11,1.0,0.5454545454545454,0.09090909090909091,0.36363636363636365,0.0,0.0,0.0,0.6363636363636364,0.36363636363636365,0.0,0.36363636363636365,0.0,1.8181818181818181,0.5714285714285714,0.8760330578512397,0.18181818181818182,0.09090909090909091
TR458*0100*2000*01_A3,27.0,10,1.0,0.4,0.4,0.1,0.1,0.0,0.0,0.8,0.2,0.0,0.2,0.1,1.9,0.25,0.89,0.4,0.3
TR459*0100*2000*01_A1,32.0,14,1.0,0.2857142857142857,0.14285714285714285,0.42857142857142855,0.14285714285714285,0.0,0.0,0.42857142857142855,0.5714285714285714,0.0,0.5714285714285714,0.14285714285714285,2.4285714285714284,1.3333333333333333,1.1020408163265307,0.14285714285714285,0.21428571428571427
TR459*0100*2000*01_A4,32.0,6,1.0,0.3333333333333333,0.16666666666666666,0.3333333333333333,0.16666666666666666,0.0,0.0,0.5,0.5,0.0,0.5,0.16666666666666666,2.3333333333333335,1.0,1.2222222222222225,0.0,0.3333333333333333
TR465*0100*2000*01_A1,21.0,5,1.0,0.4,0.2,0.2,0.2,0.0,0.0,0.6,0.4,0.0,0.4,0.2,2.2,0.6666666666666666,1.3599999999999999,0.0,0.2
TR465*0100*2000*01_A2,21.0,6,1.0,0.6666666666666666,0.0,0.3333333333333333,0.0,0.0,0.0,0.6666666666666666,0.3333333333333333,0.0,0.3333333333333333,0.0,1.6666666666666667,0.5,0.888888888888889,0.0,0.0
TR467*0100*2000*01_A1,24.0,7,1.0,0.42857142857142855,0.14285714285714285,0.42857142857142855,0.0,0.0,0.0,0.5714285714285714,0.42857142857142855,0.0,0.42857142857142855,0.0,2.0,0.75,0.8571428571428571,0.0,0.14285714285714285
TR467*0100*2000*01_A2,24.0,6,1.0,0.0,0.3333333333333333,0.3333333333333333,0.16666666666666666,0.0,0.16666666666666666,0.3333333333333333,0.5,0.16666666666666666,0.6666666666666666,0.3333333333333333,3.3333333333333335,2.0,1.888888888888889,0.16666666666666666,0.0
TR468*0100*2000*01_A1,21.0,6,1.0,0.6666666666666666,0.0,0.16666666666666666,0.16666666666666666,0.0,0.0,0.6666666666666666,0.3333333333333333,0.0,0.3333333333333333,0.16666666666666666,1.8333333333333333,0.5,1.4722222222222225,0.0,0.0
TR468*0100*2000*01_A4,21.0,4,1.0,0.5,0.0,0.25,0.25,0.0,0.0,0.5,0.5,0.0,0.5,0.25,2.25,1.0,1.6875,0.0,0.0
TR469*0100*2000*01_A1,24.0,11,0.9090909090909091,0.6,0.2,0.1,0.1,0.0,0.0,0.8,0.2,0.0,0.2,0.1,1.7,0.25,1.01,0.18181818181818182,0.18181818181818182
TR469*0100*2000*01_A4,24.0,10,1.0,0.5,0.1,0.4,0.0,0.0,0.0,0.6,0.4,0.0,0.4,0.0,1.9,0.6666666666666666,0.89,0.1,0.2
TR472*0100*2000*01_A1,32.0,13,1.0,0.23076923076923078,0.15384615384615385,0.3076923076923077,0.23076923076923078,0.0,0.07692307692307693,0.38461538461538464,0.5384615384615384,0.07692307692307693,0.6153846153846154,0.3076923076923077,2.8461538461538463,1.6,1.9763313609467457,0.23076923076923078,0.15384615384615385
TR472*0100*2000*01_A4,32.0,6,1.0,0.16666666666666666,0.3333333333333333,0.5,0.0,0.0,0.0,0.5,0.5,0.0,0.5,0.0,2.3333333333333335,1.0,0.5555555555555555,0.16666666666666666,0.16666666666666666
TR81*0100*2000*01_A1,32.0,11,1.0,0.36363636363636365,0.09090909090909091,0.36363636363636365,0.09090909090909091,0.0,0.09090909090909091,0.45454545454545453,0.45454545454545453,0.09090909090909091,0.5454545454545454,0.18181818181818182,2.5454545454545454,1.2,2.2479338842975203,0.09090909090909091,0.0
TR81*0100*2000*01_A2,32.0,8,1.0,0.375,0.25,0.25,0.125,0.0,0.0,0.625,0.375,0.0,0.375,0.125,2.125,0.6,1.109375,0.0,0.25
TR475*0100*2000*01_A1,31.0,6,1.0,0.16666666666666666,0.3333333333333333,0.5,0.0,0.0,0.0,0.5,0.5,0.0,0.5,0.0,2.3333333333333335,1.0,0.5555555555555555,0.0,0.3333333333333333
TR475*0100*2000*01_A3,31.0,5,1.0,0.6,0.0,0.2,0.2,0.0,0.0,0.6,0.4,0.0,0.4,0.2,2.0,0.6666666666666666,1.6,0.2,0.2
TR478*0100*2000*01_A1,26.0,11,0.9090909090909091,0.3,0.1,0.6,0.0,0.0,0.0,0.4,0.6,0.0,0.6,0.0,2.3,1.5,0.8099999999999999,0.0,0.09090909090909091
TR478*0100*2000*01_A4,26.0,10,1.0,0.1,0.6,0.2,0.0,0.0,0.1,0.7,0.2,0.1,0.3,0.1,2.5,0.42857142857142855,1.65,0.0,0.1
TR480*0100*2000*01_A1,24.0,10,1.0,0.2,0.5,0.3,0.0,0.0,0.0,0.7,0.3,0.0,0.3,0.0,2.1,0.42857142857142855,0.48999999999999994,0.1,0.1
TR480*0100*2000*01_A3,24.0,5,1.0,0.2,0.4,0.2,0.0,0.2,0.0,0.6,0.2,0.2,0.4,0.2,2.6,0.6666666666666666,1.8400000000000003,0.0,0.4
TR482*0100*2000*01_A1,23.0,11,1.0,0.5454545454545454,0.18181818181818182,0.09090909090909091,0.09090909090909091,0.0,0.09090909090909091,0.7272727272727273,0.18181818181818182,0.09090909090909091,0.2727272727272727,0.18181818181818182,2.090909090909091,0.375,2.4462809917355375,0.0,0.18181818181818182
TR482*0100*2000*01_A3,23.0,5,1.0,0.0,0.6,0.0,0.4,0.0,0.0,0.6,0.4,0.0,0.4,0.4,2.8,0.6666666666666666,0.96,0.2,0.4
TR485*0100*2000*01_A1,26.0,14,1.0,0.5,0.07142857142857142,0.42857142857142855,0.0,0.0,0.0,0.5714285714285714,0.42857142857142855,0.0,0.42857142857142855,0.0,1.9285714285714286,0.75,0.9234693877551019,0.21428571428571427,0.0
TR485*0100*2000*01_A4,26.0,15,1.0,0.3333333333333333,0.4,0.2,0.06666666666666667,0.0,0.0,0.7333333333333333,0.26666666666666666,0.0,0.26666666666666666,0.06666666666666667,2.0,0.36363636363636365,0.8,0.0,0.3333333333333333
TR486*0100*2000*01_A1,21.0,17,0.9411764705882353,0.5,0.1875,0.125,0.125,0.0,0.0625,0.6875,0.25,0.0625,0.3125,0.1875,2.125,0.45454545454545453,2.109375,0.11764705882352941,0.058823529411764705
TR486*0100*2000*01_A4,21.0,9,1.0,0.5555555555555556,0.2222222222222222,0.0,0.2222222222222222,0.0,0.0,0.7777777777777778,0.2222222222222222,0.0,0.2222222222222222,0.2222222222222222,1.8888888888888888,0.2857142857142857,1.432098765432099,0.1111111111111111,0.0
TR487*0100*2000*01_A1,25.0,13,1.0,0.3076923076923077,0.23076923076923078,0.23076923076923078,0.23076923076923078,0.0,0.0,0.5384615384615384,0.46153846153846156,0.0,0.46153846153846156,0.23076923076923078,2.3846153846153846,0.8571428571428571,1.3136094674556213,0.07692307692307693,0.07692307692307693
TR487*0100*2000*01_A4,25.0,11,1.0,0.5454545454545454,0.2727272727272727,0.18181818181818182,0.0,0.0,0.0,0.8181818181818182,0.18181818181818182,0.0,0.18181818181818182,0.0,1.6363636363636365,0.2222222222222222,0.5950413223140495,0.0,0.18181818181818182
TR488*0100*2000*01_A1,28.0,12,1.0,0.25,0.25,0.3333333333333333,0.16666666666666666,0.0,0.0,0.5,0.5,0.0,0.5,0.16666666666666666,2.4166666666666665,1.0,1.076388888888889,0.25,0.16666666666666666
TR488*0100*2000*01_A2,28.0,10,1.0,0.2,0.3,0.2,0.3,0.0,0.0,0.5,0.5,0.0,0.5,0.3,2.6,1.0,1.24,0.2,0.0
TR489*0100*2000*01_A1,36.0,12,1.0,0.25,0.0,0.5,0.08333333333333333,0.0,0.16666666666666666,0.25,0.5833333333333334,0.16666666666666666,0.75,0.25,3.0833333333333335,3.0,2.576388888888889,0.08333333333333333,0.0
TR489*0100*2000*01_A4,36.0,16,1.0,0.1875,0.3125,0.3125,0.0625,0.0625,0.0625,0.5,0.375,0.125,0.5,0.1875,2.6875,1.0,1.83984375,0.0625,0.125
TR491*0100*2000*01_A1,38.0,9,1.0,0.2222222222222222,0.4444444444444444,0.2222222222222222,0.1111111111111111,0.0,0.0,0.6666666666666666,0.3333333333333333,0.0,0.3333333333333333,0.1111111111111111,2.2222222222222223,0.5,0.8395061728395062,0.2222222222222222,0.1111111111111111
TR491*0100*2000*01_A2,38.0,7,1.0,0.42857142857142855,0.2857142857142857,0.2857142857142857,0.0,0.0,0.0,0.7142857142857143,0.2857142857142857,0.0,0.2857142857142857,0.0,1.8571428571428572,0.4,0.6938775510204082,0.0,0.2857142857142857
TR493*0100*2000*01_A1,26.0,14,1.0,0.2857142857142857,0.21428571428571427,0.35714285714285715,0.14285714285714285,0.0,0.0,0.5,0.5,0.0,0.5,0.14285714285714285,2.357142857142857,1.0,1.086734693877551,0.2857142857142857,0.0
TR493*0100*2000*01_A4,26.0,3,1.0,0.0,0.3333333333333333,0.3333333333333333,0.3333333333333333,0.0,0.0,0.3333333333333333,0.6666666666666666,0.0,0.6666666666666666,0.3333333333333333,3.0,2.0,0.6666666666666666,0.0,0.0
TR495*0100*2000*01_A1,32.0,7,1.0,0.0,0.2857142857142857,0.42857142857142855,0.2857142857142857,0.0,0.0,0.2857142857142857,0.7142857142857143,0.0,0.7142857142857143,0.2857142857142857,3.0,2.5,0.5714285714285714,0.2857142857142857,0.0
TR495*0100*2000*01_A3,32.0,8,0.75,0.16666666666666666,0.3333333333333333,0.5,0.0,0.0,0.0,0.5,0.5,0.0,0.5,0.0,2.3333333333333335,1.0,0.5555555555555555,0.25,0.5
TR496*0100*2000*01_A1,31.0,14,1.0,0.2857142857142857,0.07142857142857142,0.35714285714285715,0.21428571428571427,0.0,0.07142857142857142,0.35714285714285715,0.5714285714285714,0.07142857142857142,0.6428571428571429,0.2857142857142857,2.7857142857142856,1.8,2.0255102040816326,0.14285714285714285,0.0
TR496*0100*2000*01_A2,31.0,11,1.0,0.2727272727272727,0.18181818181818182,0.36363636363636365,0.0,0.0,0.18181818181818182,0.45454545454545453,0.36363636363636365,0.18181818181818182,0.5454545454545454,0.18181818181818182,2.8181818181818183,1.2,2.87603305785124,0.0,0.09090909090909091
TR497*0100*2000*01_A1,31.0,10,1.0,0.3,0.1,0.3,0.1,0.1,0.1,0.4,0.4,0.2,0.6,0.3,2.9,1.5,2.6900000000000004,0.2,0.0
TR497*0100*2000*01_A2,31.0,4,1.0,0.0,0.25,0.5,0.0,0.25,0.0,0.25,0.5,0.25,0.75,0.25,3.25,3.0,1.1875,0.0,0.0
TR499*0100*2000*01_A1,36.0,7,1.0,0.2857142857142857,0.2857142857142857,0.14285714285714285,0.14285714285714285,0.14285714285714285,0.0,0.5714285714285714,0.2857142857142857,0.14285714285714285,0.42857142857142855,0.2857142857142857,2.5714285714285716,0.75,1.9591836734693877,0.0,0.0
TR499*0100*2000*01_A4,36.0,12,1.0,0.16666666666666666,0.25,0.08333333333333333,0.4166666666666667,0.0,0.08333333333333333,0.4166666666666667,0.5,0.08333333333333333,0.5833333333333334,0.5,3.0833333333333335,1.4,2.076388888888889,0.08333333333333333,0.16666666666666666
TR502*0100*2000*01_A1,31.0,7,1.0,0.2857142857142857,0.2857142857142857,0.0,0.2857142857142857,0.14285714285714285,0.0,0.5714285714285714,0.2857142857142857,0.14285714285714285,0.42857142857142855,0.42857142857142855,2.7142857142857144,0.75,2.2040816326530615,0.0,0.14285714285714285
TR502*0100*2000*01_A3,31.0,9,1.0,0.1111111111111111,0.2222222222222222,0.3333333333333333,0.3333333333333333,0.0,0.0,0.3333333333333333,0.6666666666666666,0.0,0.6666666666666666,0.3333333333333333,2.888888888888889,2.0,0.9876543209876544,0.0,0.1111111111111111
TR506*0100*2000*01_A1,29.0,17,0.9411764705882353,0.3125,0.125,0.4375,0.0625,0.0,0.0625,0.4375,0.5,0.0625,0.5625,0.125,2.5,1.2857142857142858,1.75,0.23529411764705882,0.11764705882352941
TR506*0100*2000*01_A3,29.0,5,1.0,0.4,0.4,0.2,0.0,0.0,0.0,0.8,0.2,0.0,0.2,0.0,1.8,0.25,0.56,0.0,0.4
TR514*0100*2000*01_A1,32.0,10,1.0,0.3,0.3,0.2,0.1,0.0,0.1,0.6,0.3,0.1,0.4,0.2,2.5,0.6666666666666666,2.25,0.1,0.0
TR514*0100*2000*01_A3,32.0,8,1.0,0.125,0.25,0.5,0.0,0.0,0.125,0.375,0.5,0.125,0.625,0.125,2.875,1.6666666666666667,1.859375,0.125,0.25
TR515*0100*2000*01_A1,22.0,10,1.0,0.2,0.3,0.4,0.1,0.0,0.0,0.5,0.5,0.0,0.5,0.1,2.4,1.0,0.8400000000000001,0.1,0.2
TR515*0100*2000*01_A4,22.0,13,1.0,0.3076923076923077,0.07692307692307693,0.5384615384615384,0.0,0.0,0.07692307692307693,0.38461538461538464,0.5384615384615384,0.07692307692307693,0.6153846153846154,0.07692307692307693,2.5384615384615383,1.6,1.78698224852071,0.0,0.07692307692307693
TR516*0100*2000*01_A1,25.0,8,1.0,0.375,0.25,0.125,0.125,0.125,0.0,0.625,0.25,0.125,0.375,0.25,2.375,0.6,1.984375,0.125,0.375
TR516*0100*2000*01_A2,25.0,6,1.0,0.16666666666666666,0.3333333333333333,0.3333333333333333,0.16666666666666666,0.0,0.0,0.5,0.5,0.0,0.5,0.16666666666666666,2.5,1.0,0.9166666666666666,0.0,0.16666666666666666
TR518*0100*2000*01_A1,27.0,9,1.0,0.1111111111111111,0.4444444444444444,0.2222222222222222,0.2222222222222222,0.0,0.0,0.5555555555555556,0.4444444444444444,0.0,0.4444444444444444,0.2222222222222222,2.5555555555555554,0.8,0.9135802469135802,0.0,0.1111111111111111
TR518*0100*2000*01_A2,27.0,8,1.0,0.125,0.375,0.125,0.25,0.0,0.125,0.5,0.375,0.125,0.5,0.375,3.0,1.0,2.25,0.0,0.125
TR525*0100*2000*01_A1,24.0,11,1.0,0.18181818181818182,0.36363636363636365,0.2727272727272727,0.09090909090909091,0.09090909090909091,0.0,0.5454545454545454,0.36363636363636365,0.09090909090909091,0.45454545454545453,0.18181818181818182,2.5454545454545454,0.8333333333333334,1.3388429752066118,0.18181818181818182,0.09090909090909091
TR525*0100*2000*01_A2,24.0,7,0.8571428571428571,0.3333333333333333,0.0,0.16666666666666666,0.5,0.0,0.0,0.3333333333333333,0.6666666666666666,0.0,0.6666666666666666,0.5,2.8333333333333335,2.0,1.8055555555555554,0.0,0.14285714285714285
TR527*0100*2000*01_A1,29.0,12,1.0,0.5833333333333334,0.25,0.08333333333333333,0.0,0.0,0.08333333333333333,0.8333333333333334,0.08333333333333333,0.08333333333333333,0.16666666666666666,0.08333333333333333,1.8333333333333333,0.2,1.972222222222222,0.08333333333333333,0.16666666666666666
TR527*0100*2000*01_A4,29.0,15,1.0,0.3333333333333333,0.4666666666666667,0.06666666666666667,0.13333333333333333,0.0,0.0,0.8,0.2,0.0,0.2,0.13333333333333333,2.0,0.25,0.9333333333333333,0.0,0.4
TR84*0100*2000*01_A1,32.0,14,1.0,0.2857142857142857,0.14285714285714285,0.42857142857142855,0.14285714285714285,0.0,0.0,0.42857142857142855,0.5714285714285714,0.0,0.5714285714285714,0.14285714285714285,2.4285714285714284,1.3333333333333333,1.1020408163265307,0.07142857142857142,0.14285714285714285
TR84*0100*2000*01_A4,32.0,15,1.0,0.2,0.26666666666666666,0.4666666666666667,0.06666666666666667,0.0,0.0,0.4666666666666667,0.5333333333333333,0.0,0.5333333333333333,0.06666666666666667,2.4,1.1428571428571428,0.7733333333333332,0.06666666666666667,0.26666666666666666
TR534*0100*2000*01_A1,35.0,6,1.0,0.16666666666666666,0.16666666666666666,0.5,0.0,0.16666666666666666,0.0,0.3333333333333333,0.5,0.16666666666666666,0.6666666666666666,0.16666666666666666,2.8333333333333335,2.0,1.4722222222222223,0.16666666666666666,0.16666666666666666
TR534*0100*2000*01_A2,35.0,8,1.0,0.125,0.5,0.0,0.25,0.125,0.0,0.625,0.25,0.125,0.375,0.375,2.75,0.6,1.6875,0.375,0.25
TR536*0100*2000*01_A1,31.0,9,1.0,0.5555555555555556,0.1111111111111111,0.1111111111111111,0.1111111111111111,0.1111111111111111,0.0,0.6666666666666666,0.2222222222222222,0.1111111111111111,0.3333333333333333,0.2222222222222222,2.111111111111111,0.5,2.0987654320987654,0.0,0.1111111111111111
TR536*0100*2000*01_A3,31.0,11,1.0,0.18181818181818182,0.45454545454545453,0.09090909090909091,0.18181818181818182,0.09090909090909091,0.0,0.6363636363636364,0.2727272727272727,0.09090909090909091,0.36363636363636365,0.2727272727272727,2.5454545454545454,0.5714285714285714,1.5206611570247934,0.0,0.2727272727272727
TR540*0100*2000*01_A1,23.0,14,1.0,0.35714285714285715,0.21428571428571427,0.2857142857142857,0.07142857142857142,0.0,0.07142857142857142,0.5714285714285714,0.35714285714285715,0.07142857142857142,0.42857142857142855,0.14285714285714285,2.357142857142857,0.75,1.943877551020408,0.21428571428571427,0.0
TR540*0100*2000*01_A2,23.0,3,1.0,0.0,0.0,0.6666666666666666,0.3333333333333333,0.0,0.0,0.0,1.0,0.0,1.0,0.3333333333333333,3.3333333333333335,nan,0.22222222222222224,0.0,0.0
TR544*0100*2000*01_A1,23.0,9,1.0,0.5555555555555556,0.0,0.0,0.0,0.3333333333333333,0.1111111111111111,0.5555555555555556,0.0,0.4444444444444444,0.4444444444444444,0.4444444444444444,2.888888888888889,0.8,4.54320987654321,0.2222222222222222,0.0
TR544*0100*2000*01_A3,23.0,8,1.0,0.125,0.375,0.25,0.25,0.0,0.0,0.5,0.5,0.0,0.5,0.25,2.625,1.0,0.984375,0.0,0.0
TR547*0100*2000*01_A1,24.0,8,1.0,0.25,0.375,0.125,0.125,0.0,0.125,0.625,0.25,0.125,0.375,0.25,2.625,0.6,2.484375,0.25,0.0
TR547*0100*2000*01_A3,24.0,10,1.0,0.2,0.3,0.1,0.1,0.2,0.1,0.5,0.2,0.3,0.5,0.4,3.1,1.0,2.89,0.2,0.1
TR556*0100*2000*01_A1,32.0,16,1.0,0.375,0.125,0.375,0.0625,0.0625,0.0,0.5,0.4375,0.0625,0.5,0.125,2.3125,1.0,1.46484375,0.0625,0.0
TR556*0100*2000*01_A3,32.0,5,0.8,0.25,0.0,0.75,0.0,0.0,0.0,0.25,0.75,0.0,0.75,0.0,2.5,3.0,0.75,0.0,0.4
TR557*0100*2000*01_A1,21.0,4,1.0,0.5,0.0,0.0,0.25,0.0,0.25,0.5,0.25,0.25,0.5,0.5,3.0,1.0,4.5,0.0,0.0
TR557*0100*2000*01_A3,21.0,8,1.0,0.25,0.125,0.625,0.0,0.0,0.0,0.375,0.625,0.0,0.625,0.0,2.375,1.6666666666666667,0.734375,0.0,0.0
TR558*0100*2000*01_A1,24.0,12,1.0,0.25,0.25,0.25,0.25,0.0,0.0,0.5,0.5,0.0,0.5,0.25,2.5,1.0,1.25,0.08333333333333333,0.08333333333333333
TR558*0100*2000*01_A3,24.0,7,1.0,0.14285714285714285,0.42857142857142855,0.14285714285714285,0.14285714285714285,0.14285714285714285,0.0,0.5714285714285714,0.2857142857142857,0.14285714285714285,0.42857142857142855,0.2857142857142857,2.7142857142857144,0.75,1.6326530612244896,0.0,0.0
TR44*0100*2000*01_A1,34.0,12,1.0,0.25,0.25,0.4166666666666667,0.08333333333333333,0.0,0.0,0.5,0.5,0.0,0.5,0.08333333333333333,2.3333333333333335,1.0,0.888888888888889,0.08333333333333333,0.08333333333333333
TR44*0100*2000*01_A2,34.0,9,1.0,0.0,0.2222222222222222,0.3333333333333333,0.2222222222222222,0.0,0.2222222222222222,0.2222222222222222,0.5555555555555556,0.2222222222222222,0.7777777777777778,0.4444444444444444,3.6666666666666665,3.5,2.0,0.0,0.0
TR46*0100*2000*01_A1,37.0,15,1.0,0.13333333333333333,0.2,0.26666666666666666,0.3333333333333333,0.0,0.06666666666666667,0.3333333333333333,0.6,0.06666666666666667,0.6666666666666666,0.4,3.066666666666667,2.0,1.6622222222222225,0.06666666666666667,0.06666666666666667
TR46*0100*2000*01_A4,37.0,10,1.0,0.2,0.2,0.3,0.2,0.0,0.1,0.4,0.5,0.1,0.6,0.3,2.9,1.5,2.0900000000000003,0.0,0.1
TR49*0100*2000*01_A1,27.0,11,1.0,0.18181818181818182,0.2727272727272727,0.2727272727272727,0.2727272727272727,0.0,0.0,0.45454545454545453,0.5454545454545454,0.0,0.5454545454545454,0.2727272727272727,2.6363636363636362,1.2,1.140495867768595,0.09090909090909091,0.18181818181818182
TR49*0100*2000*01_A4,27.0,11,1.0,0.36363636363636365,0.18181818181818182,0.2727272727272727,0.18181818181818182,0.0,0.0,0.5454545454545454,0.45454545454545453,0.0,0.45454545454545453,0.18181818181818182,2.272727272727273,0.8333333333333334,1.2892561983471074,0.0,0.09090909090909091
TR52*0100*2000*01_A1,26.0,7,1.0,0.42857142857142855,0.2857142857142857,0.2857142857142857,0.0,0.0,0.0,0.7142857142857143,0.2857142857142857,0.0,0.2857142857142857,0.0,1.8571428571428572,0.4,0.6938775510204082,0.14285714285714285,0.0
TR52*0100*2000*01_A4,26.0,12,1.0,0.16666666666666666,0.25,0.25,0.08333333333333333,0.08333333333333333,0.16666666666666666,0.4166666666666667,0.3333333333333333,0.25,0.5833333333333334,0.3333333333333333,3.1666666666666665,1.4,2.8055555555555554,0.08333333333333333,0.25
TR559*0100*2000*01_A1,25.0,16,1.0,0.3125,0.25,0.375,0.0625,0.0,0.0,0.5625,0.4375,0.0,0.4375,0.0625,2.1875,0.7777777777777778,0.90234375,0.0625,0.0
TR559*0100*2000*01_A3,25.0,16,1.0,0.5,0.375,0.0,0.0625,0.0625,0.0,0.875,0.0625,0.0625,0.125,0.125,1.8125,0.14285714285714285,1.27734375,0.125,0.125
TR560*0100*2000*01_A1,23.0,8,1.0,0.125,0.125,0.375,0.375,0.0,0.0,0.25,0.75,0.0,0.75,0.375,3.0,3.0,1.0,0.125,0.0
TR560*0100*2000*01_A4,23.0,6,1.0,0.3333333333333333,0.3333333333333333,0.16666666666666666,0.16666666666666666,0.0,0.0,0.6666666666666666,0.3333333333333333,0.0,0.3333333333333333,0.16666666666666666,2.1666666666666665,0.5,1.1388888888888888,0.16666666666666666,0.0
TR562*0100*2000*01_A1,23.0,6,1.0,0.16666666666666666,0.5,0.3333333333333333,0.0,0.0,0.0,0.6666666666666666,0.3333333333333333,0.0,0.3333333333333333,0.0,2.1666666666666665,0.5,0.47222222222222215,0.3333333333333333,0.0
TR562*0100*2000*01_A4,23.0,9,1.0,0.2222222222222222,0.3333333333333333,0.1111111111111111,0.3333333333333333,0.0,0.0,0.5555555555555556,0.4444444444444444,0.0,0.4444444444444444,0.3333333333333333,2.5555555555555554,0.8,1.3580246913580245,0.2222222222222222,0.0
TR563*0100*2000*01_A1,28.0,14,1.0,0.14285714285714285,0.42857142857142855,0.21428571428571427,0.14285714285714285,0.0,0.07142857142857142,0.5714285714285714,0.35714285714285715,0.07142857142857142,0.42857142857142855,0.21428571428571427,2.642857142857143,0.75,1.6581632653061225,0.0,0.21428571428571427
TR563*0100*2000*01_A2,28.0,8,1.0,0.125,0.25,0.5,0.125,0.0,0.0,0.375,0.625,0.0,0.625,0.125,2.625,1.6666666666666667,0.734375,0.125,0.125
TR567*0100*2000*01_A1,28.0,8,1.0,0.125,0.125,0.25,0.375,0.0,0.125,0.25,0.625,0.125,0.75,0.5,3.375,3.0,1.984375,0.125,0.0
TR567*0100*2000*01_A4,28.0,9,1.0,0.2222222222222222,0.3333333333333333,0.2222222222222222,0.2222222222222222,0.0,0.0,0.5555555555555556,0.4444444444444444,0.0,0.4444444444444444,0.2222222222222222,2.4444444444444446,0.8,1.1358024691358024,0.1111111111111111,0.0
TR569*0100*2000*01_A1,16.0,13,1.0,0.23076923076923078,0.38461538461538464,0.15384615384615385,0.23076923076923078,0.0,0.0,0.6153846153846154,0.38461538461538464,0.0,0.38461538461538464,0.23076923076923078,2.3846153846153846,0.625,1.1597633136094674,0.07692307692307693,0.15384615384615385
TR569*0100*2000*01_A2,16.0,6,0.8333333333333334,0.6,0.2,0.2,0.0,0.0,0.0,0.8,0.2,0.0,0.2,0.0,1.6,0.25,0.64,0.3333333333333333,0.6666666666666666
TR570*0100*2000*01_A1,37.0,18,0.9444444444444444,0.11764705882352941,0.23529411764705882,0.35294117647058826,0.23529411764705882,0.0,0.058823529411764705,0.35294117647058826,0.5882352941176471,0.058823529411764705,0.6470588235294118,0.29411764705882354,2.9411764705882355,1.8333333333333333,1.4671280276816607,0.2222222222222222,0.16666666666666666
TR570*0100*2000*01_A2,37.0,16,0.9375,0.06666666666666667,0.26666666666666666,0.3333333333333333,0.26666666666666666,0.0,0.06666666666666667,0.3333333333333333,0.6,0.06666666666666667,0.6666666666666666,0.3333333333333333,3.066666666666667,2.0,1.3955555555555559,0.25,0.0625
TR576*0100*2000*01_A1,34.0,18,1.0,0.2777777777777778,0.16666666666666666,0.2777777777777778,0.2222222222222222,0.05555555555555555,0.0,0.4444444444444444,0.5,0.05555555555555555,0.5555555555555556,0.2777777777777778,2.611111111111111,1.25,1.5709876543209877,0.05555555555555555,0.0
TR576*0100*2000*01_A4,34.0,8,1.0,0.0,0.375,0.5,0.0,0.0,0.125,0.375,0.5,0.125,0.625,0.125,3.0,1.6666666666666667,1.5,0.125,0.0
TR577*0100*2000*01_A1,29.0,8,1.0,0.25,0.125,0.375,0.125,0.0,0.125,0.375,0.5,0.125,0.625,0.25,2.875,1.6666666666666667,2.359375,0.125,0.125
TR577*0100*2000*01_A3,29.0,4,1.0,0.0,0.75,0.0,0.25,0.0,0.0,0.75,0.25,0.0,0.25,0.25,2.5,0.3333333333333333,0.75,0.0,0.0
TR87*0100*2000*01_A1,31.0,14,1.0,0.21428571428571427,0.2857142857142857,0.14285714285714285,0.2857142857142857,0.07142857142857142,0.0,0.5,0.42857142857142855,0.07142857142857142,0.5,0.35714285714285715,2.7142857142857144,1.0,1.6326530612244896,0.0,0.0
TR87*0100*2000*01_A3,31.0,5,1.0,0.0,0.2,0.8,0.0,0.0,0.0,0.2,0.8,0.0,0.8,0.0,2.8,4.0,0.15999999999999998,0.4,0.2
TR580*0100*2000*01_A1,34.0,12,1.0,0.4166666666666667,0.3333333333333333,0.25,0.0,0.0,0.0,0.75,0.25,0.0,0.25,0.0,1.8333333333333333,0.3333333333333333,0.638888888888889,0.08333333333333333,0.25
TR580*0100*2000*01_A4,34.0,8,1.0,0.125,0.375,0.0,0.375,0.0,0.125,0.5,0.375,0.125,0.5,0.5,3.125,1.0,2.359375,0.125,0.25
TR581*0100*2000*01_A1,20.0,10,0.9,0.4444444444444444,0.1111111111111111,0.3333333333333333,0.1111111111111111,0.0,0.0,0.5555555555555556,0.4444444444444444,0.0,0.4444444444444444,0.1111111111111111,2.111111111111111,0.8,1.2098765432098766,0.1,0.2
TR581*0100*2000*01_A4,20.0,9,1.0,0.3333333333333333,0.2222222222222222,0.3333333333333333,0.0,0.0,0.1111111111111111,0.5555555555555556,0.3333333333333333,0.1111111111111111,0.4444444444444444,0.1111111111111111,2.4444444444444446,0.8,2.2469135802469133,0.1111111111111111,0.1111111111111111
TR583*0100*2000*01_A1,24.0,13,1.0,0.38461538461538464,0.23076923076923078,0.23076923076923078,0.15384615384615385,0.0,0.0,0.6153846153846154,0.38461538461538464,0.0,0.38461538461538464,0.15384615384615385,2.1538461538461537,0.625,1.2071005917159765,0.15384615384615385,0.07692307692307693
TR583*0100*2000*01_A2,24.0,5,1.0,0.0,0.4,0.4,0.0,0.0,0.2,0.4,0.4,0.2,0.6,0.2,3.2,1.5,2.16,0.0,0.2
TR585*0100*2000*01_A1,36.0,10,1.0,0.6,0.1,0.2,0.1,0.0,0.0,0.7,0.3,0.0,0.3,0.1,1.8,0.42857142857142855,1.16,0.2,0.1
TR585*0100*2000*01_A4,36.0,15,1.0,0.3333333333333333,0.26666666666666666,0.26666666666666666,0.13333333333333333,0.0,0.0,0.6,0.4,0.0,0.4,0.13333333333333333,2.2,0.6666666666666666,1.0933333333333335,0.13333333333333333,0.13333333333333333
TR586*0100*2000*01_A1,30.0,8,1.0,0.25,0.375,0.125,0.25,0.0,0.0,0.625,0.375,0.0,0.375,0.25,2.375,0.6,1.234375,0.125,0.125
TR586*0100*2000*01_A3,30.0,11,0.9090909090909091,0.4,0.2,0.2,0.1,0.1,0.0,0.6,0.3,0.1,0.4,0.2,2.3,0.6666666666666666,1.81,0.09090909090909091,0.2727272727272727
TR588*0100*2000*01_A1,21.0,8,1.0,0.25,0.25,0.125,0.375,0.0,0.0,0.5,0.5,0.0,0.5,0.375,2.625,1.0,1.484375,0.0,0.0
TR588*0100*2000*01_A2,21.0,14,0.9285714285714286,0.46153846153846156,0.07692307692307693,0.15384615384615385,0.23076923076923078,0.07692307692307693,0.0,0.5384615384615384,0.38461538461538464,0.07692307692307693,0.46153846153846156,0.3076923076923077,2.3846153846153846,0.8571428571428571,2.0828402366863905,0.0,0.14285714285714285
TR592*0100*2000*01_A1,29.0,11,1.0,0.18181818181818182,0.2727272727272727,0.2727272727272727,0.2727272727272727,0.0,0.0,0.45454545454545453,0.5454545454545454,0.0,0.5454545454545454,0.2727272727272727,2.6363636363636362,1.2,1.140495867768595,0.0,0.0
TR592*0100*2000*01_A4,29.0,8,1.0,0.0,0.375,0.5,0.125,0.0,0.0,0.375,0.625,0.0,0.625,0.125,2.75,1.6666666666666667,0.4375,0.25,0.125
TR593*0100*2000*01_A1,36.0,10,1.0,0.3,0.4,0.2,0.1,0.0,0.0,0.7,0.3,0.0,0.3,0.1,2.1,0.42857142857142855,0.8900000000000002,0.1,0.1
TR593*0100*2000*01_A2,36.0,5,1.0,0.2,0.0,0.4,0.2,0.2,0.0,0.2,0.6,0.2,0.8,0.4,3.2,4.0,1.7600000000000002,0.2,0.0
TR595*0100*2000*01_A1,32.0,6,1.0,0.16666666666666666,0.3333333333333333,0.3333333333333333,0.0,0.0,0.16666666666666666,0.5,0.3333333333333333,0.16666666666666666,0.5,0.16666666666666666,2.8333333333333335,1.0,2.4722222222222223,0.0,0.3333333333333333
TR595*0100*2000*01_A2,32.0,8,1.0,0.375,0.0,0.125,0.25,0.0,0.25,0.375,0.375,0.25,0.625,0.5,3.25,1.6666666666666667,3.9375,0.25,0.25
TR596*0100*2000*01_A1,28.0,11,1.0,0.36363636363636365,0.09090909090909091,0.2727272727272727,0.18181818181818182,0.0,0.09090909090909091,0.45454545454545453,0.45454545454545453,0.09090909090909091,0.5454545454545454,0.2727272727272727,2.6363636363636362,1.2,2.4132231404958677,0.2727272727272727,0.0
TR596*0100*2000*01_A3,28.0,6,0.8333333333333334,0.8,0.0,0.0,0.0,0.0,0.2,0.8,0.0,0.2,0.2,0.2,2.0,0.25,4.0,0.0,0.16666666666666666
TR597*0100*2000*01_A1,36.0,12,0.9166666666666666,0.09090909090909091,0.2727272727272727,0.45454545454545453,0.09090909090909091,0.0,0.09090909090909091,0.36363636363636365,0.5454545454545454,0.09090909090909091,0.6363636363636364,0.18181818181818182,2.909090909090909,1.75,1.5371900826446285,0.08333333333333333,0.25
TR597*0100*2000*01_A3,36.0,18,1.0,0.0,0.3333333333333333,0.3888888888888889,0.1111111111111111,0.1111111111111111,0.05555555555555555,0.3333333333333333,0.5,0.16666666666666666,0.6666666666666666,0.2777777777777778,3.1666666666666665,2.0,1.3611111111111112,0.16666666666666666,0.05555555555555555
TR598*0100*2000*01_A1,34.0,11,1.0,0.09090909090909091,0.36363636363636365,0.36363636363636365,0.18181818181818182,0.0,0.0,0.45454545454545453,0.5454545454545454,0.0,0.5454545454545454,0.18181818181818182,2.6363636363636362,1.2,0.7768595041322314,0.18181818181818182,0.18181818181818182
TR598*0100*2000*01_A4,34.0,6,0.8333333333333334,0.0,0.2,0.6,0.2,0.0,0.0,0.2,0.8,0.0,0.8,0.2,3.0,4.0,0.4,0.16666666666666666,0.16666666666666666
TR604*0100*2000*01_A1,38.0,10,1.0,0.3,0.1,0.5,0.1,0.0,0.0,0.4,0.6,0.0,0.6,0.1,2.4,1.5,1.0399999999999998,0.0,0.0
TR604*0100*2000*01_A3,38.0,5,1.0,0.0,0.2,0.2,0.0,0.4,0.2,0.2,0.2,0.6,0.8,0.6,4.2,4.0,2.16,0.0,0.0
TR605*0100*2000*01_A1,25.0,19,0.8947368421052632,0.5882352941176471,0.17647058823529413,0.11764705882352941,0.11764705882352941,0.0,0.0,0.7647058823529411,0.23529411764705882,0.0,0.23529411764705882,0.11764705882352941,1.7647058823529411,0.3076923076923077,1.1211072664359862,0.0,0.15789473684210525
TR605*0100*2000*01_A4,25.0,19,0.9473684210526315,0.05555555555555555,0.2777777777777778,0.5,0.1111111111111111,0.0,0.05555555555555555,0.3333333333333333,0.6111111111111112,0.05555555555555555,0.6666666666666666,0.16666666666666666,2.888888888888889,2.0,1.0987654320987654,0.10526315789473684,0.15789473684210525
TR608*0100*2000*01_A1,26.0,8,1.0,0.375,0.125,0.375,0.125,0.0,0.0,0.5,0.5,0.0,0.5,0.125,2.25,1.0,1.1875,0.0,0.0
TR608*0100*2000*01_A4,26.0,9,1.0,0.3333333333333333,0.3333333333333333,0.1111111111111111,0.2222222222222222,0.0,0.0,0.6666666666666666,0.3333333333333333,0.0,0.3333333333333333,0.2222222222222222,2.2222222222222223,0.5,1.2839506172839508,0.1111111111111111,0.1111111111111111
TR609*0100*2000*01_A1,36.0,8,1.0,0.375,0.5,0.125,0.0,0.0,0.0,0.875,0.125,0.0,0.125,0.0,1.75,0.14285714285714285,0.4375,0.0,0.125
TR609*0100*2000*01_A4,36.0,12,1.0,0.16666666666666666,0.0,0.5,0.16666666666666666,0.08333333333333333,0.08333333333333333,0.16666666666666666,0.6666666666666666,0.16666666666666666,0.8333333333333334,0.3333333333333333,3.25,5.0,1.8541666666666667,0.16666666666666666,0.16666666666666666
TR611*0100*2000*01_A1,21.0,14,0.9285714285714286,0.07692307692307693,0.38461538461538464,0.38461538461538464,0.07692307692307693,0.0,0.07692307692307693,0.46153846153846156,0.46153846153846156,0.07692307692307693,0.5384615384615384,0.15384615384615385,2.769230769230769,1.1666666666666667,1.408284023668639,0.21428571428571427,0.2857142857142857
TR611*0100*2000*01_A4,21.0,9,0.8888888888888888,0.0,0.875,0.125,0.0,0.0,0.0,0.875,0.125,0.0,0.125,0.0,2.125,0.14285714285714285,0.109375,0.0,0.2222222222222222
TR613*0100*2000*01_A1,28.0,13,1.0,0.23076923076923078,0.07692307692307693,0.46153846153846156,0.23076923076923078,0.0,0.0,0.3076923076923077,0.6923076923076923,0.0,0.6923076923076923,0.23076923076923078,2.6923076923076925,2.25,1.1360946745562133,0.15384615384615385,0.15384615384615385
TR613*0100*2000*01_A4,28.0,7,1.0,0.14285714285714285,0.42857142857142855,0.42857142857142855,0.0,0.0,0.0,0.5714285714285714,0.42857142857142855,0.0,0.42857142857142855,0.0,2.2857142857142856,0.75,0.48979591836734704,0.0,0.2857142857142857
TR615*0100*2000*01_A1,27.0,22,1.0,0.45454545454545453,0.3181818181818182,0.13636363636363635,0.045454545454545456,0.0,0.045454545454545456,0.7727272727272727,0.18181818181818182,0.045454545454545456,0.22727272727272727,0.09090909090909091,1.9545454545454546,0.29411764705882354,1.4979338842975205,0.0,0.13636363636363635
TR615*0100*2000*01_A3,27.0,7,1.0,0.2857142857142857,0.14285714285714285,0.42857142857142855,0.0,0.14285714285714285,0.0,0.42857142857142855,0.42857142857142855,0.14285714285714285,0.5714285714285714,0.14285714285714285,2.5714285714285716,1.3333333333333333,1.6734693877551021,0.0,0.0
TR618*0100*2000*01_A1,34.0,8,1.0,0.375,0.0,0.5,0.125,0.0,0.0,0.375,0.625,0.0,0.625,0.125,2.375,1.6666666666666667,1.234375,0.0,0.0
TR618*0100*2000*01_A4,34.0,9,1.0,0.2222222222222222,0.3333333333333333,0.1111111111111111,0.2222222222222222,0.0,0.1111111111111111,0.5555555555555556,0.3333333333333333,0.1111111111111111,0.4444444444444444,0.3333333333333333,2.7777777777777777,0.8,2.3950617283950617,0.0,0.1111111111111111
TR619*0100*2000*01_A1,31.0,15,0.9333333333333333,0.21428571428571427,0.14285714285714285,0.5,0.07142857142857142,0.07142857142857142,0.0,0.35714285714285715,0.5714285714285714,0.07142857142857142,0.6428571428571429,0.14285714285714285,2.642857142857143,1.8,1.2295918367346936,0.13333333333333333,0.06666666666666667
TR619*0100*2000*01_A4,31.0,6,1.0,0.3333333333333333,0.3333333333333333,0.3333333333333333,0.0,0.0,0.0,0.6666666666666666,0.3333333333333333,0.0,0.3333333333333333,0.0,2.0,0.5,0.6666666666666666,0.16666666666666666,0.0
TR622*0100*2000*01_A1,30.0,11,1.0,0.45454545454545453,0.2727272727272727,0.09090909090909091,0.18181818181818182,0.0,0.0,0.7272727272727273,0.2727272727272727,0.0,0.2727272727272727,0.18181818181818182,2.0,0.375,1.2727272727272727,0.09090909090909091,0.09090909090909091
TR622*0100*2000*01_A3,30.0,17,1.0,0.23529411764705882,0.23529411764705882,0.29411764705882354,0.17647058823529413,0.0,0.058823529411764705,0.47058823529411764,0.47058823529411764,0.058823529411764705,0.5294117647058824,0.23529411764705882,2.6470588235294117,1.125,1.7577854671280277,0.17647058823529413,0.17647058823529413
TR623*0100*2000*01_A1,29.0,13,1.0,0.15384615384615385,0.38461538461538464,0.15384615384615385,0.3076923076923077,0.0,0.0,0.5384615384615384,0.46153846153846156,0.0,0.46153846153846156,0.3076923076923077,2.6153846153846154,0.8571428571428571,1.1597633136094676,0.07692307692307693,0.23076923076923078
TR623*0100*2000*01_A3,29.0,7,1.0,0.14285714285714285,0.42857142857142855,0.2857142857142857,0.14285714285714285,0.0,0.0,0.5714285714285714,0.42857142857142855,0.0,0.42857142857142855,0.14285714285714285,2.4285714285714284,0.75,0.816326530612245,0.0,0.42857142857142855
TR625*0100*2000*01_A1,28.0,7,1.0,0.2857142857142857,0.42857142857142855,0.2857142857142857,0.0,0.0,0.0,0.7142857142857143,0.2857142857142857,0.0,0.2857142857142857,0.0,2.0,0.4,0.5714285714285714,0.14285714285714285,0.14285714285714285
TR625*0100*2000*01_A4,28.0,10,1.0,0.3,0.2,0.2,0.2,0.1,0.0,0.5,0.4,0.1,0.5,0.3,2.6,1.0,1.8399999999999999,0.1,0.1
TR626*0100*2000*01_A1,34.0,11,1.0,0.18181818181818182,0.2727272727272727,0.36363636363636365,0.09090909090909091,0.09090909090909091,0.0,0.45454545454545453,0.45454545454545453,0.09090909090909091,0.5454545454545454,0.18181818181818182,2.6363636363636362,1.2,1.322314049586777,0.09090909090909091,0.2727272727272727
TR626*0100*2000*01_A4,34.0,10,0.9,0.3333333333333333,0.1111111111111111,0.2222222222222222,0.1111111111111111,0.1111111111111111,0.1111111111111111,0.4444444444444444,0.3333333333333333,0.2222222222222222,0.5555555555555556,0.3333333333333333,2.888888888888889,1.25,2.9876543209876543,0.2,0.1
TR627*0100*2000*01_A1,27.0,6,1.0,0.3333333333333333,0.0,0.3333333333333333,0.16666666666666666,0.0,0.16666666666666666,0.3333333333333333,0.5,0.16666666666666666,0.6666666666666666,0.3333333333333333,3.0,2.0,3.0,0.0,0.16666666666666666
TR627*0100*2000*01_A3,27.0,4,0.75,0.6666666666666666,0.3333333333333333,0.0,0.0,0.0,0.0,1.0,0.0,0.0,0.0,0.0,1.3333333333333333,0.0,0.2222222222222222,0.0,0.5
TR630*0100*2000*01_A1,28.0,7,1.0,0.42857142857142855,0.2857142857142857,0.2857142857142857,0.0,0.0,0.0,0.7142857142857143,0.2857142857142857,0.0,0.2857142857142857,0.0,1.8571428571428572,0.4,0.6938775510204082,0.0,0.14285714285714285
TR630*0100*2000*01_A3,28.0,3,0.6666666666666666,0.0,0.5,0.0,0.5,0.0,0.0,0.5,0.5,0.0,0.5,0.5,3.0,1.0,1.0,0.3333333333333333,0.3333333333333333
TR632*0100*2000*01_A1,18.0,6,1.0,0.6666666666666666,0.16666666666666666,0.16666666666666666,0.0,0.0,0.0,0.8333333333333334,0.16666666666666666,0.0,0.16666666666666666,0.0,1.5,0.2,0.5833333333333334,0.0,0.16666666666666666
TR632*0100*2000*01_A3,18.0,4,1.0,0.5,0.25,0.0,0.0,0.25,0.0,0.75,0.0,0.25,0.25,0.25,2.25,0.3333333333333333,2.6875,0.0,0.25
TR633*0100*2000*01_A1,29.0,9,1.0,0.3333333333333333,0.2222222222222222,0.4444444444444444,0.0,0.0,0.0,0.5555555555555556,0.4444444444444444,0.0,0.4444444444444444,0.0,2.111111111111111,0.8,0.7654320987654322,0.1111111111111111,0.2222222222222222
TR633*0100*2000*01_A2,29.0,5,1.0,0.6,0.0,0.0,0.4,0.0,0.0,0.6,0.4,0.0,0.4,0.4,2.2,0.6666666666666666,2.16,0.2,0.0
TR90*0100*2000*01_A1,39.0,10,1.0,0.4,0.0,0.3,0.2,0.0,0.1,0.4,0.5,0.1,0.6,0.3,2.7,1.5,2.6100000000000003,0.3,0.0
TR90*0100*2000*01_A3,39.0,15,1.0,0.26666666666666666,0.4,0.06666666666666667,0.13333333333333333,0.13333333333333333,0.0,0.6666666666666666,0.2,0.13333333333333333,0.3333333333333333,0.26666666666666666,2.466666666666667,0.5,1.848888888888889,0.13333333333333333,0.26666666666666666
TR635*0100*2000*01_A1,31.0,9,1.0,0.7777777777777778,0.0,0.2222222222222222,0.0,0.0,0.0,0.7777777777777778,0.2222222222222222,0.0,0.2222222222222222,0.0,1.4444444444444444,0.2857142857142857,0.691358024691358,0.1111111111111111,0.0
TR635*0100*2000*01_A2,31.0,8,1.0,0.5,0.125,0.125,0.125,0.125,0.0,0.625,0.25,0.125,0.375,0.25,2.25,0.6,2.1875,0.125,0.0
TR636*0100*2000*01_A1,34.0,22,1.0,0.22727272727272727,0.3181818181818182,0.3181818181818182,0.045454545454545456,0.045454545454545456,0.045454545454545456,0.5454545454545454,0.36363636363636365,0.09090909090909091,0.45454545454545453,0.13636363636363635,2.5,0.8333333333333334,1.6136363636363635,0.045454545454545456,0.09090909090909091
TR636*0100*2000*01_A4,34.0,16,1.0,0.0625,0.25,0.375,0.0625,0.0,0.25,0.3125,0.4375,0.25,0.6875,0.3125,3.4375,2.2,2.62109375,0.125,0.1875
TR644*0100*2000*01_A1,29.0,12,1.0,0.3333333333333333,0.16666666666666666,0.3333333333333333,0.16666666666666666,0.0,0.0,0.5,0.5,0.0,0.5,0.16666666666666666,2.3333333333333335,1.0,1.222222222222222,0.16666666666666666,0.16666666666666666
TR644*0100*2000*01_A3,29.0,4,0.75,0.3333333333333333,0.3333333333333333,0.0,0.3333333333333333,0.0,0.0,0.6666666666666666,0.3333333333333333,0.0,0.3333333333333333,0.3333333333333333,2.3333333333333335,0.5,1.5555555555555554,0.0,0.25
TR645*0100*2000*01_A1,25.0,11,1.0,0.18181818181818182,0.2727272727272727,0.2727272727272727,0.2727272727272727,0.0,0.0,0.45454545454545453,0.5454545454545454,0.0,0.5454545454545454,0.2727272727272727,2.6363636363636362,1.2,1.140495867768595,0.0,0.09090909090909091
TR645*0100*2000*01_A3,25.0,1,1.0,0.0,1.0,0.0,0.0,0.0,0.0,1.0,0.0,0.0,0.0,0.0,2.0,0.0,0.0,0.0,1.0
TR646*0100*2000*01_A1,26.0,11,1.0,0.18181818181818182,0.09090909090909091,0.36363636363636365,0.2727272727272727,0.0,0.09090909090909091,0.2727272727272727,0.6363636363636364,0.09090909090909091,0.7272727272727273,0.36363636363636365,3.090909090909091,2.6666666666666665,1.9008264462809918,0.2727272727272727,0.0
TR646*0100*2000*01_A2,26.0,3,1.0,0.0,0.6666666666666666,0.0,0.3333333333333333,0.0,0.0,0.6666666666666666,0.3333333333333333,0.0,0.3333333333333333,0.3333333333333333,2.6666666666666665,0.5,0.8888888888888888,0.0,0.6666666666666666
TR647*0100*2000*01_A1,19.0,7,1.0,0.5714285714285714,0.2857142857142857,0.14285714285714285,0.0,0.0,0.0,0.8571428571428571,0.14285714285714285,0.0,0.14285714285714285,0.0,1.5714285714285714,0.16666666666666666,0.5306122448979591,0.0,0.0
TR647*0100*2000*01_A3,19.0,5,1.0,0.4,0.2,0.2,0.2,0.0,0.0,0.6,0.4,0.0,0.4,0.2,2.2,0.6666666666666666,1.3599999999999999,0.2,0.4
TR649*0100*2000*01_A1,24.0,13,1.0,0.23076923076923078,0.3076923076923077,0.23076923076923078,0.23076923076923078,0.0,0.0,0.5384615384615384,0.46153846153846156,0.0,0.46153846153846156,0.23076923076923078,2.4615384615384617,0.8571428571428571,1.1715976331360947,0.07692307692307693,0.15384615384615385
TR649*0100*2000*01_A2,24.0,15,1.0,0.4,0.13333333333333333,0.26666666666666666,0.06666666666666667,0.06666666666666667,0.06666666666666667,0.5333333333333333,0.3333333333333333,0.13333333333333333,0.4666666666666667,0.2,2.466666666666667,0.875,2.382222222222223,0.13333333333333333,0.06666666666666667
TR651*0100*2000*01_A1,36.0,8,0.875,0.5714285714285714,0.0,0.14285714285714285,0.2857142857142857,0.0,0.0,0.5714285714285714,0.42857142857142855,0.0,0.42857142857142855,0.2857142857142857,2.142857142857143,0.75,1.836734693877551,0.125,0.125
TR651*0100*2000*01_A3,36.0,14,1.0,0.14285714285714285,0.2857142857142857,0.35714285714285715,0.14285714285714285,0.0,0.07142857142857142,0.42857142857142855,0.5,0.07142857142857142,0.5714285714285714,0.21428571428571427,2.7857142857142856,1.3333333333333333,1.596938775510204,0.0,0.35714285714285715
TR653*0100*2000*01_A1,26.0,19,1.0,0.5263157894736842,0.15789473684210525,0.21052631578947367,0.05263157894736842,0.0,0.05263157894736842,0.6842105263157895,0.2631578947368421,0.05263157894736842,0.3157894736842105,0.10526315789473684,2.0,0.46153846153846156,1.7894736842105263,0.0,0.10526315789473684
TR653*0100*2000*01_A2,26.0,5,1.0,0.0,0.2,0.0,0.2,0.0,0.6,0.2,0.2,0.6,0.8,0.8,4.8,4.0,2.56,0.2,0.0
TR654*0100*2000*01_A1,23.0,8,1.0,0.375,0.25,0.25,0.125,0.0,0.0,0.625,0.375,0.0,0.375,0.125,2.125,0.6,1.109375,0.25,0.125
TR654*0100*2000*01_A3,23.0,6,1.0,0.16666666666666666,0.5,0.16666666666666666,0.0,0.0,0.16666666666666666,0.6666666666666666,0.16666666666666666,0.16666666666666666,0.3333333333333333,0.16666666666666666,2.6666666666666665,0.5,2.555555555555556,0.0,0.5
TR655*0100*2000*01_A1,39.0,10,1.0,0.4,0.3,0.1,0.1,0.0,0.1,0.7,0.2,0.1,0.3,0.2,2.3,0.42857142857142855,2.41,0.0,0.0
TR655*0100*2000*01_A3,39.0,16,0.9375,0.13333333333333333,0.13333333333333333,0.4,0.2,0.06666666666666667,0.06666666666666667,0.26666666666666666,0.6,0.13333333333333333,0.7333333333333333,0.3333333333333333,3.1333333333333333,2.75,1.715555555555555,0.25,0.0625
TR658*0100*2000*01_A1,33.0,7,1.0,0.5714285714285714,0.0,0.42857142857142855,0.0,0.0,0.0,0.5714285714285714,0.42857142857142855,0.0,0.42857142857142855,0.0,1.8571428571428572,0.75,0.9795918367346939,0.2857142857142857,0.0
TR658*0100*2000*01_A4,33.0,10,1.0,0.2,0.3,0.2,0.1,0.1,0.1,0.5,0.3,0.2,0.5,0.3,2.9,1.0,2.4900000000000007,0.0,0.1
TR662*0100*2000*01_A1,19.0,8,1.0,0.125,0.25,0.5,0.0,0.0,0.125,0.375,0.5,0.125,0.625,0.125,2.875,1.6666666666666667,1.859375,0.125,0.0
TR662*0100*2000*01_A2,19.0,7,0.8571428571428571,0.3333333333333333,0.16666666666666666,0.3333333333333333,0.0,0.0,0.16666666666666666,0.5,0.3333333333333333,0.16666666666666666,0.5,0.16666666666666666,2.6666666666666665,1.0,2.888888888888889,0.14285714285714285,0.5714285714285714
TR663*0100*2000*01_A1,29.0,14,1.0,0.5,0.21428571428571427,0.21428571428571427,0.07142857142857142,0.0,0.0,0.7142857142857143,0.2857142857142857,0.0,0.2857142857142857,0.07142857142857142,1.8571428571428572,0.4,0.9795918367346939,0.14285714285714285,0.0
TR663*0100*2000*01_A3,29.0,10,0.9,0.2222222222222222,0.3333333333333333,0.2222222222222222,0.2222222222222222,0.0,0.0,0.5555555555555556,0.4444444444444444,0.0,0.4444444444444444,0.2222222222222222,2.4444444444444446,0.8,1.1358024691358024,0.2,0.2
TR664*0100*2000*01_A1,29.0,14,0.9285714285714286,0.3076923076923077,0.07692307692307693,0.46153846153846156,0.15384615384615385,0.0,0.0,0.38461538461538464,0.6153846153846154,0.0,0.6153846153846154,0.15384615384615385,2.4615384615384617,1.6,1.1715976331360947,0.21428571428571427,0.07142857142857142
TR664*0100*2000*01_A2,29.0,12,1.0,0.5833333333333334,0.0,0.25,0.08333333333333333,0.0,0.08333333333333333,0.5833333333333334,0.3333333333333333,0.08333333333333333,0.4166666666666667,0.16666666666666666,2.1666666666666665,0.7142857142857143,2.4722222222222223,0.16666666666666666,0.0
TR665*0100*2000*01_A1,31.0,11,1.0,0.2727272727272727,0.2727272727272727,0.36363636363636365,0.0,0.09090909090909091,0.0,0.5454545454545454,0.36363636363636365,0.09090909090909091,0.45454545454545453,0.09090909090909091,2.3636363636363638,0.8333333333333334,1.322314049586777,0.18181818181818182,0.09090909090909091
TR665*0100*2000*01_A3,31.0,8,1.0,0.25,0.375,0.0,0.25,0.125,0.0,0.625,0.25,0.125,0.375,0.375,2.625,0.6,1.984375,0.0,0.25
TR668*0100*2000*01_A1,26.0,11,1.0,0.2727272727272727,0.36363636363636365,0.36363636363636365,0.0,0.0,0.0,0.6363636363636364,0.36363636363636365,0.0,0.36363636363636365,0.0,2.090909090909091,0.5714285714285714,0.6280991735537189,0.0,0.2727272727272727
TR668*0100*2000*01_A4,26.0,13,1.0,0.3076923076923077,0.38461538461538464,0.15384615384615385,0.15384615384615385,0.0,0.0,0.6923076923076923,0.3076923076923077,0.0,0.3076923076923077,0.15384615384615385,2.1538461538461537,0.4444444444444444,1.0532544378698225,0.07692307692307693,0.38461538461538464
TR669*0100*2000*01_A1,27.0,9,1.0,0.2222222222222222,0.1111111111111111,0.1111111111111111,0.4444444444444444,0.0,0.1111111111111111,0.3333333333333333,0.5555555555555556,0.1111111111111111,0.6666666666666666,0.5555555555555556,3.2222222222222223,2.0,2.3950617283950617,0.3333333333333333,0.0
TR669*0100*2000*01_A3,27.0,9,1.0,0.1111111111111111,0.3333333333333333,0.3333333333333333,0.2222222222222222,0.0,0.0,0.4444444444444444,0.5555555555555556,0.0,0.5555555555555556,0.2222222222222222,2.6666666666666665,1.25,0.8888888888888888,0.0,0.1111111111111111
TR670*0100*2000*01_A1,24.0,9,1.0,0.3333333333333333,0.3333333333333333,0.3333333333333333,0.0,0.0,0.0,0.6666666666666666,0.3333333333333333,0.0,0.3333333333333333,0.0,2.0,0.5,0.6666666666666666,0.1111111111111111,0.1111111111111111
TR670*0100*2000*01_A3,24.0,7,1.0,0.2857142857142857,0.42857142857142855,0.14285714285714285,0.14285714285714285,0.0,0.0,0.7142857142857143,0.2857142857142857,0.0,0.2857142857142857,0.14285714285714285,2.142857142857143,0.4,0.9795918367346937,0.14285714285714285,0.2857142857142857
TR671*0100*2000*01_A1,28.0,9,1.0,0.2222222222222222,0.1111111111111111,0.3333333333333333,0.2222222222222222,0.1111111111111111,0.0,0.3333333333333333,0.5555555555555556,0.1111111111111111,0.6666666666666666,0.3333333333333333,2.888888888888889,2.0,1.6543209876543212,0.1111111111111111,0.0
TR671*0100*2000*01_A3,28.0,14,1.0,0.07142857142857142,0.2857142857142857,0.14285714285714285,0.21428571428571427,0.2857142857142857,0.0,0.35714285714285715,0.35714285714285715,0.2857142857142857,0.6428571428571429,0.5,3.357142857142857,1.8,1.801020408163265,0.14285714285714285,0.07142857142857142
TR92*0100*2000*01_A1,27.0,15,1.0,0.4,0.26666666666666666,0.2,0.13333333333333333,0.0,0.0,0.6666666666666666,0.3333333333333333,0.0,0.3333333333333333,0.13333333333333333,2.066666666666667,0.5,1.1288888888888888,0.0,0.13333333333333333
TR92*0100*2000*01_A3,27.0,13,1.0,0.38461538461538464,0.23076923076923078,0.07692307692307693,0.23076923076923078,0.07692307692307693,0.0,0.6153846153846154,0.3076923076923077,0.07692307692307693,0.38461538461538464,0.3076923076923077,2.3846153846153846,0.625,1.9289940828402368,0.15384615384615385,0.07692307692307693
TR675*0100*2000*01_A1,22.0,10,1.0,0.2,0.1,0.6,0.1,0.0,0.0,0.3,0.7,0.0,0.7,0.1,2.6,2.3333333333333335,0.8400000000000001,0.2,0.2
TR675*0100*2000*01_A4,22.0,7,1.0,0.14285714285714285,0.42857142857142855,0.2857142857142857,0.14285714285714285,0.0,0.0,0.5714285714285714,0.42857142857142855,0.0,0.42857142857142855,0.14285714285714285,2.4285714285714284,0.75,0.816326530612245,0.14285714285714285,0.14285714285714285
TR676*0100*2000*01_A1,24.0,10,1.0,0.3,0.3,0.3,0.1,0.0,0.0,0.6,0.4,0.0,0.4,0.1,2.2,0.6666666666666666,0.9600000000000002,0.1,0.0
TR676*0100*2000*01_A4,24.0,10,1.0,0.1,0.2,0.4,0.1,0.0,0.2,0.3,0.5,0.2,0.7,0.3,3.3,2.3333333333333335,2.4099999999999997,0.1,0.1
TR679*0100*2000*01_A1,32.0,12,1.0,0.25,0.16666666666666666,0.16666666666666666,0.3333333333333333,0.08333333333333333,0.0,0.4166666666666667,0.5,0.08333333333333333,0.5833333333333334,0.4166666666666667,2.8333333333333335,1.4,1.8055555555555554,0.0,0.08333333333333333
TR679*0100*2000*01_A2,32.0,2,1.0,0.0,0.5,0.0,0.0,0.0,0.5,0.5,0.0,0.5,0.5,0.5,4.0,1.0,4.0,0.0,0.0
TR680*0100*2000*01_A1,30.0,8,1.0,0.25,0.375,0.125,0.25,0.0,0.0,0.625,0.375,0.0,0.375,0.25,2.375,0.6,1.234375,0.0,0.0
TR680*0100*2000*01_A2,30.0,7,1.0,0.14285714285714285,0.14285714285714285,0.14285714285714285,0.42857142857142855,0.0,0.14285714285714285,0.2857142857142857,0.5714285714285714,0.14285714285714285,0.7142857142857143,0.5714285714285714,3.4285714285714284,2.5,2.2448979591836737,0.14285714285714285,0.14285714285714285
TR683*0100*2000*01_A1,22.0,10,1.0,0.5,0.3,0.1,0.0,0.0,0.1,0.8,0.1,0.1,0.2,0.1,2.0,0.25,2.2,0.0,0.1
TR683*0100*2000*01_A2,22.0,9,1.0,0.3333333333333333,0.2222222222222222,0.3333333333333333,0.1111111111111111,0.0,0.0,0.5555555555555556,0.4444444444444444,0.0,0.4444444444444444,0.1111111111111111,2.2222222222222223,0.8,1.0617283950617284,0.0,0.0
TR685*0100*2000*01_A1,27.0,12,1.0,0.4166666666666667,0.08333333333333333,0.25,0.25,0.0,0.0,0.5,0.5,0.0,0.5,0.25,2.3333333333333335,1.0,1.5555555555555556,0.25,0.08333333333333333
TR685*0100*2000*01_A3,27.0,10,1.0,0.3,0.3,0.3,0.1,0.0,0.0,0.6,0.4,0.0,0.4,0.1,2.2,0.6666666666666666,0.96,0.0,0.1
TR686*0100*2000*01_A1,36.0,12,0.9166666666666666,0.2727272727272727,0.2727272727272727,0.09090909090909091,0.36363636363636365,0.0,0.0,0.5454545454545454,0.45454545454545453,0.0,0.45454545454545453,0.36363636363636365,2.5454545454545454,0.8333333333333334,1.5206611570247934,0.08333333333333333,0.08333333333333333
TR686*0100*2000*01_A3,36.0,10,1.0,0.1,0.8,0.1,0.0,0.0,0.0,0.9,0.1,0.0,0.1,0.0,2.0,0.1111111111111111,0.2,0.0,0.3
TR692*0100*2000*01_A1,23.0,14,1.0,0.2857142857142857,0.35714285714285715,0.2857142857142857,0.07142857142857142,0.0,0.0,0.6428571428571429,0.35714285714285715,0.0,0.35714285714285715,0.07142857142857142,2.142857142857143,0.5555555555555556,0.836734693877551,0.0,0.0
TR692*0100*2000*01_A4,23.0,13,1.0,0.3076923076923077,0.38461538461538464,0.23076923076923078,0.07692307692307693,0.0,0.0,0.6923076923076923,0.3076923076923077,0.0,0.3076923076923077,0.07692307692307693,2.076923076923077,0.4444444444444444,0.8402366863905324,0.0,0.07692307692307693
TR693*0100*2000*01_A1,25.0,8,1.0,0.375,0.25,0.25,0.125,0.0,0.0,0.625,0.375,0.0,0.375,0.125,2.125,0.6,1.109375,0.125,0.0
TR693*0100*2000*01_A4,25.0,12,1.0,0.3333333333333333,0.3333333333333333,0.08333333333333333,0.08333333333333333,0.08333333333333333,0.08333333333333333,0.6666666666666666,0.16666666666666666,0.16666666666666666,0.3333333333333333,0.25,2.5,0.5,2.5833333333333335,0.16666666666666666,0.0
TR694*0100*2000*01_A1,32.0,13,1.0,0.46153846153846156,0.15384615384615385,0.3076923076923077,0.07692307692307693,0.0,0.0,0.6153846153846154,0.38461538461538464,0.0,0.38461538461538464,0.07692307692307693,2.0,0.625,1.0769230769230769,0.07692307692307693,0.07692307692307693
TR694*0100*2000*01_A4,32.0,12,1.0,0.16666666666666666,0.25,0.4166666666666667,0.08333333333333333,0.0,0.08333333333333333,0.4166666666666667,0.5,0.08333333333333333,0.5833333333333334,0.16666666666666666,2.75,1.4,1.6875,0.16666666666666666,0.25
TR695*0100*2000*01_A1,32.0,11,1.0,0.2727272727272727,0.36363636363636365,0.2727272727272727,0.09090909090909091,0.0,0.0,0.6363636363636364,0.36363636363636365,0.0,0.36363636363636365,0.09090909090909091,2.1818181818181817,0.5714285714285714,0.8760330578512394,0.09090909090909091,0.18181818181818182
TR695*0100*2000*01_A4,32.0,9,1.0,0.1111111111111111,0.3333333333333333,0.3333333333333333,0.1111111111111111,0.0,0.1111111111111111,0.4444444444444444,0.4444444444444444,0.1111111111111111,0.5555555555555556,0.2222222222222222,2.888888888888889,1.25,1.8765432098765433,0.0,0.2222222222222222
TR698*0100*2000*01_A1,31.0,9,1.0,0.3333333333333333,0.2222222222222222,0.4444444444444444,0.0,0.0,0.0,0.5555555555555556,0.4444444444444444,0.0,0.4444444444444444,0.0,2.111111111111111,0.8,0.7654320987654322,0.1111111111111111,0.0
TR698*0100*2000*01_A4,31.0,11,1.0,0.0,0.18181818181818182,0.6363636363636364,0.09090909090909091,0.0,0.09090909090909091,0.18181818181818182,0.7272727272727273,0.09090909090909091,0.8181818181818182,0.18181818181818182,3.1818181818181817,4.5,1.0578512396694213,0.0,0.09090909090909091
TR699*0100*2000*01_A1,25.0,14,1.0,0.2857142857142857,0.21428571428571427,0.2857142857142857,0.14285714285714285,0.0,0.07142857142857142,0.5,0.42857142857142855,0.07142857142857142,0.5,0.21428571428571427,2.5714285714285716,1.0,1.959183673469388,0.07142857142857142,0.14285714285714285
TR699*0100*2000*01_A2,25.0,4,1.0,0.0,0.25,0.5,0.25,0.0,0.0,0.25,0.75,0.0,0.75,0.25,3.0,3.0,0.5,0.25,0.0
TR59*0100*2000*01_A1,24.0,12,1.0,0.16666666666666666,0.3333333333333333,0.3333333333333333,0.08333333333333333,0.0,0.08333333333333333,0.5,0.4166666666666667,0.08333333333333333,0.5,0.16666666666666666,2.6666666666666665,1.0,1.722222222222222,0.16666666666666666,0.16666666666666666
TR59*0100*2000*01_A4,24.0,11,1.0,0.2727272727272727,0.45454545454545453,0.09090909090909091,0.18181818181818182,0.0,0.0,0.7272727272727273,0.2727272727272727,0.0,0.2727272727272727,0.18181818181818182,2.1818181818181817,0.375,1.0578512396694217,0.18181818181818182,0.09090909090909091
TR60*0100*2000*01_A1,23.0,12,1.0,0.4166666666666667,0.4166666666666667,0.16666666666666666,0.0,0.0,0.0,0.8333333333333334,0.16666666666666666,0.0,0.16666666666666666,0.0,1.75,0.2,0.5208333333333334,0.0,0.0
TR60*0100*2000*01_A4,23.0,6,0.8333333333333334,0.2,0.4,0.2,0.0,0.0,0.2,0.6,0.2,0.2,0.4,0.2,2.8,0.6666666666666666,2.96,0.16666666666666666,0.3333333333333333
TR61*0100*2000*01_A1,27.0,17,1.0,0.11764705882352941,0.35294117647058826,0.17647058823529413,0.17647058823529413,0.0,0.17647058823529413,0.47058823529411764,0.35294117647058826,0.17647058823529413,0.5294117647058824,0.35294117647058826,3.1176470588235294,1.125,2.5743944636678204,0.058823529411764705,0.17647058823529413
TR61*0100*2000*01_A4,27.0,16,0.9375,0.4,0.2,0.26666666666666666,0.06666666666666667,0.0,0.06666666666666667,0.6,0.3333333333333333,0.06666666666666667,0.4,0.13333333333333333,2.2666666666666666,0.6666666666666666,1.9288888888888887,0.0625,0.125
TR62*0100*2000*01_A1,27.0,7,1.0,0.42857142857142855,0.0,0.42857142857142855,0.14285714285714285,0.0,0.0,0.42857142857142855,0.5714285714285714,0.0,0.5714285714285714,0.14285714285714285,2.2857142857142856,1.3333333333333333,1.3469387755102038,0.0,0.0
TR62*0100*2000*01_A4,27.0,5,0.8,0.5,0.0,0.0,0.25,0.0,0.25,0.5,0.25,0.25,0.5,0.5,3.0,1.0,4.5,0.2,0.4
TR67*0100*2000*01_A1,31.0,10,1.0,0.4,0.1,0.4,0.1,0.0,0.0,0.5,0.5,0.0,0.5,0.1,2.2,1.0,1.1600000000000001,0.3,0.0
TR67*0100*2000*01_A3,31.0,6,1.0,0.0,0.16666666666666666,0.5,0.3333333333333333,0.0,0.0,0.16666666666666666,0.8333333333333334,0.0,0.8333333333333334,0.3333333333333333,3.1666666666666665,5.0,0.47222222222222215,0.0,0.16666666666666666
TR69*0100*2000*01_A1,30.0,4,1.0,0.5,0.25,0.25,0.0,0.0,0.0,0.75,0.25,0.0,0.25,0.0,1.75,0.3333333333333333,0.6875,0.0,0.0
TR69*0100*2000*01_A4,30.0,8,1.0,0.25,0.25,0.25,0.25,0.0,0.0,0.5,0.5,0.0,0.5,0.25,2.5,1.0,1.25,0.0,0.25
TR71*0100*2000*01_A1,33.0,11,1.0,0.2727272727272727,0.18181818181818182,0.36363636363636365,0.0,0.09090909090909091,0.09090909090909091,0.45454545454545453,0.36363636363636365,0.18181818181818182,0.5454545454545454,0.18181818181818182,2.727272727272727,1.2,2.380165289256198,0.2727272727272727,0.09090909090909091
TR71*0100*2000*01_A4,33.0,8,1.0,0.25,0.125,0.5,0.0,0.0,0.125,0.375,0.5,0.125,0.625,0.125,2.75,1.6666666666666667,2.1875,0.0,0.0
TR73*0100*2000*01_A1,37.0,12,1.0,0.3333333333333333,0.16666666666666666,0.25,0.25,0.0,0.0,0.5,0.5,0.0,0.5,0.25,2.4166666666666665,1.0,1.4097222222222225,0.16666666666666666,0.0
TR73*0100*2000*01_A4,37.0,15,1.0,0.26666666666666666,0.26666666666666666,0.26666666666666666,0.0,0.2,0.0,0.5333333333333333,0.26666666666666666,0.2,0.4666666666666667,0.2,2.6,0.875,1.9733333333333336,0.13333333333333333,0.13333333333333333
TR76*0100*2000*01_A1,29.0,12,1.0,0.16666666666666666,0.25,0.3333333333333333,0.16666666666666666,0.0,0.08333333333333333,0.4166666666666667,0.5,0.08333333333333333,0.5833333333333334,0.25,2.8333333333333335,1.4,1.8055555555555554,0.08333333333333333,0.16666666666666666
TR76*0100*2000*01_A4,29.0,10,1.0,0.2,0.2,0.5,0.0,0.1,0.0,0.4,0.5,0.1,0.6,0.1,2.6,1.5,1.24,0.1,0.2
TR701*0100*2000*01_A1,35.0,8,1.0,0.25,0.25,0.375,0.125,0.0,0.0,0.5,0.5,0.0,0.5,0.125,2.375,1.0,0.984375,0.375,0.125
TR701*0100*2000*01_A3,35.0,11,0.8181818181818182,0.1111111111111111,0.3333333333333333,0.3333333333333333,0.1111111111111111,0.1111111111111111,0.0,0.4444444444444444,0.4444444444444444,0.1111111111111111,0.5555555555555556,0.2222222222222222,2.7777777777777777,1.25,1.2839506172839508,0.09090909090909091,0.18181818181818182
TR713*0100*2000*01_A1,24.0,12,1.0,0.25,0.16666666666666666,0.16666666666666666,0.4166666666666667,0.0,0.0,0.4166666666666667,0.5833333333333334,0.0,0.5833333333333334,0.4166666666666667,2.75,1.4,1.5208333333333333,0.08333333333333333,0.16666666666666666
TR713*0100*2000*01_A3,24.0,8,0.875,0.0,0.2857142857142857,0.14285714285714285,0.14285714285714285,0.14285714285714285,0.2857142857142857,0.2857142857142857,0.2857142857142857,0.42857142857142855,0.7142857142857143,0.5714285714285714,4.0,2.5,2.5714285714285716,0.125,0.125
TR715*0100*2000*01_A1,27.0,15,1.0,0.3333333333333333,0.2,0.2,0.2,0.06666666666666667,0.0,0.5333333333333333,0.4,0.06666666666666667,0.4666666666666667,0.26666666666666666,2.466666666666667,0.875,1.7155555555555557,0.13333333333333333,0.0
TR715*0100*2000*01_A4,27.0,7,1.0,0.0,0.14285714285714285,0.2857142857142857,0.2857142857142857,0.14285714285714285,0.14285714285714285,0.14285714285714285,0.5714285714285714,0.2857142857142857,0.8571428571428571,0.5714285714285714,3.857142857142857,6.0,1.5510204081632655,0.14285714285714285,0.14285714285714285
TR716*0100*2000*01_A1,23.0,6,1.0,0.0,0.5,0.3333333333333333,0.0,0.16666666666666666,0.0,0.5,0.3333333333333333,0.16666666666666666,0.5,0.16666666666666666,2.8333333333333335,1.0,1.1388888888888888,0.16666666666666666,0.0
TR716*0100*2000*01_A4,23.0,15,1.0,0.4,0.06666666666666667,0.26666666666666666,0.06666666666666667,0.06666666666666667,0.13333333333333333,0.4666666666666667,0.3333333333333333,0.2,0.5333333333333333,0.26666666666666666,2.7333333333333334,1.1428571428571428,3.128888888888888,0.0,0.0
TR718*0100*2000*01_A1,29.0,14,0.9285714285714286,0.3076923076923077,0.23076923076923078,0.3076923076923077,0.07692307692307693,0.07692307692307693,0.0,0.5384615384615384,0.38461538461538464,0.07692307692307693,0.46153846153846156,0.15384615384615385,2.3846153846153846,0.8571428571428571,1.4674556213017749,0.14285714285714285,0.07142857142857142
TR718*0100*2000*01_A4,29.0,4,1.0,0.0,0.5,0.25,0.25,0.0,0.0,0.5,0.5,0.0,0.5,0.25,2.75,1.0,0.6875,0.25,0.0
TR719*0100*2000*01_A1,19.0,5,1.0,0.2,0.6,0.2,0.0,0.0,0.0,0.8,0.2,0.0,0.2,0.0,2.0,0.25,0.4,0.0,0.4
TR719*0100*2000*01_A2,19.0,5,1.0,0.0,0.2,0.2,0.4,0.0,0.2,0.2,0.6,0.2,0.8,0.6,3.8,4.0,1.7600000000000002,0.0,0.0
TR722*0100*2000*01_A1,23.0,11,1.0,0.45454545454545453,0.09090909090909091,0.45454545454545453,0.0,0.0,0.0,0.5454545454545454,0.45454545454545453,0.0,0.45454545454545453,0.0,2.0,0.8333333333333334,0.9090909090909091,0.09090909090909091,0.09090909090909091
TR722*0100*2000*01_A2,23.0,3,1.0,0.0,0.3333333333333333,0.6666666666666666,0.0,0.0,0.0,0.3333333333333333,0.6666666666666666,0.0,0.6666666666666666,0.0,2.6666666666666665,2.0,0.22222222222222224,0.0,0.3333333333333333
TR723*0100*2000*01_A1,28.0,10,1.0,0.2,0.4,0.4,0.0,0.0,0.0,0.6,0.4,0.0,0.4,0.0,2.2,0.6666666666666666,0.5599999999999999,0.3,0.1
TR723*0100*2000*01_A4,28.0,7,1.0,0.2857142857142857,0.42857142857142855,0.2857142857142857,0.0,0.0,0.0,0.7142857142857143,0.2857142857142857,0.0,0.2857142857142857,0.0,2.0,0.4,0.5714285714285714,0.14285714285714285,0.2857142857142857
TR724*0100*2000*01_A1,34.0,13,0.8461538461538461,0.09090909090909091,0.18181818181818182,0.36363636363636365,0.36363636363636365,0.0,0.0,0.2727272727272727,0.7272727272727273,0.0,0.7272727272727273,0.36363636363636365,3.0,2.6666666666666665,0.9090909090909091,0.15384615384615385,0.15384615384615385
TR724*0100*2000*01_A2,34.0,9,1.0,0.3333333333333333,0.3333333333333333,0.2222222222222222,0.1111111111111111,0.0,0.0,0.6666666666666666,0.3333333333333333,0.0,0.3333333333333333,0.1111111111111111,2.111111111111111,0.5,0.9876543209876544,0.0,0.1111111111111111
TR725*0100*2000*01_A1,24.0,9,1.0,0.2222222222222222,0.2222222222222222,0.4444444444444444,0.0,0.0,0.1111111111111111,0.4444444444444444,0.4444444444444444,0.1111111111111111,0.5555555555555556,0.1111111111111111,2.6666666666666665,1.25,2.0,0.2222222222222222,0.4444444444444444
TR725*0100*2000*01_A3,24.0,3,1.0,0.0,0.6666666666666666,0.3333333333333333,0.0,0.0,0.0,0.6666666666666666,0.3333333333333333,0.0,0.3333333333333333,0.0,2.3333333333333335,0.5,0.22222222222222224,0.0,0.3333333333333333
TR727*0100*2000*01_A1,20.0,9,1.0,0.3333333333333333,0.1111111111111111,0.3333333333333333,0.2222222222222222,0.0,0.0,0.4444444444444444,0.5555555555555556,0.0,0.5555555555555556,0.2222222222222222,2.4444444444444446,1.25,1.3580246913580245,0.1111111111111111,0.1111111111111111
TR727*0100*2000*01_A4,20.0,11,1.0,0.18181818181818182,0.09090909090909091,0.45454545454545453,0.18181818181818182,0.09090909090909091,0.0,0.2727272727272727,0.6363636363636364,0.09090909090909091,0.7272727272727273,0.2727272727272727,2.909090909090909,2.6666666666666665,1.355371900826446,0.09090909090909091,0.18181818181818182
TR728*0100*2000*01_A1,27.0,8,0.875,0.2857142857142857,0.14285714285714285,0.42857142857142855,0.14285714285714285,0.0,0.0,0.42857142857142855,0.5714285714285714,0.0,0.5714285714285714,0.14285714285714285,2.4285714285714284,1.3333333333333333,1.1020408163265307,0.125,0.125
TR728*0100*2000*01_A3,27.0,3,1.0,0.0,0.3333333333333333,0.3333333333333333,0.3333333333333333,0.0,0.0,0.3333333333333333,0.6666666666666666,0.0,0.6666666666666666,0.3333333333333333,3.0,2.0,0.6666666666666666,0.0,0.0
TR731*0100*2000*01_A1,36.0,14,1.0,0.35714285714285715,0.21428571428571427,0.21428571428571427,0.14285714285714285,0.0,0.07142857142857142,0.5714285714285714,0.35714285714285715,0.07142857142857142,0.42857142857142855,0.21428571428571427,2.4285714285714284,0.75,2.1020408163265305,0.14285714285714285,0.0
TR731*0100*2000*01_A3,36.0,14,1.0,0.21428571428571427,0.07142857142857142,0.07142857142857142,0.42857142857142855,0.14285714285714285,0.07142857142857142,0.2857142857142857,0.5,0.21428571428571427,0.7142857142857143,0.6428571428571429,3.4285714285714284,2.5,2.3877551020408165,0.07142857142857142,0.0
TR732*0100*2000*01_A1,40.0,12,1.0,0.16666666666666666,0.16666666666666666,0.5,0.08333333333333333,0.08333333333333333,0.0,0.3333333333333333,0.5833333333333334,0.08333333333333333,0.6666666666666666,0.16666666666666666,2.75,2.0,1.1875,0.0,0.16666666666666666
TR732*0100*2000*01_A3,40.0,16,0.9375,0.2,0.13333333333333333,0.26666666666666666,0.26666666666666666,0.06666666666666667,0.06666666666666667,0.3333333333333333,0.5333333333333333,0.13333333333333333,0.6666666666666666,0.4,3.066666666666667,2.0,2.0622222222222226,0.1875,0.125
TR733*0100*2000*01_A1,33.0,10,1.0,0.2,0.4,0.3,0.1,0.0,0.0,0.6,0.4,0.0,0.4,0.1,2.3,0.6666666666666666,0.8099999999999999,0.2,0.1
TR733*0100*2000*01_A4,33.0,5,1.0,0.4,0.2,0.4,0.0,0.0,0.0,0.6,0.4,0.0,0.4,0.0,2.0,0.6666666666666666,0.8,0.0,0.0
TR734*0100*2000*01_A1,37.0,14,1.0,0.2857142857142857,0.07142857142857142,0.35714285714285715,0.21428571428571427,0.0,0.07142857142857142,0.35714285714285715,0.5714285714285714,0.07142857142857142,0.6428571428571429,0.2857142857142857,2.7857142857142856,1.8,2.0255102040816326,0.0,0.14285714285714285
TR734*0100*2000*01_A3,37.0,11,1.0,0.09090909090909091,0.18181818181818182,0.2727272727272727,0.36363636363636365,0.0,0.09090909090909091,0.2727272727272727,0.6363636363636364,0.09090909090909091,0.7272727272727273,0.45454545454545453,3.272727272727273,2.6666666666666665,1.6528925619834711,0.18181818181818182,0.2727272727272727
TR735*0100*2000*01_A1,29.0,8,1.0,0.25,0.125,0.5,0.125,0.0,0.0,0.375,0.625,0.0,0.625,0.125,2.5,1.6666666666666667,1.0,0.125,0.0
TR735*0100*2000*01_A4,29.0,10,1.0,0.1,0.3,0.2,0.2,0.0,0.2,0.4,0.4,0.2,0.6,0.4,3.3,1.5,2.61,0.4,0.0
TR737*0100*2000*01_A1,26.0,10,0.9,0.2222222222222222,0.2222222222222222,0.2222222222222222,0.3333333333333333,0.0,0.0,0.4444444444444444,0.5555555555555556,0.0,0.5555555555555556,0.3333333333333333,2.6666666666666665,1.25,1.3333333333333333,0.0,0.2
TR737*0100*2000*01_A3,26.0,7,1.0,0.0,0.2857142857142857,0.2857142857142857,0.2857142857142857,0.0,0.14285714285714285,0.2857142857142857,0.5714285714285714,0.14285714285714285,0.7142857142857143,0.42857142857142855,3.4285714285714284,2.5,1.673469387755102,0.2857142857142857,0.2857142857142857
TR757*0100*2000*01_A1,26.0,5,1.0,0.0,0.0,0.6,0.2,0.0,0.2,0.0,0.8,0.2,1.0,0.4,3.8,nan,1.3599999999999999,0.0,0.0
TR757*0100*2000*01_A4,26.0,13,1.0,0.3076923076923077,0.3076923076923077,0.23076923076923078,0.07692307692307693,0.07692307692307693,0.0,0.6153846153846154,0.3076923076923077,0.07692307692307693,0.38461538461538464,0.15384615384615385,2.3076923076923075,0.625,1.4437869822485208,0.07692307692307693,0.07692307692307693
TR740*0100*2000*01_A1,33.0,10,1.0,0.5,0.2,0.2,0.0,0.0,0.1,0.7,0.2,0.1,0.3,0.1,2.1,0.42857142857142855,2.29,0.2,0.1
TR740*0100*2000*01_A3,33.0,14,0.9285714285714286,0.46153846153846156,0.15384615384615385,0.15384615384615385,0.23076923076923078,0.0,0.0,0.6153846153846154,0.38461538461538464,0.0,0.38461538461538464,0.23076923076923078,2.1538461538461537,0.625,1.5147928994082838,0.0,0.07142857142857142
TR746*0100*2000*01_A1,29.0,8,1.0,0.375,0.125,0.375,0.0,0.125,0.0,0.5,0.375,0.125,0.5,0.125,2.375,1.0,1.734375,0.0,0.0
TR746*0100*2000*01_A4,29.0,11,1.0,0.45454545454545453,0.2727272727272727,0.18181818181818182,0.0,0.09090909090909091,0.0,0.7272727272727273,0.18181818181818182,0.09090909090909091,0.2727272727272727,0.09090909090909091,2.0,0.375,1.4545454545454546,0.18181818181818182,0.09090909090909091
TR748*0100*2000*01_A1,18.0,13,1.0,0.3076923076923077,0.23076923076923078,0.15384615384615385,0.3076923076923077,0.0,0.0,0.5384615384615384,0.46153846153846156,0.0,0.46153846153846156,0.3076923076923077,2.4615384615384617,0.8571428571428571,1.479289940828402,0.15384615384615385,0.15384615384615385
TR748*0100*2000*01_A3,18.0,7,1.0,0.0,0.7142857142857143,0.2857142857142857,0.0,0.0,0.0,0.7142857142857143,0.2857142857142857,0.0,0.2857142857142857,0.0,2.2857142857142856,0.4,0.2040816326530612,0.14285714285714285,0.5714285714285714
TR749*0100*2000*01_A1,39.0,13,1.0,0.15384615384615385,0.23076923076923078,0.5384615384615384,0.07692307692307693,0.0,0.0,0.38461538461538464,0.6153846153846154,0.0,0.6153846153846154,0.07692307692307693,2.5384615384615383,1.6,0.7100591715976332,0.23076923076923078,0.07692307692307693
TR749*0100*2000*01_A4,39.0,11,0.9090909090909091,0.1,0.2,0.3,0.3,0.0,0.1,0.3,0.6,0.1,0.7,0.4,3.2,2.3333333333333335,1.7600000000000002,0.09090909090909091,0.18181818181818182
TR756*0100*2000*01_A1,33.0,9,1.0,0.2222222222222222,0.2222222222222222,0.2222222222222222,0.1111111111111111,0.1111111111111111,0.1111111111111111,0.4444444444444444,0.3333333333333333,0.2222222222222222,0.5555555555555556,0.3333333333333333,3.0,1.25,2.6666666666666665,0.2222222222222222,0.0
TR756*0100*2000*01_A3,33.0,12,1.0,0.5,0.16666666666666666,0.08333333333333333,0.25,0.0,0.0,0.6666666666666666,0.3333333333333333,0.0,0.3333333333333333,0.25,2.0833333333333335,0.5,1.5763888888888886,0.08333333333333333,0.0
TR795*0100*2000*01_A1,34.0,12,1.0,0.16666666666666666,0.3333333333333333,0.25,0.25,0.0,0.0,0.5,0.5,0.0,0.5,0.25,2.5833333333333335,1.0,1.076388888888889,0.0,0.16666666666666666
TR795*0100*2000*01_A4,34.0,11,0.9090909090909091,0.1,0.2,0.4,0.2,0.0,0.1,0.3,0.6,0.1,0.7,0.3,3.1,2.3333333333333335,1.6900000000000002,0.18181818181818182,0.18181818181818182
TR796*0100*2000*01_A1,40.0,13,1.0,0.46153846153846156,0.07692307692307693,0.38461538461538464,0.0,0.07692307692307693,0.0,0.5384615384615384,0.38461538461538464,0.07692307692307693,0.46153846153846156,0.07692307692307693,2.1538461538461537,0.8571428571428571,1.5147928994082838,0.0,0.07692307692307693
TR796*0100*2000*01_A4,40.0,10,1.0,0.2,0.4,0.2,0.1,0.0,0.1,0.6,0.3,0.1,0.4,0.2,2.6,0.6666666666666666,2.04,0.1,0.1
TR798*0100*2000*01_A1,24.0,8,1.0,0.75,0.0,0.25,0.0,0.0,0.0,0.75,0.25,0.0,0.25,0.0,1.5,0.3333333333333333,0.75,0.0,0.0
TR798*0100*2000*01_A2,24.0,7,1.0,0.0,0.2857142857142857,0.5714285714285714,0.14285714285714285,0.0,0.0,0.2857142857142857,0.7142857142857143,0.0,0.7142857142857143,0.14285714285714285,2.857142857142857,2.5,0.4081632653061224,0.0,0.0
TR799*0100*2000*01_A1,35.0,19,0.9473684210526315,0.2222222222222222,0.16666666666666666,0.4444444444444444,0.1111111111111111,0.0,0.05555555555555555,0.3888888888888889,0.5555555555555556,0.05555555555555555,0.6111111111111112,0.16666666666666666,2.6666666666666665,1.5714285714285714,1.5555555555555556,0.15789473684210525,0.10526315789473684
TR799*0100*2000*01_A4,35.0,8,1.0,0.0,0.125,0.375,0.25,0.125,0.125,0.125,0.625,0.25,0.875,0.5,3.75,7.0,1.4375,0.125,0.0
TR800*0100*2000*01_A1,34.0,13,1.0,0.15384615384615385,0.46153846153846156,0.23076923076923078,0.15384615384615385,0.0,0.0,0.6153846153846154,0.38461538461538464,0.0,0.38461538461538464,0.15384615384615385,2.3846153846153846,0.625,0.8520710059171599,0.0,0.15384615384615385
TR800*0100*2000*01_A4,34.0,7,1.0,0.2857142857142857,0.14285714285714285,0.42857142857142855,0.0,0.0,0.14285714285714285,0.42857142857142855,0.42857142857142855,0.14285714285714285,0.5714285714285714,0.14285714285714285,2.7142857142857144,1.3333333333333333,2.489795918367346,0.0,0.0
TR804*0100*2000*01_A1,21.0,5,1.0,0.2,0.2,0.4,0.2,0.0,0.0,0.4,0.6,0.0,0.6,0.2,2.6,1.5,1.0400000000000003,0.0,0.0
TR804*0100*2000*01_A3,21.0,11,1.0,0.2727272727272727,0.09090909090909091,0.2727272727272727,0.2727272727272727,0.0,0.09090909090909091,0.36363636363636365,0.5454545454545454,0.09090909090909091,0.6363636363636364,0.36363636363636365,2.909090909090909,1.75,2.264462809917356,0.0,0.0
TR806*0100*2000*01_A1,29.0,12,1.0,0.5,0.16666666666666666,0.25,0.0,0.0,0.08333333333333333,0.6666666666666666,0.25,0.08333333333333333,0.3333333333333333,0.08333333333333333,2.0833333333333335,0.5,2.076388888888889,0.16666666666666666,0.08333333333333333
TR806*0100*2000*01_A4,29.0,13,1.0,0.15384615384615385,0.07692307692307693,0.46153846153846156,0.07692307692307693,0.15384615384615385,0.07692307692307693,0.23076923076923078,0.5384615384615384,0.23076923076923078,0.7692307692307693,0.3076923076923077,3.230769230769231,3.3333333333333335,2.023668639053254,0.07692307692307693,0.23076923076923078
TR808*0100*2000*01_A1,28.0,10,0.9,0.6666666666666666,0.0,0.2222222222222222,0.1111111111111111,0.0,0.0,0.6666666666666666,0.3333333333333333,0.0,0.3333333333333333,0.1111111111111111,1.7777777777777777,0.5,1.2839506172839505,0.0,0.1
TR808*0100*2000*01_A3,28.0,2,0.5,0.0,0.0,0.0,0.0,1.0,0.0,0.0,0.0,1.0,1.0,1.0,5.0,nan,0.0,0.0,0.5
TR809*0100*2000*01_A1,29.0,13,1.0,0.6923076923076923,0.07692307692307693,0.07692307692307693,0.07692307692307693,0.07692307692307693,0.0,0.7692307692307693,0.15384615384615385,0.07692307692307693,0.23076923076923078,0.15384615384615385,1.7692307692307692,0.3,1.7159763313609468,0.07692307692307693,0.15384615384615385
TR809*0100*2000*01_A3,29.0,9,0.8888888888888888,0.375,0.125,0.25,0.25,0.0,0.0,0.5,0.5,0.0,0.5,0.25,2.375,1.0,1.484375,0.1111111111111111,0.4444444444444444
TR759*0100*2000*01_A1,26.0,12,1.0,0.08333333333333333,0.5833333333333334,0.3333333333333333,0.0,0.0,0.0,0.6666666666666666,0.3333333333333333,0.0,0.3333333333333333,0.0,2.25,0.5,0.3541666666666667,0.08333333333333333,0.16666666666666666
TR759*0100*2000*01_A3,26.0,3,1.0,0.6666666666666666,0.3333333333333333,0.0,0.0,0.0,0.0,1.0,0.0,0.0,0.0,0.0,1.3333333333333333,0.0,0.2222222222222222,0.3333333333333333,0.6666666666666666
TR814*0100*2000*01_A1,30.0,8,1.0,0.5,0.125,0.25,0.125,0.0,0.0,0.625,0.375,0.0,0.375,0.125,2.0,0.6,1.25,0.0,0.0
TR814*0100*2000*01_A3,30.0,16,1.0,0.6875,0.0625,0.125,0.0625,0.0625,0.0,0.75,0.1875,0.0625,0.25,0.125,1.75,0.3333333333333333,1.5625,0.0,0.0625
TR815*0100*2000*01_A1,18.0,11,1.0,0.0,0.36363636363636365,0.5454545454545454,0.09090909090909091,0.0,0.0,0.36363636363636365,0.6363636363636364,0.0,0.6363636363636364,0.09090909090909091,2.727272727272727,1.75,0.3801652892561984,0.2727272727272727,0.0
TR815*0100*2000*01_A2,18.0,9,1.0,0.3333333333333333,0.4444444444444444,0.2222222222222222,0.0,0.0,0.0,0.7777777777777778,0.2222222222222222,0.0,0.2222222222222222,0.0,1.8888888888888888,0.2857142857142857,0.54320987654321,0.0,0.0
TR816*0100*2000*01_A1,34.0,12,0.8333333333333334,0.3,0.2,0.3,0.2,0.0,0.0,0.5,0.5,0.0,0.5,0.2,2.4,1.0,1.24,0.16666666666666666,0.25
TR816*0100*2000*01_A3,34.0,13,1.0,0.5384615384615384,0.0,0.23076923076923078,0.07692307692307693,0.15384615384615385,0.0,0.5384615384615384,0.3076923076923077,0.15384615384615385,0.46153846153846156,0.23076923076923078,2.3076923076923075,0.8571428571428571,2.3668639053254434,0.07692307692307693,0.0
TR817*0100*2000*01_A1,36.0,8,1.0,0.0,0.5,0.375,0.125,0.0,0.0,0.5,0.5,0.0,0.5,0.125,2.625,1.0,0.484375,0.125,0.0
TR817*0100*2000*01_A5b,36.0,17,1.0,0.17647058823529413,0.29411764705882354,0.23529411764705882,0.17647058823529413,0.0,0.11764705882352941,0.47058823529411764,0.4117647058823529,0.11764705882352941,0.5294117647058824,0.29411764705882354,2.8823529411764706,1.125,2.221453287197232,0.11764705882352941,0.058823529411764705
TR820*0100*2000*01_A1,34.0,12,0.9166666666666666,0.2727272727272727,0.2727272727272727,0.18181818181818182,0.18181818181818182,0.0,0.09090909090909091,0.5454545454545454,0.36363636363636365,0.09090909090909091,0.45454545454545453,0.2727272727272727,2.6363636363636362,0.8333333333333334,2.2314049586776856,0.16666666666666666,0.25
TR820*0100*2000*01_A2,34.0,14,1.0,0.14285714285714285,0.14285714285714285,0.2857142857142857,0.2857142857142857,0.0,0.14285714285714285,0.2857142857142857,0.5714285714285714,0.14285714285714285,0.7142857142857143,0.42857142857142855,3.2857142857142856,2.5,2.2040816326530615,0.21428571428571427,0.07142857142857142
TR823*0100*2000*01_A1,19.0,14,1.0,0.35714285714285715,0.2857142857142857,0.14285714285714285,0.14285714285714285,0.0,0.07142857142857142,0.6428571428571429,0.2857142857142857,0.07142857142857142,0.35714285714285715,0.21428571428571427,2.357142857142857,0.5555555555555556,2.0867346938775504,0.07142857142857142,0.14285714285714285
TR823*0100*2000*01_A4,19.0,13,0.9230769230769231,0.25,0.4166666666666667,0.16666666666666666,0.0,0.0,0.16666666666666666,0.6666666666666666,0.16666666666666666,0.16666666666666666,0.3333333333333333,0.16666666666666666,2.5833333333333335,0.5,2.7430555555555567,0.0,0.38461538461538464
TR824*0100*2000*01_A1,24.0,7,1.0,0.42857142857142855,0.14285714285714285,0.0,0.2857142857142857,0.0,0.14285714285714285,0.5714285714285714,0.2857142857142857,0.14285714285714285,0.42857142857142855,0.42857142857142855,2.7142857142857144,0.75,3.3469387755102042,0.0,0.0
TR824*0100*2000*01_A3,24.0,6,1.0,0.6666666666666666,0.0,0.0,0.3333333333333333,0.0,0.0,0.6666666666666666,0.3333333333333333,0.0,0.3333333333333333,0.3333333333333333,2.0,0.5,2.0,0.0,0.0
TR825*0100*2000*01_A1,23.0,12,1.0,0.3333333333333333,0.16666666666666666,0.4166666666666667,0.0,0.0,0.08333333333333333,0.5,0.4166666666666667,0.08333333333333333,0.5,0.08333333333333333,2.4166666666666665,1.0,1.9097222222222223,0.16666666666666666,0.16666666666666666
TR825*0100*2000*01_A3,23.0,13,1.0,0.3076923076923077,0.23076923076923078,0.07692307692307693,0.38461538461538464,0.0,0.0,0.5384615384615384,0.46153846153846156,0.0,0.46153846153846156,0.38461538461538464,2.5384615384615383,0.8571428571428571,1.6331360946745563,0.15384615384615385,0.15384615384615385
TR826*0100*2000*01_A1,26.0,10,1.0,0.4,0.2,0.1,0.3,0.0,0.0,0.6,0.4,0.0,0.4,0.3,2.3,0.6666666666666666,1.61,0.0,0.0
TR826*0100*2000*01_A2,26.0,6,0.8333333333333334,0.2,0.2,0.4,0.2,0.0,0.0,0.4,0.6,0.0,0.6,0.2,2.6,1.5,1.0400000000000003,0.0,0.3333333333333333
TR828*0100*2000*01_A1,37.0,12,1.0,0.3333333333333333,0.0,0.3333333333333333,0.16666666666666666,0.08333333333333333,0.08333333333333333,0.3333333333333333,0.5,0.16666666666666666,0.6666666666666666,0.3333333333333333,2.9166666666666665,2.0,2.576388888888889,0.08333333333333333,0.0
TR828*0100*2000*01_A4,37.0,9,1.0,0.0,0.2222222222222222,0.3333333333333333,0.3333333333333333,0.0,0.1111111111111111,0.2222222222222222,0.6666666666666666,0.1111111111111111,0.7777777777777778,0.4444444444444444,3.4444444444444446,3.5,1.3580246913580245,0.1111111111111111,0.5555555555555556
TR829*0100*2000*01_A1,25.0,7,1.0,0.14285714285714285,0.14285714285714285,0.42857142857142855,0.0,0.14285714285714285,0.14285714285714285,0.2857142857142857,0.42857142857142855,0.2857142857142857,0.7142857142857143,0.2857142857142857,3.2857142857142856,2.5,2.489795918367347,0.0,0.14285714285714285
TR829*0100*2000*01_A3,25.0,14,1.0,0.21428571428571427,0.2857142857142857,0.2857142857142857,0.14285714285714285,0.07142857142857142,0.0,0.5,0.42857142857142855,0.07142857142857142,0.5,0.21428571428571427,2.5714285714285716,1.0,1.3877551020408163,0.21428571428571427,0.14285714285714285
TR760*0100*2000*01_A1,25.0,9,1.0,0.3333333333333333,0.1111111111111111,0.1111111111111111,0.4444444444444444,0.0,0.0,0.4444444444444444,0.5555555555555556,0.0,0.5555555555555556,0.4444444444444444,2.6666666666666665,1.25,1.7777777777777777,0.1111111111111111,0.0
TR760*0100*2000*01_A4,25.0,10,1.0,0.1,0.5,0.3,0.1,0.0,0.0,0.6,0.4,0.0,0.4,0.1,2.4,0.6666666666666666,0.6400000000000001,0.1,0.2
TR830*0100*2000*01_A1,31.0,8,1.0,0.25,0.25,0.25,0.125,0.0,0.125,0.5,0.375,0.125,0.5,0.25,2.75,1.0,2.4375,0.0,0.0
TR830*0100*2000*01_A4,31.0,10,1.0,0.2,0.6,0.1,0.0,0.1,0.0,0.8,0.1,0.1,0.2,0.1,2.2,0.25,1.1600000000000001,0.1,0.2
TR832*0100*2000*01_A1,37.0,11,1.0,0.2727272727272727,0.18181818181818182,0.36363636363636365,0.09090909090909091,0.0,0.09090909090909091,0.45454545454545453,0.45454545454545453,0.09090909090909091,0.5454545454545454,0.18181818181818182,2.6363636363636362,1.2,2.049586776859504,0.18181818181818182,0.09090909090909091
TR832*0100*2000*01_A3,37.0,18,1.0,0.16666666666666666,0.2222222222222222,0.16666666666666666,0.2222222222222222,0.1111111111111111,0.1111111111111111,0.3888888888888889,0.3888888888888889,0.2222222222222222,0.6111111111111112,0.4444444444444444,3.2222222222222223,1.5714285714285714,2.506172839506173,0.16666666666666666,0.1111111111111111
TR833*0100*2000*01_A1,26.0,7,1.0,0.5714285714285714,0.14285714285714285,0.14285714285714285,0.14285714285714285,0.0,0.0,0.7142857142857143,0.2857142857142857,0.0,0.2857142857142857,0.14285714285714285,1.8571428571428572,0.4,1.2653061224489794,0.0,0.14285714285714285
TR833*0100*2000*01_A4,26.0,9,1.0,0.4444444444444444,0.2222222222222222,0.1111111111111111,0.1111111111111111,0.0,0.1111111111111111,0.6666666666666666,0.2222222222222222,0.1111111111111111,0.3333333333333333,0.2222222222222222,2.3333333333333335,0.5,2.6666666666666665,0.0,0.0
TR834*0100*2000*01_A1,30.0,12,1.0,0.25,0.5,0.16666666666666666,0.08333333333333333,0.0,0.0,0.75,0.25,0.0,0.25,0.08333333333333333,2.0833333333333335,0.3333333333333333,0.7430555555555555,0.0,0.3333333333333333
TR834*0100*2000*01_A4,30.0,7,1.0,0.14285714285714285,0.42857142857142855,0.2857142857142857,0.14285714285714285,0.0,0.0,0.5714285714285714,0.42857142857142855,0.0,0.42857142857142855,0.14285714285714285,2.4285714285714284,0.75,0.816326530612245,0.0,0.14285714285714285
TR838*0100*2000*01_A1,24.0,6,1.0,0.16666666666666666,0.3333333333333333,0.16666666666666666,0.16666666666666666,0.16666666666666666,0.0,0.5,0.3333333333333333,0.16666666666666666,0.5,0.3333333333333333,2.8333333333333335,1.0,1.8055555555555556,0.0,0.0
TR838*0100*2000*01_A3,24.0,4,0.75,0.3333333333333333,0.3333333333333333,0.3333333333333333,0.0,0.0,0.0,0.6666666666666666,0.3333333333333333,0.0,0.3333333333333333,0.0,2.0,0.5,0.6666666666666666,0.0,0.5
TR840*0100*2000*01_A1,29.0,13,1.0,0.38461538461538464,0.0,0.38461538461538464,0.0,0.07692307692307693,0.15384615384615385,0.38461538461538464,0.38461538461538464,0.23076923076923078,0.6153846153846154,0.23076923076923078,2.8461538461538463,1.6,3.2071005917159763,0.23076923076923078,0.15384615384615385
TR840*0100*2000*01_A4,29.0,8,1.0,0.25,0.0,0.25,0.25,0.125,0.125,0.25,0.5,0.25,0.75,0.5,3.375,3.0,2.734375,0.0,0.0
TR841*0100*2000*01_A1,31.0,12,1.0,0.25,0.16666666666666666,0.3333333333333333,0.08333333333333333,0.08333333333333333,0.08333333333333333,0.4166666666666667,0.4166666666666667,0.16666666666666666,0.5833333333333334,0.25,2.8333333333333335,1.4,2.305555555555556,0.25,0.08333333333333333
TR841*0100*2000*01_A4,31.0,11,1.0,0.0,0.2727272727272727,0.5454545454545454,0.09090909090909091,0.0,0.09090909090909091,0.2727272727272727,0.6363636363636364,0.09090909090909091,0.7272727272727273,0.18181818181818182,3.090909090909091,2.6666666666666665,1.1735537190082643,0.0,0.18181818181818182
TR843*0100*2000*01_A1,33.0,14,1.0,0.14285714285714285,0.42857142857142855,0.42857142857142855,0.0,0.0,0.0,0.5714285714285714,0.42857142857142855,0.0,0.42857142857142855,0.0,2.2857142857142856,0.75,0.489795918367347,0.07142857142857142,0.14285714285714285
TR843*0100*2000*01_A3,33.0,8,1.0,0.125,0.5,0.125,0.25,0.0,0.0,0.625,0.375,0.0,0.375,0.25,2.5,0.6,1.0,0.125,0.25
TR849*0100*2000*01_A1,12.0,7,1.0,0.5714285714285714,0.0,0.42857142857142855,0.0,0.0,0.0,0.5714285714285714,0.42857142857142855,0.0,0.42857142857142855,0.0,1.8571428571428572,0.75,0.9795918367346939,0.14285714285714285,0.0
TR849*0100*2000*01_A4,12.0,6,1.0,0.0,0.6666666666666666,0.0,0.16666666666666666,0.0,0.16666666666666666,0.6666666666666666,0.16666666666666666,0.16666666666666666,0.3333333333333333,0.3333333333333333,3.0,0.5,2.3333333333333335,0.0,0.6666666666666666
TR850*0100*2000*01_A1,31.0,10,1.0,0.2,0.3,0.4,0.0,0.0,0.1,0.5,0.4,0.1,0.5,0.1,2.6,1.0,1.8399999999999999,0.1,0.2
TR850*0100*2000*01_A4,31.0,12,1.0,0.3333333333333333,0.08333333333333333,0.3333333333333333,0.0,0.25,0.0,0.4166666666666667,0.3333333333333333,0.25,0.5833333333333334,0.25,2.75,1.4,2.3541666666666665,0.16666666666666666,0.16666666666666666
TR852*0100*2000*01_A1,26.0,7,1.0,0.42857142857142855,0.42857142857142855,0.0,0.14285714285714285,0.0,0.0,0.8571428571428571,0.14285714285714285,0.0,0.14285714285714285,0.14285714285714285,1.8571428571428572,0.16666666666666666,0.9795918367346939,0.0,0.14285714285714285
TR852*0100*2000*01_A4,26.0,8,1.0,0.25,0.375,0.25,0.0,0.125,0.0,0.625,0.25,0.125,0.375,0.125,2.375,0.6,1.484375,0.375,0.0
TR858*0100*2000*01_A1,33.0,12,1.0,0.08333333333333333,0.25,0.5,0.0,0.16666666666666666,0.0,0.3333333333333333,0.5,0.16666666666666666,0.6666666666666666,0.16666666666666666,2.9166666666666665,2.0,1.2430555555555556,0.3333333333333333,0.0
TR858*0100*2000*01_A4,33.0,11,1.0,0.09090909090909091,0.36363636363636365,0.18181818181818182,0.2727272727272727,0.0,0.09090909090909091,0.45454545454545453,0.45454545454545453,0.09090909090909091,0.5454545454545454,0.36363636363636365,3.0,1.2,1.8181818181818181,0.09090909090909091,0.09090909090909091
TR863*0100*2000*01_A1,20.0,5,1.0,0.4,0.2,0.2,0.2,0.0,0.0,0.6,0.4,0.0,0.4,0.2,2.2,0.6666666666666666,1.3599999999999999,0.2,0.2
TR863*0100*2000*01_A4,20.0,5,1.0,0.4,0.2,0.2,0.2,0.0,0.0,0.6,0.4,0.0,0.4,0.2,2.2,0.6666666666666666,1.3599999999999999,0.0,0.2
TR868*0100*2000*01_A1,32.0,11,0.9090909090909091,0.4,0.3,0.3,0.0,0.0,0.0,0.7,0.3,0.0,0.3,0.0,1.9,0.42857142857142855,0.69,0.0,0.2727272727272727
TR868*0100*2000*01_A2,32.0,9,1.0,0.3333333333333333,0.1111111111111111,0.3333333333333333,0.1111111111111111,0.0,0.1111111111111111,0.4444444444444444,0.4444444444444444,0.1111111111111111,0.5555555555555556,0.2222222222222222,2.6666666666666665,1.25,2.4444444444444446,0.1111111111111111,0.1111111111111111
TR869*0100*2000*01_A1,32.0,12,1.0,0.25,0.16666666666666666,0.4166666666666667,0.16666666666666666,0.0,0.0,0.4166666666666667,0.5833333333333334,0.0,0.5833333333333334,0.16666666666666666,2.5,1.4,1.0833333333333333,0.16666666666666666,0.08333333333333333
TR869*0100*2000*01_A4,32.0,11,1.0,0.09090909090909091,0.2727272727272727,0.36363636363636365,0.18181818181818182,0.0,0.09090909090909091,0.36363636363636365,0.5454545454545454,0.09090909090909091,0.6363636363636364,0.2727272727272727,3.0,1.75,1.6363636363636365,0.09090909090909091,0.18181818181818182
TR870*0100*2000*01_A1,31.0,15,0.9333333333333333,0.2857142857142857,0.21428571428571427,0.2857142857142857,0.14285714285714285,0.0,0.07142857142857142,0.5,0.42857142857142855,0.07142857142857142,0.5,0.21428571428571427,2.5714285714285716,1.0,1.959183673469388,0.13333333333333333,0.2
TR870*0100*2000*01_A4,31.0,9,1.0,0.1111111111111111,0.3333333333333333,0.4444444444444444,0.1111111111111111,0.0,0.0,0.4444444444444444,0.5555555555555556,0.0,0.5555555555555556,0.1111111111111111,2.5555555555555554,1.25,0.691358024691358,0.1111111111111111,0.1111111111111111
TR871*0100*2000*01_A1,32.0,13,1.0,0.5384615384615384,0.15384615384615385,0.23076923076923078,0.07692307692307693,0.0,0.0,0.6923076923076923,0.3076923076923077,0.0,0.3076923076923077,0.07692307692307693,1.8461538461538463,0.4444444444444444,1.0532544378698225,0.15384615384615385,0.07692307692307693
TR871*0100*2000*01_A3,32.0,7,1.0,0.2857142857142857,0.0,0.2857142857142857,0.42857142857142855,0.0,0.0,0.2857142857142857,0.7142857142857143,0.0,0.7142857142857143,0.42857142857142855,2.857142857142857,2.5,1.551020408163265,0.2857142857142857,0.14285714285714285
TR877*0100*2000*01_A1,30.0,5,1.0,0.0,0.4,0.6,0.0,0.0,0.0,0.4,0.6,0.0,0.6,0.0,2.6,1.5,0.24,0.0,0.0
TR877*0100*2000*01_A4,30.0,8,1.0,0.0,0.25,0.375,0.0,0.25,0.125,0.25,0.375,0.375,0.75,0.375,3.625,3.0,1.984375,0.125,0.0
TR878*0100*2000*01_A1,28.0,12,1.0,0.16666666666666666,0.25,0.25,0.25,0.0,0.08333333333333333,0.4166666666666667,0.5,0.08333333333333333,0.5833333333333334,0.3333333333333333,2.9166666666666665,1.4,1.9097222222222217,0.08333333333333333,0.0
TR878*0100*2000*01_A4,28.0,16,1.0,0.0625,0.3125,0.5,0.125,0.0,0.0,0.375,0.625,0.0,0.625,0.125,2.6875,1.6666666666666667,0.58984375,0.0625,0.1875
TR879*0100*2000*01_A1,32.0,11,1.0,0.09090909090909091,0.18181818181818182,0.2727272727272727,0.36363636363636365,0.09090909090909091,0.0,0.2727272727272727,0.6363636363636364,0.09090909090909091,0.7272727272727273,0.45454545454545453,3.1818181818181817,2.6666666666666665,1.2396694214876034,0.18181818181818182,0.0
TR879*0100*2000*01_A4,32.0,7,1.0,0.14285714285714285,0.42857142857142855,0.2857142857142857,0.14285714285714285,0.0,0.0,0.5714285714285714,0.42857142857142855,0.0,0.42857142857142855,0.14285714285714285,2.4285714285714284,0.75,0.816326530612245,0.0,0.14285714285714285
TR880*0100*2000*01_A1,26.0,8,1.0,0.75,0.125,0.125,0.0,0.0,0.0,0.875,0.125,0.0,0.125,0.0,1.375,0.14285714285714285,0.484375,0.0,0.125
TR880*0100*2000*01_A4,26.0,7,1.0,0.42857142857142855,0.2857142857142857,0.0,0.0,0.0,0.2857142857142857,0.7142857142857143,0.0,0.2857142857142857,0.2857142857142857,0.2857142857142857,2.7142857142857144,0.4,4.4897959183673475,0.0,0.42857142857142855
TR881*0100*2000*01_A1,27.0,17,1.0,0.35294117647058826,0.29411764705882354,0.29411764705882354,0.058823529411764705,0.0,0.0,0.6470588235294118,0.35294117647058826,0.0,0.35294117647058826,0.058823529411764705,2.0588235294117645,0.5454545454545454,0.8788927335640139,0.17647058823529413,0.0
TR881*0100*2000*01_A4,27.0,12,1.0,0.16666666666666666,0.25,0.4166666666666667,0.16666666666666666,0.0,0.0,0.4166666666666667,0.5833333333333334,0.0,0.5833333333333334,0.16666666666666666,2.5833333333333335,1.4,0.9097222222222224,0.08333333333333333,0.08333333333333333
TR893*0100*2000*01_A1,30.0,12,0.9166666666666666,0.18181818181818182,0.2727272727272727,0.36363636363636365,0.09090909090909091,0.09090909090909091,0.0,0.45454545454545453,0.45454545454545453,0.09090909090909091,0.5454545454545454,0.18181818181818182,2.6363636363636362,1.2,1.322314049586777,0.16666666666666666,0.25
TR893*0100*2000*01_A3,30.0,11,0.9090909090909091,0.3,0.0,0.7,0.0,0.0,0.0,0.3,0.7,0.0,0.7,0.0,2.4,2.3333333333333335,0.8400000000000001,0.09090909090909091,0.18181818181818182
TR894*0100*2000*01_A1,24.0,8,1.0,0.375,0.125,0.375,0.125,0.0,0.0,0.5,0.5,0.0,0.5,0.125,2.25,1.0,1.1875,0.125,0.125
TR894*0100*2000*01_A3,24.0,9,0.8888888888888888,0.25,0.125,0.375,0.0,0.125,0.125,0.375,0.375,0.25,0.625,0.25,3.0,1.6666666666666667,2.75,0.1111111111111111,0.2222222222222222
TR895*0100*2000*01_A1,26.0,9,1.0,0.2222222222222222,0.1111111111111111,0.4444444444444444,0.2222222222222222,0.0,0.0,0.3333333333333333,0.6666666666666666,0.0,0.6666666666666666,0.2222222222222222,2.6666666666666665,2.0,1.1111111111111112,0.1111111111111111,0.1111111111111111
TR895*0100*2000*01_A2,26.0,10,1.0,0.1,0.2,0.3,0.3,0.0,0.1,0.3,0.6,0.1,0.7,0.4,3.2,2.3333333333333335,1.7599999999999998,0.0,0.0
TR897*0100*2000*01_A1,33.0,10,1.0,0.2,0.2,0.5,0.1,0.0,0.0,0.4,0.6,0.0,0.6,0.1,2.5,1.5,0.85,0.2,0.1
TR897*0100*2000*01_A4,33.0,8,1.0,0.0,0.25,0.75,0.0,0.0,0.0,0.25,0.75,0.0,0.75,0.0,2.75,3.0,0.1875,0.25,0.125
TR898*0100*2000*01_A1,27.0,6,1.0,0.5,0.16666666666666666,0.16666666666666666,0.16666666666666666,0.0,0.0,0.6666666666666666,0.3333333333333333,0.0,0.3333333333333333,0.16666666666666666,2.0,0.5,1.3333333333333333,0.0,0.0
TR898*0100*2000*01_A3,27.0,5,1.0,0.6,0.2,0.2,0.0,0.0,0.0,0.8,0.2,0.0,0.2,0.0,1.6,0.25,0.64,0.0,0.2
TR900*0100*2000*01_A1,21.0,7,1.0,0.42857142857142855,0.0,0.42857142857142855,0.14285714285714285,0.0,0.0,0.42857142857142855,0.5714285714285714,0.0,0.5714285714285714,0.14285714285714285,2.2857142857142856,1.3333333333333333,1.346938775510204,0.0,0.0
TR900*0100*2000*01_A3,21.0,1,1.0,0.0,0.0,0.0,1.0,0.0,0.0,0.0,1.0,0.0,1.0,1.0,4.0,nan,0.0,0.0,0.0
TR901*0100*2000*01_A1,32.0,10,1.0,0.3,0.4,0.1,0.2,0.0,0.0,0.7,0.3,0.0,0.3,0.2,2.2,0.42857142857142855,1.1600000000000001,0.0,0.2
TR901*0100*2000*01_A4,32.0,9,1.0,0.4444444444444444,0.2222222222222222,0.3333333333333333,0.0,0.0,0.0,0.6666666666666666,0.3333333333333333,0.0,0.3333333333333333,0.0,1.8888888888888888,0.5,0.7654320987654322,0.0,0.0
TR902*0100*2000*01_A1,35.0,18,1.0,0.2222222222222222,0.1111111111111111,0.2777777777777778,0.2777777777777778,0.0,0.1111111111111111,0.3333333333333333,0.5555555555555556,0.1111111111111111,0.6666666666666666,0.3888888888888889,3.0555555555555554,2.0,2.2746913580246915,0.1111111111111111,0.0
TR902*0100*2000*01_A4,35.0,17,1.0,0.0,0.17647058823529413,0.47058823529411764,0.23529411764705882,0.058823529411764705,0.058823529411764705,0.17647058823529413,0.7058823529411765,0.11764705882352941,0.8235294117647058,0.35294117647058826,3.3529411764705883,4.666666666666667,1.0519031141868513,0.058823529411764705,0.058823529411764705
TR95*0100*2000*01_A1,28.0,14,1.0,0.21428571428571427,0.35714285714285715,0.42857142857142855,0.0,0.0,0.0,0.5714285714285714,0.42857142857142855,0.0,0.42857142857142855,0.0,2.2142857142857144,0.75,0.5969387755102041,0.14285714285714285,0.07142857142857142
TR95*0100*2000*01_A3,28.0,7,1.0,0.42857142857142855,0.14285714285714285,0.2857142857142857,0.14285714285714285,0.0,0.0,0.5714285714285714,0.42857142857142855,0.0,0.42857142857142855,0.14285714285714285,2.142857142857143,0.75,1.2653061224489797,0.0,0.14285714285714285
TR99*0100*2000*01_A1,25.0,12,1.0,0.25,0.08333333333333333,0.4166666666666667,0.08333333333333333,0.08333333333333333,0.08333333333333333,0.3333333333333333,0.5,0.16666666666666666,0.6666666666666666,0.25,2.9166666666666665,2.0,2.243055555555555,0.16666666666666666,0.08333333333333333
TR99*0100*2000*01_A4,25.0,6,1.0,0.16666666666666666,0.5,0.3333333333333333,0.0,0.0,0.0,0.6666666666666666,0.3333333333333333,0.0,0.3333333333333333,0.0,2.1666666666666665,0.5,0.47222222222222215,0.0,0.3333333333333333
TR100*0100*2000*01_A1,33.0,14,1.0,0.35714285714285715,0.21428571428571427,0.35714285714285715,0.0,0.07142857142857142,0.0,0.5714285714285714,0.35714285714285715,0.07142857142857142,0.42857142857142855,0.07142857142857142,2.2142857142857144,0.75,1.3112244897959182,0.2857142857142857,0.14285714285714285
TR100*0100*2000*01_A3,33.0,14,0.9285714285714286,0.38461538461538464,0.07692307692307693,0.38461538461538464,0.15384615384615385,0.0,0.0,0.46153846153846156,0.5384615384615384,0.0,0.5384615384615384,0.15384615384615385,2.3076923076923075,1.1666666666666667,1.289940828402367,0.07142857142857142,0.21428571428571427
TR101*0100*2000*01_A1,23.0,7,1.0,0.5714285714285714,0.14285714285714285,0.0,0.2857142857142857,0.0,0.0,0.7142857142857143,0.2857142857142857,0.0,0.2857142857142857,0.2857142857142857,2.0,0.4,1.7142857142857142,0.0,0.14285714285714285
TR101*0100*2000*01_A4,23.0,4,1.0,0.25,0.25,0.0,0.25,0.25,0.0,0.5,0.25,0.25,0.5,0.5,3.0,1.0,2.5,0.25,0.0
TR108*0100*2000*01_A1,26.0,10,1.0,0.3,0.2,0.3,0.1,0.1,0.0,0.5,0.4,0.1,0.5,0.2,2.5,1.0,1.65,0.2,0.0
TR108*0100*2000*01_A4,26.0,9,0.8888888888888888,0.25,0.25,0.125,0.25,0.125,0.0,0.5,0.375,0.125,0.5,0.375,2.75,1.0,1.9375,0.1111111111111111,0.2222222222222222
TR111*0100*2000*01_A1,25.0,13,0.9230769230769231,0.5,0.08333333333333333,0.3333333333333333,0.08333333333333333,0.0,0.0,0.5833333333333334,0.4166666666666667,0.0,0.4166666666666667,0.08333333333333333,2.0,0.7142857142857143,1.1666666666666667,0.07692307692307693,0.07692307692307693
TR111*0100*2000*01_A3,25.0,13,1.0,0.46153846153846156,0.15384615384615385,0.07692307692307693,0.3076923076923077,0.0,0.0,0.6153846153846154,0.38461538461538464,0.0,0.38461538461538464,0.3076923076923077,2.230769230769231,0.625,1.7159763313609466,0.0,0.07692307692307693
TR911*0100*2000*01_A1,30.0,14,1.0,0.21428571428571427,0.21428571428571427,0.35714285714285715,0.21428571428571427,0.0,0.0,0.42857142857142855,0.5714285714285714,0.0,0.5714285714285714,0.21428571428571427,2.5714285714285716,1.3333333333333333,1.1020408163265305,0.14285714285714285,0.2857142857142857
TR911*0100*2000*01_A3,30.0,7,1.0,0.42857142857142855,0.14285714285714285,0.2857142857142857,0.0,0.0,0.14285714285714285,0.5714285714285714,0.2857142857142857,0.14285714285714285,0.42857142857142855,0.14285714285714285,2.4285714285714284,0.75,2.816326530612245,0.0,0.14285714285714285
TR912*0100*2000*01_A1,31.0,10,0.9,0.5555555555555556,0.2222222222222222,0.2222222222222222,0.0,0.0,0.0,0.7777777777777778,0.2222222222222222,0.0,0.2222222222222222,0.0,1.6666666666666667,0.2857142857142857,0.6666666666666666,0.1,0.2
TR912*0100*2000*01_A4,31.0,8,1.0,0.0,0.625,0.125,0.125,0.125,0.0,0.625,0.25,0.125,0.375,0.25,2.75,0.6,1.1875,0.125,0.375
TR916*0100*2000*01_A1,20.0,18,0.9444444444444444,0.35294117647058826,0.17647058823529413,0.29411764705882354,0.17647058823529413,0.0,0.0,0.5294117647058824,0.47058823529411764,0.0,0.47058823529411764,0.17647058823529413,2.2941176470588234,0.8888888888888888,1.2664359861591694,0.2777777777777778,0.05555555555555555
TR916*0100*2000*01_A3,20.0,7,1.0,0.42857142857142855,0.0,0.2857142857142857,0.2857142857142857,0.0,0.0,0.42857142857142855,0.5714285714285714,0.0,0.5714285714285714,0.2857142857142857,2.4285714285714284,1.3333333333333333,1.6734693877551021,0.0,0.0
TR928*0100*2000*01_A1,24.0,15,1.0,0.4,0.13333333333333333,0.26666666666666666,0.13333333333333333,0.0,0.06666666666666667,0.5333333333333333,0.4,0.06666666666666667,0.4666666666666667,0.2,2.4,0.875,2.1066666666666665,0.06666666666666667,0.13333333333333333
TR928*0100*2000*01_A4,24.0,9,0.7777777777777778,0.2857142857142857,0.42857142857142855,0.14285714285714285,0.0,0.14285714285714285,0.0,0.7142857142857143,0.14285714285714285,0.14285714285714285,0.2857142857142857,0.14285714285714285,2.2857142857142856,0.4,1.6326530612244896,0.0,0.3333333333333333
TR930*0100*2000*01_A1,33.0,13,1.0,0.46153846153846156,0.15384615384615385,0.23076923076923078,0.15384615384615385,0.0,0.0,0.6153846153846154,0.38461538461538464,0.0,0.38461538461538464,0.15384615384615385,2.076923076923077,0.625,1.301775147928994,0.07692307692307693,0.07692307692307693
TR930*0100*2000*01_A4,33.0,9,1.0,0.1111111111111111,0.3333333333333333,0.1111111111111111,0.3333333333333333,0.0,0.1111111111111111,0.4444444444444444,0.4444444444444444,0.1111111111111111,0.5555555555555556,0.4444444444444444,3.111111111111111,1.25,2.098765432098766,0.0,0.0
TR932*0100*2000*01_A1,38.0,15,1.0,0.2,0.26666666666666666,0.4,0.13333333333333333,0.0,0.0,0.4666666666666667,0.5333333333333333,0.0,0.5333333333333333,0.13333333333333333,2.466666666666667,1.1428571428571428,0.9155555555555558,0.06666666666666667,0.13333333333333333
TR932*0100*2000*01_A4,38.0,18,1.0,0.0,0.2777777777777778,0.16666666666666666,0.3888888888888889,0.16666666666666666,0.0,0.2777777777777778,0.5555555555555556,0.16666666666666666,0.7222222222222222,0.5555555555555556,3.4444444444444446,2.6,1.1358024691358024,0.1111111111111111,0.05555555555555555
TR934*0100*2000*01_A1,31.0,10,1.0,0.3,0.2,0.2,0.3,0.0,0.0,0.5,0.5,0.0,0.5,0.3,2.5,1.0,1.45,0.0,0.1
TR934*0100*2000*01_A2,31.0,7,1.0,0.5714285714285714,0.14285714285714285,0.14285714285714285,0.14285714285714285,0.0,0.0,0.7142857142857143,0.2857142857142857,0.0,0.2857142857142857,0.14285714285714285,1.8571428571428572,0.4,1.2653061224489797,0.0,0.14285714285714285
TR936*0100*2000*01_A1,14.0,17,1.0,0.23529411764705882,0.11764705882352941,0.29411764705882354,0.35294117647058826,0.0,0.0,0.35294117647058826,0.6470588235294118,0.0,0.6470588235294118,0.35294117647058826,2.764705882352941,1.8333333333333333,1.356401384083045,0.17647058823529413,0.058823529411764705
TR936*0100*2000*01_A3,14.0,7,1.0,0.2857142857142857,0.2857142857142857,0.2857142857142857,0.14285714285714285,0.0,0.0,0.5714285714285714,0.42857142857142855,0.0,0.42857142857142855,0.14285714285714285,2.2857142857142856,0.75,1.0612244897959184,0.0,0.14285714285714285
TR939*0100*2000*01_A1,29.0,9,1.0,0.4444444444444444,0.3333333333333333,0.0,0.2222222222222222,0.0,0.0,0.7777777777777778,0.2222222222222222,0.0,0.2222222222222222,0.2222222222222222,2.0,0.2857142857142857,1.3333333333333333,0.0,0.2222222222222222
TR939*0100*2000*01_A3,29.0,8,0.875,0.5714285714285714,0.42857142857142855,0.0,0.0,0.0,0.0,1.0,0.0,0.0,0.0,0.0,1.4285714285714286,0.0,0.24489795918367346,0.0,0.5
TR940*0100*2000*01_A1,29.0,9,1.0,0.1111111111111111,0.2222222222222222,0.4444444444444444,0.2222222222222222,0.0,0.0,0.3333333333333333,0.6666666666666666,0.0,0.6666666666666666,0.2222222222222222,2.7777777777777777,2.0,0.8395061728395062,0.1111111111111111,0.0
TR940*0100*2000*01_A4,29.0,8,1.0,0.125,0.5,0.375,0.0,0.0,0.0,0.625,0.375,0.0,0.375,0.0,2.25,0.6,0.4375,0.0,0.375
TR941*0100*2000*01_A1,34.0,10,0.9,0.1111111111111111,0.4444444444444444,0.0,0.3333333333333333,0.1111111111111111,0.0,0.5555555555555556,0.3333333333333333,0.1111111111111111,0.4444444444444444,0.4444444444444444,2.888888888888889,0.8,1.654320987654321,0.0,0.3
TR941*0100*2000*01_A3,34.0,9,1.0,0.0,0.3333333333333333,0.6666666666666666,0.0,0.0,0.0,0.3333333333333333,0.6666666666666666,0.0,0.6666666666666666,0.0,2.6666666666666665,2.0,0.2222222222222222,0.0,0.1111111111111111
TR947*0100*2000*01_A1,38.0,20,1.0,0.25,0.2,0.25,0.25,0.0,0.05,0.45,0.5,0.05,0.55,0.3,2.7,1.2222222222222223,1.8100000000000005,0.1,0.1
TR947*0100*2000*01_A2,38.0,12,1.0,0.08333333333333333,0.4166666666666667,0.08333333333333333,0.4166666666666667,0.0,0.0,0.5,0.5,0.0,0.5,0.4166666666666667,2.8333333333333335,1.0,1.1388888888888886,0.25,0.0
TR949*0100*2000*01_A1,40.0,15,0.9333333333333333,0.14285714285714285,0.2857142857142857,0.42857142857142855,0.14285714285714285,0.0,0.0,0.42857142857142855,0.5714285714285714,0.0,0.5714285714285714,0.14285714285714285,2.5714285714285716,1.3333333333333333,0.8163265306122449,0.13333333333333333,0.2
TR949*0100*2000*01_A4,40.0,19,0.9473684210526315,0.1111111111111111,0.2777777777777778,0.2222222222222222,0.2222222222222222,0.05555555555555555,0.1111111111111111,0.3888888888888889,0.4444444444444444,0.16666666666666666,0.6111111111111112,0.3888888888888889,3.1666666666666665,1.5714285714285714,2.138888888888889,0.05263157894736842,0.15789473684210525
TR950*0100*2000*01_A1,31.0,7,1.0,0.14285714285714285,0.2857142857142857,0.2857142857142857,0.2857142857142857,0.0,0.0,0.42857142857142855,0.5714285714285714,0.0,0.5714285714285714,0.2857142857142857,2.7142857142857144,1.3333333333333333,1.0612244897959184,0.0,0.14285714285714285
TR950*0100*2000*01_A3,31.0,12,1.0,0.25,0.25,0.16666666666666666,0.25,0.0,0.08333333333333333,0.5,0.4166666666666667,0.08333333333333333,0.5,0.3333333333333333,2.75,1.0,2.1875,0.08333333333333333,0.16666666666666666
TR952*0100*2000*01_A1,29.0,14,0.9285714285714286,0.3076923076923077,0.3076923076923077,0.3076923076923077,0.07692307692307693,0.0,0.0,0.6153846153846154,0.38461538461538464,0.0,0.38461538461538464,0.07692307692307693,2.1538461538461537,0.625,0.8994082840236686,0.14285714285714285,0.07142857142857142
TR952*0100*2000*01_A3,29.0,7,0.8571428571428571,0.16666666666666666,0.3333333333333333,0.3333333333333333,0.16666666666666666,0.0,0.0,0.5,0.5,0.0,0.5,0.16666666666666666,2.5,1.0,0.9166666666666666,0.0,0.5714285714285714
TR953*0100*2000*01_A1,37.0,10,1.0,0.3,0.3,0.2,0.2,0.0,0.0,0.6,0.4,0.0,0.4,0.2,2.3,0.6666666666666666,1.21,0.1,0.3
TR953*0100*2000*01_A5b,37.0,14,1.0,0.07142857142857142,0.21428571428571427,0.21428571428571427,0.35714285714285715,0.07142857142857142,0.07142857142857142,0.2857142857142857,0.5714285714285714,0.14285714285714285,0.7142857142857143,0.5,3.357142857142857,2.5,1.6581632653061222,0.14285714285714285,0.14285714285714285
TR954*0100*2000*01_A1,36.0,7,1.0,0.5714285714285714,0.14285714285714285,0.14285714285714285,0.14285714285714285,0.0,0.0,0.7142857142857143,0.2857142857142857,0.0,0.2857142857142857,0.14285714285714285,1.8571428571428572,0.4,1.2653061224489797,0.0,0.0
TR954*0100*2000*01_A4,36.0,3,1.0,0.0,0.0,0.3333333333333333,0.0,0.0,0.6666666666666666,0.0,0.3333333333333333,0.6666666666666666,1.0,0.6666666666666666,5.0,nan,2.0,0.0,0.0
TR959*0100*2000*01_A1,31.0,9,1.0,0.1111111111111111,0.2222222222222222,0.4444444444444444,0.0,0.1111111111111111,0.1111111111111111,0.3333333333333333,0.4444444444444444,0.2222222222222222,0.6666666666666666,0.2222222222222222,3.111111111111111,2.0,2.0987654320987654,0.2222222222222222,0.1111111111111111
TR959*0100*2000*01_A3,31.0,8,1.0,0.0,0.375,0.375,0.25,0.0,0.0,0.375,0.625,0.0,0.625,0.25,2.875,1.6666666666666667,0.609375,0.125,0.0
TR961*0100*2000*01_A1,37.0,14,1.0,0.21428571428571427,0.42857142857142855,0.14285714285714285,0.21428571428571427,0.0,0.0,0.6428571428571429,0.35714285714285715,0.0,0.35714285714285715,0.21428571428571427,2.357142857142857,0.5555555555555556,1.0867346938775508,0.07142857142857142,0.35714285714285715
TR961*0100*2000*01_A3,37.0,4,1.0,0.25,0.25,0.25,0.0,0.0,0.25,0.5,0.25,0.25,0.5,0.25,3.0,1.0,3.5,0.0,0.25
TR967*0100*2000*01_A1,33.0,14,0.9285714285714286,0.23076923076923078,0.3076923076923077,0.23076923076923078,0.23076923076923078,0.0,0.0,0.5384615384615384,0.46153846153846156,0.0,0.46153846153846156,0.23076923076923078,2.4615384615384617,0.8571428571428571,1.1715976331360947,0.07142857142857142,0.07142857142857142
TR967*0100*2000*01_A3,33.0,6,1.0,0.6666666666666666,0.0,0.16666666666666666,0.0,0.0,0.16666666666666666,0.6666666666666666,0.16666666666666666,0.16666666666666666,0.3333333333333333,0.16666666666666666,2.1666666666666665,0.5,3.472222222222222,0.16666666666666666,0.0
TR968*0100*2000*01_A1,32.0,9,1.0,0.2222222222222222,0.4444444444444444,0.2222222222222222,0.1111111111111111,0.0,0.0,0.6666666666666666,0.3333333333333333,0.0,0.3333333333333333,0.1111111111111111,2.2222222222222223,0.5,0.8395061728395062,0.1111111111111111,0.3333333333333333
TR968*0100*2000*01_A4,32.0,4,1.0,0.0,0.0,0.5,0.0,0.0,0.5,0.0,0.5,0.5,1.0,0.5,4.5,nan,2.25,0.25,0.0
TR969*0100*2000*01_A1,24.0,15,1.0,0.26666666666666666,0.5333333333333333,0.2,0.0,0.0,0.0,0.8,0.2,0.0,0.2,0.0,1.9333333333333333,0.25,0.46222222222222226,0.0,0.4
TR969*0100*2000*01_A3,24.0,12,1.0,0.4166666666666667,0.4166666666666667,0.0,0.08333333333333333,0.0,0.08333333333333333,0.8333333333333334,0.08333333333333333,0.08333333333333333,0.16666666666666666,0.16666666666666666,2.0833333333333335,0.2,2.076388888888889,0.0,0.25
TR971*0100*2000*01_A1,22.0,5,1.0,0.2,0.2,0.0,0.2,0.2,0.2,0.4,0.2,0.4,0.6,0.6,3.6,1.5,3.4400000000000004,0.2,0.0
TR971*0100*2000*01_A3,22.0,9,1.0,0.3333333333333333,0.0,0.1111111111111111,0.4444444444444444,0.0,0.1111111111111111,0.3333333333333333,0.5555555555555556,0.1111111111111111,0.6666666666666666,0.5555555555555556,3.111111111111111,2.0,2.765432098765432,0.1111111111111111,0.0
TR977*0100*2000*01_A1,24.0,4,1.0,0.5,0.25,0.0,0.25,0.0,0.0,0.75,0.25,0.0,0.25,0.25,2.0,0.3333333333333333,1.5,0.0,0.25
TR977*0100*2000*01_A3,24.0,5,1.0,0.2,0.2,0.0,0.2,0.2,0.2,0.4,0.2,0.4,0.6,0.6,3.6,1.5,3.4400000000000004,0.0,0.0
TR978*0100*2000*01_A1,32.0,12,1.0,0.4166666666666667,0.3333333333333333,0.16666666666666666,0.0,0.0,0.08333333333333333,0.75,0.16666666666666666,0.08333333333333333,0.25,0.08333333333333333,2.0833333333333335,0.3333333333333333,1.9097222222222225,0.08333333333333333,0.16666666666666666
TR978*0100*2000*01_A3,32.0,6,1.0,0.16666666666666666,0.16666666666666666,0.5,0.16666666666666666,0.0,0.0,0.3333333333333333,0.6666666666666666,0.0,0.6666666666666666,0.16666666666666666,2.6666666666666665,2.0,0.8888888888888888,0.0,0.5
TR981*0100*2000*01_A1,34.0,14,1.0,0.42857142857142855,0.14285714285714285,0.2857142857142857,0.14285714285714285,0.0,0.0,0.5714285714285714,0.42857142857142855,0.0,0.42857142857142855,0.14285714285714285,2.142857142857143,0.75,1.2653061224489797,0.14285714285714285,0.14285714285714285
TR981*0100*2000*01_A3,34.0,12,0.9166666666666666,0.45454545454545453,0.2727272727272727,0.18181818181818182,0.0,0.0,0.09090909090909091,0.7272727272727273,0.18181818181818182,0.09090909090909091,0.2727272727272727,0.09090909090909091,2.090909090909091,0.375,2.082644628099174,0.0,0.16666666666666666
TR983*0100*2000*01_A1,32.0,14,1.0,0.14285714285714285,0.07142857142857142,0.7142857142857143,0.07142857142857142,0.0,0.0,0.21428571428571427,0.7857142857142857,0.0,0.7857142857142857,0.07142857142857142,2.7142857142857144,3.6666666666666665,0.6326530612244898,0.14285714285714285,0.07142857142857142
TR983*0100*2000*01_A4,32.0,12,1.0,0.3333333333333333,0.25,0.25,0.08333333333333333,0.08333333333333333,0.0,0.5833333333333334,0.3333333333333333,0.08333333333333333,0.4166666666666667,0.16666666666666666,2.3333333333333335,0.7142857142857143,1.5555555555555554,0.08333333333333333,0.16666666666666666
TR984*0100*2000*01_A1,21.0,8,1.0,0.25,0.25,0.5,0.0,0.0,0.0,0.5,0.5,0.0,0.5,0.0,2.25,1.0,0.6875,0.0,0.0
TR984*0100*2000*01_A3,21.0,5,0.8,0.25,0.0,0.25,0.25,0.25,0.0,0.25,0.5,0.25,0.75,0.5,3.25,3.0,2.1875,0.0,0.4
TR986*0100*2000*01_A1,28.0,11,1.0,0.2727272727272727,0.18181818181818182,0.5454545454545454,0.0,0.0,0.0,0.45454545454545453,0.5454545454545454,0.0,0.5454545454545454,0.0,2.272727272727273,1.2,0.7438016528925622,0.18181818181818182,0.0
TR986*0100*2000*01_A4,28.0,14,1.0,0.35714285714285715,0.21428571428571427,0.35714285714285715,0.07142857142857142,0.0,0.0,0.5714285714285714,0.42857142857142855,0.0,0.42857142857142855,0.07142857142857142,2.142857142857143,0.75,0.979591836734694,0.07142857142857142,0.14285714285714285
TR987*0100*2000*01_A1,33.0,9,1.0,0.2222222222222222,0.1111111111111111,0.4444444444444444,0.1111111111111111,0.0,0.1111111111111111,0.3333333333333333,0.5555555555555556,0.1111111111111111,0.6666666666666666,0.2222222222222222,2.888888888888889,2.0,2.098765432098765,0.0,0.0
TR987*0100*2000*01_A3,33.0,11,1.0,0.45454545454545453,0.18181818181818182,0.2727272727272727,0.09090909090909091,0.0,0.0,0.6363636363636364,0.36363636363636365,0.0,0.36363636363636365,0.09090909090909091,2.0,0.5714285714285714,1.0909090909090908,0.09090909090909091,0.09090909090909091
TR988*0100*2000*01_A1,25.0,7,1.0,0.0,0.42857142857142855,0.2857142857142857,0.14285714285714285,0.0,0.14285714285714285,0.42857142857142855,0.42857142857142855,0.14285714285714285,0.5714285714285714,0.2857142857142857,3.142857142857143,1.3333333333333333,1.836734693877551,0.0,0.14285714285714285
TR988*0100*2000*01_A4,25.0,6,1.0,0.0,0.6666666666666666,0.0,0.0,0.16666666666666666,0.16666666666666666,0.6666666666666666,0.0,0.3333333333333333,0.3333333333333333,0.3333333333333333,3.1666666666666665,0.5,2.8055555555555554,0.0,0.16666666666666666
TR991*0100*2000*01_A1,23.0,7,0.8571428571428571,0.16666666666666666,0.0,0.6666666666666666,0.0,0.0,0.16666666666666666,0.16666666666666666,0.6666666666666666,0.16666666666666666,0.8333333333333334,0.16666666666666666,3.1666666666666665,5.0,2.1388888888888893,0.0,0.14285714285714285
TR991*0100*2000*01_A4,23.0,9,1.0,0.3333333333333333,0.0,0.2222222222222222,0.2222222222222222,0.1111111111111111,0.1111111111111111,0.3333333333333333,0.4444444444444444,0.2222222222222222,0.6666666666666666,0.4444444444444444,3.111111111111111,2.0,2.9876543209876543,0.1111111111111111,0.1111111111111111
TR992*0100*2000*01_A1,20.0,5,1.0,0.2,0.2,0.6,0.0,0.0,0.0,0.4,0.6,0.0,0.6,0.0,2.4,1.5,0.64,0.2,0.2
TR992*0100*2000*01_A3,20.0,7,1.0,0.2857142857142857,0.0,0.2857142857142857,0.2857142857142857,0.14285714285714285,0.0,0.2857142857142857,0.5714285714285714,0.14285714285714285,0.7142857142857143,0.42857142857142855,3.0,2.5,2.0,0.0,0.14285714285714285
TR994*0100*2000*01_A1,22.0,8,1.0,0.25,0.375,0.25,0.125,0.0,0.0,0.625,0.375,0.0,0.375,0.125,2.25,0.6,0.9375,0.0,0.0
TR994*0100*2000*01_A5b,22.0,2,1.0,0.5,0.0,0.5,0.0,0.0,0.0,0.5,0.5,0.0,0.5,0.0,2.0,1.0,1.0,0.0,0.0
TR995*0100*2000*01_A1,33.0,15,1.0,0.4666666666666667,0.13333333333333333,0.2,0.13333333333333333,0.06666666666666667,0.0,0.6,0.3333333333333333,0.06666666666666667,0.4,0.2,2.2,0.6666666666666666,1.76,0.0,0.0
TR995*0100*2000*01_A4,33.0,12,1.0,0.16666666666666666,0.3333333333333333,0.4166666666666667,0.08333333333333333,0.0,0.0,0.5,0.5,0.0,0.5,0.08333333333333333,2.4166666666666665,1.0,0.7430555555555557,0.0,0.08333333333333333
TR998*0100*2000*01_A1,22.0,5,1.0,0.2,0.4,0.0,0.0,0.2,0.2,0.6,0.0,0.4,0.4,0.4,3.2,0.6666666666666666,3.7600000000000002,0.0,0.4
TR998*0100*2000*01_A4,22.0,6,1.0,0.6666666666666666,0.16666666666666666,0.16666666666666666,0.0,0.0,0.0,0.8333333333333334,0.16666666666666666,0.0,0.16666666666666666,0.0,1.5,0.2,0.5833333333333334,0.0,0.0
TR999*0100*2000*01_A1,28.0,9,1.0,0.7777777777777778,0.1111111111111111,0.1111111111111111,0.0,0.0,0.0,0.8888888888888888,0.1111111111111111,0.0,0.1111111111111111,0.0,1.3333333333333333,0.125,0.4444444444444444,0.1111111111111111,0.0
TR999*0100*2000*01_A3,28.0,7,0.8571428571428571,0.3333333333333333,0.16666666666666666,0.5,0.0,0.0,0.0,0.5,0.5,0.0,0.5,0.0,2.1666666666666665,1.0,0.8055555555555555,0.0,0.14285714285714285
TR1000*0100*2000*01_A1,24.0,11,1.0,0.2727272727272727,0.2727272727272727,0.2727272727272727,0.09090909090909091,0.09090909090909091,0.0,0.5454545454545454,0.36363636363636365,0.09090909090909091,0.45454545454545453,0.18181818181818182,2.4545454545454546,0.8333333333333334,1.5206611570247937,0.0,0.0
TR1000*0100*2000*01_A4,24.0,5,1.0,0.2,0.4,0.2,0.0,0.2,0.0,0.6,0.2,0.2,0.4,0.2,2.6,0.6666666666666666,1.8399999999999999,0.2,0.0
TR1002*0100*2000*01_A1,22.0,6,1.0,0.5,0.3333333333333333,0.16666666666666666,0.0,0.0,0.0,0.8333333333333334,0.16666666666666666,0.0,0.16666666666666666,0.0,1.6666666666666667,0.2,0.5555555555555556,0.0,0.0
TR1002*0100*2000*01_A3,22.0,6,1.0,0.5,0.0,0.3333333333333333,0.16666666666666666,0.0,0.0,0.5,0.5,0.0,0.5,0.16666666666666666,2.1666666666666665,1.0,1.472222222222222,0.0,0.0
TR1003*0100*2000*01_A1,20.0,13,1.0,0.38461538461538464,0.15384615384615385,0.3076923076923077,0.15384615384615385,0.0,0.0,0.5384615384615384,0.46153846153846156,0.0,0.46153846153846156,0.15384615384615385,2.230769230769231,0.8571428571428571,1.2544378698224854,0.07692307692307693,0.0
TR1003*0100*2000*01_A3,20.0,4,1.0,0.25,0.5,0.0,0.25,0.0,0.0,0.75,0.25,0.0,0.25,0.25,2.25,0.3333333333333333,1.1875,0.25,0.0
TR1004*0100*2000*01_A1,32.0,8,1.0,0.5,0.0,0.375,0.125,0.0,0.0,0.5,0.5,0.0,0.5,0.125,2.125,1.0,1.359375,0.125,0.0
TR1004*0100*2000*01_A3,32.0,5,1.0,0.4,0.4,0.0,0.0,0.2,0.0,0.8,0.0,0.2,0.2,0.2,2.2,0.25,2.16,0.2,0.4
TR1005*0100*2000*01_A1,19.0,11,0.8181818181818182,0.2222222222222222,0.1111111111111111,0.5555555555555556,0.0,0.0,0.1111111111111111,0.3333333333333333,0.5555555555555556,0.1111111111111111,0.6666666666666666,0.1111111111111111,2.7777777777777777,2.0,1.9506172839506175,0.18181818181818182,0.18181818181818182
TR1005*0100*2000*01_A3,19.0,11,1.0,0.36363636363636365,0.45454545454545453,0.09090909090909091,0.09090909090909091,0.0,0.0,0.8181818181818182,0.18181818181818182,0.0,0.18181818181818182,0.09090909090909091,1.9090909090909092,0.2222222222222222,0.8099173553719008,0.18181818181818182,0.18181818181818182
TR1006*0100*2000*01_A1,33.0,17,0.9411764705882353,0.3125,0.125,0.375,0.1875,0.0,0.0,0.4375,0.5625,0.0,0.5625,0.1875,2.4375,1.2857142857142858,1.24609375,0.17647058823529413,0.17647058823529413
TR1006*0100*2000*01_A3,33.0,16,1.0,0.25,0.3125,0.1875,0.25,0.0,0.0,0.5625,0.4375,0.0,0.4375,0.25,2.4375,0.7777777777777778,1.24609375,0.0,0.1875
TR1009*0100*2000*01_A1,33.0,12,1.0,0.25,0.0,0.3333333333333333,0.4166666666666667,0.0,0.0,0.25,0.75,0.0,0.75,0.4166666666666667,2.9166666666666665,3.0,1.409722222222222,0.08333333333333333,0.0
TR1009*0100*2000*01_A4,33.0,8,1.0,0.375,0.125,0.375,0.125,0.0,0.0,0.5,0.5,0.0,0.5,0.125,2.25,1.0,1.1875,0.0,0.125
TR1015*0100*2000*01_A1,20.0,11,1.0,0.2727272727272727,0.36363636363636365,0.09090909090909091,0.2727272727272727,0.0,0.0,0.6363636363636364,0.36363636363636365,0.0,0.36363636363636365,0.2727272727272727,2.3636363636363638,0.5714285714285714,1.3223140495867767,0.0,0.18181818181818182
TR1015*0100*2000*01_A4,20.0,4,1.0,0.0,0.25,0.75,0.0,0.0,0.0,0.25,0.75,0.0,0.75,0.0,2.75,3.0,0.1875,0.0,0.0
TR1016*0100*2000*01_A1,27.0,9,1.0,0.2222222222222222,0.3333333333333333,0.2222222222222222,0.2222222222222222,0.0,0.0,0.5555555555555556,0.4444444444444444,0.0,0.4444444444444444,0.2222222222222222,2.4444444444444446,0.8,1.1358024691358024,0.1111111111111111,0.1111111111111111
TR1016*0100*2000*01_A4,27.0,13,1.0,0.15384615384615385,0.07692307692307693,0.3076923076923077,0.38461538461538464,0.0,0.07692307692307693,0.23076923076923078,0.6923076923076923,0.07692307692307693,0.7692307692307693,0.46153846153846156,3.230769230769231,3.3333333333333335,1.7159763313609466,0.07692307692307693,0.07692307692307693
TR1017*0100*2000*01_A1,29.0,11,1.0,0.45454545454545453,0.2727272727272727,0.2727272727272727,0.0,0.0,0.0,0.7272727272727273,0.2727272727272727,0.0,0.2727272727272727,0.0,1.8181818181818181,0.375,0.6942148760330579,0.18181818181818182,0.09090909090909091
TR1017*0100*2000*01_A4,29.0,5,1.0,0.2,0.2,0.6,0.0,0.0,0.0,0.4,0.6,0.0,0.6,0.0,2.4,1.5,0.64,0.2,0.2
TR1020*0100*2000*01_A1,25.0,10,1.0,0.5,0.0,0.4,0.1,0.0,0.0,0.5,0.5,0.0,0.5,0.1,2.1,1.0,1.2900000000000003,0.0,0.0
TR1020*0100*2000*01_A4,25.0,9,1.0,0.3333333333333333,0.3333333333333333,0.1111111111111111,0.0,0.1111111111111111,0.1111111111111111,0.6666666666666666,0.1111111111111111,0.2222222222222222,0.3333333333333333,0.2222222222222222,2.5555555555555554,0.5,2.9135802469135808,0.1111111111111111,0.0
TR1024*0100*2000*01_A1,29.0,8,1.0,0.375,0.0,0.5,0.125,0.0,0.0,0.375,0.625,0.0,0.625,0.125,2.375,1.6666666666666667,1.234375,0.25,0.0
TR1024*0100*2000*01_A3,29.0,9,1.0,0.1111111111111111,0.2222222222222222,0.3333333333333333,0.3333333333333333,0.0,0.0,0.3333333333333333,0.6666666666666666,0.0,0.6666666666666666,0.3333333333333333,2.888888888888889,2.0,0.9876543209876544,0.1111111111111111,0.0
TR1025*0100*2000*01_A1,35.0,12,1.0,0.3333333333333333,0.16666666666666666,0.4166666666666667,0.08333333333333333,0.0,0.0,0.5,0.5,0.0,0.5,0.08333333333333333,2.25,1.0,1.0208333333333333,0.08333333333333333,0.08333333333333333
TR1025*0100*2000*01_A4,35.0,18,1.0,0.16666666666666666,0.3888888888888889,0.2222222222222222,0.16666666666666666,0.05555555555555555,0.0,0.5555555555555556,0.3888888888888889,0.05555555555555555,0.4444444444444444,0.2222222222222222,2.5555555555555554,0.8,1.2469135802469136,0.16666666666666666,0.2222222222222222
TR1026*0100*2000*01_A1,36.0,13,0.9230769230769231,0.08333333333333333,0.25,0.3333333333333333,0.16666666666666666,0.0,0.16666666666666666,0.3333333333333333,0.5,0.16666666666666666,0.6666666666666666,0.3333333333333333,3.25,2.0,2.1875,0.23076923076923078,0.07692307692307693
TR1026*0100*2000*01_A4,36.0,10,0.9,0.0,0.4444444444444444,0.2222222222222222,0.1111111111111111,0.1111111111111111,0.1111111111111111,0.4444444444444444,0.3333333333333333,0.2222222222222222,0.5555555555555556,0.3333333333333333,3.2222222222222223,1.25,1.950617283950617,0.1,0.1
TR1029*0100*2000*01_A1,28.0,17,1.0,0.47058823529411764,0.23529411764705882,0.11764705882352941,0.11764705882352941,0.0,0.058823529411764705,0.7058823529411765,0.23529411764705882,0.058823529411764705,0.29411764705882354,0.17647058823529413,2.1176470588235294,0.4166666666666667,1.986159169550173,0.058823529411764705,0.23529411764705882
TR1029*0100*2000*01_A4,28.0,14,1.0,0.14285714285714285,0.5714285714285714,0.14285714285714285,0.07142857142857142,0.07142857142857142,0.0,0.7142857142857143,0.21428571428571427,0.07142857142857142,0.2857142857142857,0.14285714285714285,2.357142857142857,0.4,1.0867346938775508,0.07142857142857142,0.21428571428571427
TR1031*0100*2000*01_A1,23.0,7,1.0,0.7142857142857143,0.14285714285714285,0.0,0.14285714285714285,0.0,0.0,0.8571428571428571,0.14285714285714285,0.0,0.14285714285714285,0.14285714285714285,1.5714285714285714,0.16666666666666666,1.1020408163265307,0.0,0.0
TR1031*0100*2000*01_A3,23.0,13,1.0,0.5384615384615384,0.3076923076923077,0.07692307692307693,0.0,0.0,0.07692307692307693,0.8461538461538461,0.07692307692307693,0.07692307692307693,0.15384615384615385,0.07692307692307693,1.8461538461538463,0.18181818181818182,1.8224852071005913,0.07692307692307693,0.0
TR1033*0100*2000*01_A1,20.0,4,1.0,0.75,0.0,0.25,0.0,0.0,0.0,0.75,0.25,0.0,0.25,0.0,1.5,0.3333333333333333,0.75,0.0,0.0
TR1033*0100*2000*01_A3,20.0,6,0.8333333333333334,0.6,0.2,0.0,0.2,0.0,0.0,0.8,0.2,0.0,0.2,0.2,1.8,0.25,1.3600000000000003,0.0,0.16666666666666666
TR1036*0100*2000*01_A1,28.0,8,0.875,0.5714285714285714,0.14285714285714285,0.2857142857142857,0.0,0.0,0.0,0.7142857142857143,0.2857142857142857,0.0,0.2857142857142857,0.0,1.7142857142857142,0.4,0.7755102040816327,0.125,0.125
TR1036*0100*2000*01_A3,28.0,12,0.9166666666666666,0.5454545454545454,0.09090909090909091,0.09090909090909091,0.18181818181818182,0.0,0.09090909090909091,0.6363636363636364,0.2727272727272727,0.09090909090909091,0.36363636363636365,0.2727272727272727,2.272727272727273,0.5714285714285714,2.743801652892562,0.08333333333333333,0.25
TR1038*0100*2000*01_A1,17.0,2,1.0,0.0,0.5,0.5,0.0,0.0,0.0,0.5,0.5,0.0,0.5,0.0,2.5,1.0,0.25,0.0,0.0
TR1038*0100*2000*01_A3,17.0,4,1.0,0.25,0.0,0.0,0.5,0.25,0.0,0.25,0.5,0.25,0.75,0.75,3.5,3.0,2.25,0.25,0.0
TR1039*0100*2000*01_A1,38.0,11,1.0,0.18181818181818182,0.18181818181818182,0.2727272727272727,0.36363636363636365,0.0,0.0,0.36363636363636365,0.6363636363636364,0.0,0.6363636363636364,0.36363636363636365,2.8181818181818183,1.75,1.2396694214876034,0.09090909090909091,0.0
TR1039*0100*2000*01_A2,38.0,6,1.0,0.16666666666666666,0.16666666666666666,0.16666666666666666,0.5,0.0,0.0,0.3333333333333333,0.6666666666666666,0.0,0.6666666666666666,0.5,3.0,2.0,1.3333333333333333,0.0,0.0
TR1040*0100*2000*01_A1,22.0,8,1.0,0.25,0.5,0.125,0.125,0.0,0.0,0.75,0.25,0.0,0.25,0.125,2.125,0.3333333333333333,0.859375,0.0,0.25
TR1040*0100*2000*01_A4,22.0,4,1.0,0.5,0.0,0.0,0.25,0.25,0.0,0.5,0.25,0.25,0.5,0.5,2.75,1.0,3.1875,0.25,0.0
TR1042*0100*2000*01_A1,32.0,14,1.0,0.35714285714285715,0.14285714285714285,0.42857142857142855,0.0,0.07142857142857142,0.0,0.5,0.42857142857142855,0.07142857142857142,0.5,0.07142857142857142,2.2857142857142856,1.0,1.346938775510204,0.07142857142857142,0.07142857142857142
TR1042*0100*2000*01_A3,32.0,9,0.8888888888888888,0.125,0.25,0.375,0.125,0.125,0.0,0.375,0.5,0.125,0.625,0.25,2.875,1.6666666666666667,1.359375,0.2222222222222222,0.4444444444444444
TR1045*0100*2000*01_A1,17.0,13,1.0,0.5384615384615384,0.23076923076923078,0.23076923076923078,0.0,0.0,0.0,0.7692307692307693,0.23076923076923078,0.0,0.23076923076923078,0.0,1.6923076923076923,0.3,0.6745562130177516,0.07692307692307693,0.15384615384615385
TR1045*0100*2000*01_A3,17.0,9,1.0,0.4444444444444444,0.1111111111111111,0.3333333333333333,0.1111111111111111,0.0,0.0,0.5555555555555556,0.4444444444444444,0.0,0.4444444444444444,0.1111111111111111,2.111111111111111,0.8,1.2098765432098766,0.0,0.0
TR114*0100*2000*01_A1,26.0,8,1.0,0.125,0.25,0.125,0.5,0.0,0.0,0.375,0.625,0.0,0.625,0.5,3.0,1.6666666666666667,1.25,0.125,0.125
TR114*0100*2000*01_A4,26.0,8,0.875,0.14285714285714285,0.5714285714285714,0.2857142857142857,0.0,0.0,0.0,0.7142857142857143,0.2857142857142857,0.0,0.2857142857142857,0.0,2.142857142857143,0.4,0.4081632653061224,0.125,0.375
TR116*0100*2000*01_A1,34.0,15,0.9333333333333333,0.21428571428571427,0.2857142857142857,0.21428571428571427,0.2857142857142857,0.0,0.0,0.5,0.5,0.0,0.5,0.2857142857142857,2.5714285714285716,1.0,1.2448979591836735,0.0,0.2
TR116*0100*2000*01_A3,34.0,12,1.0,0.0,0.5833333333333334,0.08333333333333333,0.25,0.08333333333333333,0.0,0.5833333333333334,0.3333333333333333,0.08333333333333333,0.4166666666666667,0.3333333333333333,2.8333333333333335,0.7142857142857143,1.1388888888888888,0.0,0.25
TR117*0100*2000*01_A1,31.0,10,0.9,0.5555555555555556,0.3333333333333333,0.1111111111111111,0.0,0.0,0.0,0.8888888888888888,0.1111111111111111,0.0,0.1111111111111111,0.0,1.5555555555555556,0.125,0.46913580246913583,0.0,0.1
TR117*0100*2000*01_A4,31.0,8,0.625,0.2,0.6,0.2,0.0,0.0,0.0,0.8,0.2,0.0,0.2,0.0,2.0,0.25,0.4,0.125,0.625
TR118*0100*2000*01_A1,23.0,11,1.0,0.2727272727272727,0.45454545454545453,0.09090909090909091,0.18181818181818182,0.0,0.0,0.7272727272727273,0.2727272727272727,0.0,0.2727272727272727,0.18181818181818182,2.1818181818181817,0.375,1.0578512396694215,0.0,0.18181818181818182
TR118*0100*2000*01_A2,23.0,8,1.0,0.25,0.25,0.25,0.25,0.0,0.0,0.5,0.5,0.0,0.5,0.25,2.5,1.0,1.25,0.0,0.25
TR119*0100*2000*01_A1,24.0,10,1.0,0.2,0.2,0.4,0.2,0.0,0.0,0.4,0.6,0.0,0.6,0.2,2.6,1.5,1.04,0.0,0.1
TR119*0100*2000*01_A2,24.0,8,1.0,0.125,0.25,0.125,0.25,0.25,0.0,0.375,0.375,0.25,0.625,0.5,3.25,1.6666666666666667,1.9375,0.125,0.25
TR120*0100*2000*01_A1,32.0,10,1.0,0.3,0.3,0.2,0.1,0.0,0.1,0.6,0.3,0.1,0.4,0.2,2.5,0.6666666666666666,2.25,0.0,0.1
TR120*0100*2000*01_A2,32.0,9,1.0,0.0,0.2222222222222222,0.2222222222222222,0.4444444444444444,0.1111111111111111,0.0,0.2222222222222222,0.6666666666666666,0.1111111111111111,0.7777777777777778,0.5555555555555556,3.4444444444444446,3.5,0.9135802469135802,0.0,0.0
TR123*0100*2000*01_A1,29.0,14,1.0,0.14285714285714285,0.2857142857142857,0.2857142857142857,0.21428571428571427,0.07142857142857142,0.0,0.42857142857142855,0.5,0.07142857142857142,0.5714285714285714,0.2857142857142857,2.7857142857142856,1.3333333333333333,1.3112244897959184,0.0,0.21428571428571427
TR123*0100*2000*01_A2,29.0,12,1.0,0.16666666666666666,0.08333333333333333,0.25,0.4166666666666667,0.08333333333333333,0.0,0.25,0.6666666666666666,0.08333333333333333,0.75,0.5,3.1666666666666665,3.0,1.472222222222222,0.08333333333333333,0.08333333333333333
TR125*0100*2000*01_A1,35.0,5,1.0,0.4,0.2,0.2,0.0,0.2,0.0,0.6,0.2,0.2,0.4,0.2,2.4,0.6666666666666666,2.2399999999999998,0.0,0.0
TR125*0100*2000*01_A3,35.0,10,1.0,0.4,0.0,0.3,0.3,0.0,0.0,0.4,0.6,0.0,0.6,0.3,2.5,1.5,1.65,0.1,0.0
TR1048*0100*2000*01_A1,21.0,9,1.0,0.3333333333333333,0.3333333333333333,0.1111111111111111,0.1111111111111111,0.1111111111111111,0.0,0.6666666666666666,0.2222222222222222,0.1111111111111111,0.3333333333333333,0.2222222222222222,2.3333333333333335,0.5,1.7777777777777777,0.1111111111111111,0.0
TR1048*0100*2000*01_A3,21.0,5,1.0,0.4,0.2,0.0,0.4,0.0,0.0,0.6,0.4,0.0,0.4,0.4,2.4,0.6666666666666666,1.8400000000000003,0.0,0.2
TR1050*0100*2000*01_A1,26.0,9,1.0,0.3333333333333333,0.4444444444444444,0.0,0.2222222222222222,0.0,0.0,0.7777777777777778,0.2222222222222222,0.0,0.2222222222222222,0.2222222222222222,2.111111111111111,0.2857142857142857,1.2098765432098766,0.0,0.1111111111111111
TR1050*0100*2000*01_A2,26.0,6,1.0,0.16666666666666666,0.5,0.3333333333333333,0.0,0.0,0.0,0.6666666666666666,0.3333333333333333,0.0,0.3333333333333333,0.0,2.1666666666666665,0.5,0.47222222222222215,0.0,0.3333333333333333
TR1051*0100*2000*01_A1,30.0,11,1.0,0.2727272727272727,0.36363636363636365,0.2727272727272727,0.0,0.09090909090909091,0.0,0.6363636363636364,0.2727272727272727,0.09090909090909091,0.36363636363636365,0.09090909090909091,2.272727272727273,0.5714285714285714,1.2892561983471076,0.09090909090909091,0.0
TR1051*0100*2000*01_A5a,30.0,9,1.0,0.0,0.2222222222222222,0.2222222222222222,0.5555555555555556,0.0,0.0,0.2222222222222222,0.7777777777777778,0.0,0.7777777777777778,0.5555555555555556,3.3333333333333335,3.5,0.6666666666666666,0.1111111111111111,0.0
TR1053*0100*2000*01_A1,25.0,11,1.0,0.36363636363636365,0.18181818181818182,0.36363636363636365,0.09090909090909091,0.0,0.0,0.5454545454545454,0.45454545454545453,0.0,0.45454545454545453,0.09090909090909091,2.1818181818181817,0.8333333333333334,1.0578512396694213,0.2727272727272727,0.0
TR1053*0100*2000*01_A3,25.0,2,1.0,0.5,0.0,0.5,0.0,0.0,0.0,0.5,0.5,0.0,0.5,0.0,2.0,1.0,1.0,0.5,0.0
TR1056*0100*2000*01_A1,31.0,12,1.0,0.4166666666666667,0.25,0.08333333333333333,0.25,0.0,0.0,0.6666666666666666,0.3333333333333333,0.0,0.3333333333333333,0.25,2.1666666666666665,0.5,1.472222222222222,0.0,0.08333333333333333
TR1056*0100*2000*01_A4,31.0,13,1.0,0.3076923076923077,0.23076923076923078,0.15384615384615385,0.23076923076923078,0.0,0.07692307692307693,0.5384615384615384,0.38461538461538464,0.07692307692307693,0.46153846153846156,0.3076923076923077,2.6153846153846154,0.8571428571428571,2.2366863905325443,0.07692307692307693,0.07692307692307693
TR1057*0100*2000*01_A1,27.0,15,1.0,0.4,0.26666666666666666,0.2,0.13333333333333333,0.0,0.0,0.6666666666666666,0.3333333333333333,0.0,0.3333333333333333,0.13333333333333333,2.066666666666667,0.5,1.1288888888888888,0.06666666666666667,0.0
TR1057*0100*2000*01_A4,27.0,11,1.0,0.18181818181818182,0.2727272727272727,0.2727272727272727,0.0,0.0,0.2727272727272727,0.45454545454545453,0.2727272727272727,0.2727272727272727,0.5454545454545454,0.2727272727272727,3.1818181818181817,1.2,3.4214876033057853,0.0,0.36363636363636365
TR1059*0100*2000*01_A1,31.0,12,1.0,0.08333333333333333,0.16666666666666666,0.5,0.08333333333333333,0.08333333333333333,0.08333333333333333,0.25,0.5833333333333334,0.16666666666666666,0.75,0.25,3.1666666666666665,3.0,1.638888888888889,0.3333333333333333,0.16666666666666666
TR1059*0100*2000*01_A5b,31.0,9,1.0,0.0,0.2222222222222222,0.3333333333333333,0.3333333333333333,0.0,0.1111111111111111,0.2222222222222222,0.6666666666666666,0.1111111111111111,0.7777777777777778,0.4444444444444444,3.4444444444444446,3.5,1.3580246913580245,0.0,0.1111111111111111
TR1060*0100*2000*01_A1,31.0,11,1.0,0.6363636363636364,0.18181818181818182,0.18181818181818182,0.0,0.0,0.0,0.8181818181818182,0.18181818181818182,0.0,0.18181818181818182,0.0,1.5454545454545454,0.2222222222222222,0.6115702479338843,0.09090909090909091,0.0
TR1060*0100*2000*01_A4,31.0,8,1.0,0.125,0.375,0.25,0.125,0.125,0.0,0.5,0.375,0.125,0.5,0.25,2.75,1.0,1.4375,0.0,0.25
TR1062*0100*2000*01_A1,27.0,12,1.0,0.08333333333333333,0.3333333333333333,0.08333333333333333,0.4166666666666667,0.0,0.08333333333333333,0.4166666666666667,0.5,0.08333333333333333,0.5833333333333334,0.5,3.1666666666666665,1.4,1.8055555555555554,0.16666666666666666,0.16666666666666666
TR1062*0100*2000*01_A3,27.0,11,1.0,0.2727272727272727,0.36363636363636365,0.2727272727272727,0.09090909090909091,0.0,0.0,0.6363636363636364,0.36363636363636365,0.0,0.36363636363636365,0.09090909090909091,2.1818181818181817,0.5714285714285714,0.8760330578512395,0.09090909090909091,0.2727272727272727
TR1064*0100*2000*01_A1,36.0,7,1.0,0.42857142857142855,0.2857142857142857,0.14285714285714285,0.14285714285714285,0.0,0.0,0.7142857142857143,0.2857142857142857,0.0,0.2857142857142857,0.14285714285714285,2.0,0.4,1.1428571428571428,0.0,0.14285714285714285
TR1064*0100*2000*01_A3,36.0,9,0.8888888888888888,0.25,0.125,0.25,0.25,0.0,0.125,0.375,0.5,0.125,0.625,0.375,3.0,1.6666666666666667,2.5,0.1111111111111111,0.3333333333333333
TR773*0100*2000*01_A1,32.0,8,1.0,0.375,0.125,0.375,0.0,0.0,0.125,0.5,0.375,0.125,0.5,0.125,2.5,1.0,2.5,0.0,0.0
TR773*0100*2000*01_A3,32.0,9,1.0,0.2222222222222222,0.2222222222222222,0.2222222222222222,0.1111111111111111,0.1111111111111111,0.1111111111111111,0.4444444444444444,0.3333333333333333,0.2222222222222222,0.5555555555555556,0.3333333333333333,3.0,1.25,2.6666666666666665,0.1111111111111111,0.1111111111111111
TR1065*0100*2000*01_A1,35.0,7,1.0,0.42857142857142855,0.14285714285714285,0.2857142857142857,0.14285714285714285,0.0,0.0,0.5714285714285714,0.42857142857142855,0.0,0.42857142857142855,0.14285714285714285,2.142857142857143,0.75,1.2653061224489794,0.0,0.0
TR1065*0100*2000*01_A3,35.0,12,1.0,0.3333333333333333,0.16666666666666666,0.08333333333333333,0.3333333333333333,0.08333333333333333,0.0,0.5,0.4166666666666667,0.08333333333333333,0.5,0.4166666666666667,2.6666666666666665,1.0,2.055555555555556,0.08333333333333333,0.08333333333333333
TR1069*0100*2000*01_A1,21.0,14,1.0,0.35714285714285715,0.35714285714285715,0.21428571428571427,0.07142857142857142,0.0,0.0,0.7142857142857143,0.2857142857142857,0.0,0.2857142857142857,0.07142857142857142,2.0,0.4,0.8571428571428571,0.07142857142857142,0.21428571428571427
TR1069*0100*2000*01_A4,21.0,7,0.8571428571428571,0.5,0.0,0.5,0.0,0.0,0.0,0.5,0.5,0.0,0.5,0.0,2.0,1.0,1.0,0.2857142857142857,0.2857142857142857
TR774*0100*2000*01_A1,34.0,17,1.0,0.23529411764705882,0.23529411764705882,0.35294117647058826,0.17647058823529413,0.0,0.0,0.47058823529411764,0.5294117647058824,0.0,0.5294117647058824,0.17647058823529413,2.4705882352941178,1.125,1.072664359861592,0.11764705882352941,0.11764705882352941
TR774*0100*2000*01_A3,34.0,9,1.0,0.0,0.3333333333333333,0.2222222222222222,0.1111111111111111,0.1111111111111111,0.2222222222222222,0.3333333333333333,0.3333333333333333,0.3333333333333333,0.6666666666666666,0.4444444444444444,3.6666666666666665,2.0,2.4444444444444446,0.0,0.2222222222222222
TR1088*0100*2000*01_A1,26.0,6,1.0,0.3333333333333333,0.3333333333333333,0.16666666666666666,0.16666666666666666,0.0,0.0,0.6666666666666666,0.3333333333333333,0.0,0.3333333333333333,0.16666666666666666,2.1666666666666665,0.5,1.1388888888888888,0.16666666666666666,0.16666666666666666
TR1088*0100*2000*01_A3,26.0,3,1.0,0.3333333333333333,0.6666666666666666,0.0,0.0,0.0,0.0,1.0,0.0,0.0,0.0,0.0,1.6666666666666667,0.0,0.2222222222222222,0.0,0.6666666666666666
TR1090*0100*2000*01_A1,18.0,11,1.0,0.2727272727272727,0.0,0.45454545454545453,0.18181818181818182,0.09090909090909091,0.0,0.2727272727272727,0.6363636363636364,0.09090909090909091,0.7272727272727273,0.2727272727272727,2.8181818181818183,2.6666666666666665,1.6033057851239667,0.09090909090909091,0.0
TR1090*0100*2000*01_A4,18.0,4,1.0,0.25,0.0,0.25,0.5,0.0,0.0,0.25,0.75,0.0,0.75,0.5,3.0,3.0,1.5,0.25,0.25
TR1092*0100*2000*01_A1,27.0,12,1.0,0.16666666666666666,0.16666666666666666,0.4166666666666667,0.0,0.08333333333333333,0.16666666666666666,0.3333333333333333,0.4166666666666667,0.25,0.6666666666666666,0.25,3.1666666666666665,2.0,2.638888888888889,0.25,0.0
TR1092*0100*2000*01_A2,27.0,10,1.0,0.1,0.3,0.3,0.1,0.0,0.2,0.4,0.4,0.2,0.6,0.3,3.2,1.5,2.5599999999999996,0.0,0.0
TR1093*0100*2000*01_A1,31.0,8,0.875,0.5714285714285714,0.14285714285714285,0.14285714285714285,0.14285714285714285,0.0,0.0,0.7142857142857143,0.2857142857142857,0.0,0.2857142857142857,0.14285714285714285,1.8571428571428572,0.4,1.2653061224489794,0.0,0.25
TR1093*0100*2000*01_A3,31.0,8,0.875,0.2857142857142857,0.14285714285714285,0.2857142857142857,0.14285714285714285,0.0,0.14285714285714285,0.42857142857142855,0.42857142857142855,0.14285714285714285,0.5714285714285714,0.2857142857142857,2.857142857142857,1.3333333333333333,2.693877551020408,0.25,0.25
TR1095*0100*2000*01_A1,22.0,7,1.0,0.14285714285714285,0.14285714285714285,0.42857142857142855,0.2857142857142857,0.0,0.0,0.2857142857142857,0.7142857142857143,0.0,0.7142857142857143,0.2857142857142857,2.857142857142857,2.5,0.9795918367346937,0.14285714285714285,0.2857142857142857
TR1095*0100*2000*01_A3,22.0,3,1.0,0.0,0.0,0.6666666666666666,0.0,0.3333333333333333,0.0,0.0,0.6666666666666666,0.3333333333333333,1.0,0.3333333333333333,3.6666666666666665,nan,0.8888888888888888,0.6666666666666666,0.0
TR1098*0100*2000*01_A1,26.0,13,1.0,0.38461538461538464,0.0,0.38461538461538464,0.15384615384615385,0.0,0.07692307692307693,0.38461538461538464,0.5384615384615384,0.07692307692307693,0.6153846153846154,0.23076923076923078,2.6153846153846154,1.6,2.2366863905325443,0.3076923076923077,0.07692307692307693
TR1098*0100*2000*01_A4,26.0,13,1.0,0.3076923076923077,0.3076923076923077,0.23076923076923078,0.15384615384615385,0.0,0.0,0.6153846153846154,0.38461538461538464,0.0,0.38461538461538464,0.15384615384615385,2.230769230769231,0.625,1.1005917159763317,0.0,0.46153846153846156
TR1100*0100*2000*01_A1,34.0,11,1.0,0.09090909090909091,0.36363636363636365,0.2727272727272727,0.18181818181818182,0.0,0.09090909090909091,0.45454545454545453,0.45454545454545453,0.09090909090909091,0.5454545454545454,0.2727272727272727,2.909090909090909,1.2,1.7190082644628104,0.09090909090909091,0.09090909090909091
TR1100*0100*2000*01_A4,34.0,4,1.0,0.5,0.5,0.0,0.0,0.0,0.0,1.0,0.0,0.0,0.0,0.0,1.5,0.0,0.25,0.0,0.25
TR775*0100*2000*01_A1,26.0,11,1.0,0.2727272727272727,0.2727272727272727,0.36363636363636365,0.0,0.0,0.09090909090909091,0.5454545454545454,0.36363636363636365,0.09090909090909091,0.45454545454545453,0.09090909090909091,2.4545454545454546,0.8333333333333334,1.8842975206611572,0.18181818181818182,0.0
TR775*0100*2000*01_A3,26.0,7,1.0,0.42857142857142855,0.2857142857142857,0.0,0.2857142857142857,0.0,0.0,0.7142857142857143,0.2857142857142857,0.0,0.2857142857142857,0.2857142857142857,2.142857142857143,0.4,1.5510204081632655,0.14285714285714285,0.2857142857142857
TR1103*0100*2000*01_A1,25.0,11,1.0,0.2727272727272727,0.18181818181818182,0.09090909090909091,0.36363636363636365,0.09090909090909091,0.0,0.45454545454545453,0.45454545454545453,0.09090909090909091,0.5454545454545454,0.45454545454545453,2.8181818181818183,1.2,1.9669421487603302,0.09090909090909091,0.18181818181818182
TR1103*0100*2000*01_A4,25.0,7,1.0,0.42857142857142855,0.14285714285714285,0.2857142857142857,0.14285714285714285,0.0,0.0,0.5714285714285714,0.42857142857142855,0.0,0.42857142857142855,0.14285714285714285,2.142857142857143,0.75,1.2653061224489797,0.0,0.14285714285714285
TR1109*0100*2000*01_A1,27.0,14,0.9285714285714286,0.3076923076923077,0.3076923076923077,0.23076923076923078,0.15384615384615385,0.0,0.0,0.6153846153846154,0.38461538461538464,0.0,0.38461538461538464,0.15384615384615385,2.230769230769231,0.625,1.1005917159763317,0.07142857142857142,0.14285714285714285
TR1109*0100*2000*01_A2,27.0,3,1.0,0.0,0.0,0.3333333333333333,0.0,0.3333333333333333,0.3333333333333333,0.0,0.3333333333333333,0.6666666666666666,1.0,0.6666666666666666,4.666666666666667,nan,1.5555555555555554,0.3333333333333333,0.3333333333333333
TR1112*0100*2000*01_A1,32.0,18,0.8888888888888888,0.1875,0.1875,0.375,0.1875,0.0625,0.0,0.375,0.5625,0.0625,0.625,0.25,2.75,1.6666666666666667,1.3125,0.16666666666666666,0.2222222222222222
TR1112*0100*2000*01_A4,32.0,9,0.8888888888888888,0.125,0.25,0.375,0.125,0.125,0.0,0.375,0.5,0.125,0.625,0.25,2.875,1.6666666666666667,1.359375,0.1111111111111111,0.1111111111111111
TR1113*0100*2000*01_A1,25.0,8,1.0,0.25,0.375,0.125,0.25,0.0,0.0,0.625,0.375,0.0,0.375,0.25,2.375,0.6,1.234375,0.0,0.25
TR1113*0100*2000*01_A4,25.0,7,1.0,0.2857142857142857,0.42857142857142855,0.2857142857142857,0.0,0.0,0.0,0.7142857142857143,0.2857142857142857,0.0,0.2857142857142857,0.0,2.0,0.4,0.5714285714285714,0.0,0.14285714285714285
TR1117*0100*2000*01_A1,29.0,9,1.0,0.2222222222222222,0.2222222222222222,0.3333333333333333,0.1111111111111111,0.0,0.1111111111111111,0.4444444444444444,0.4444444444444444,0.1111111111111111,0.5555555555555556,0.2222222222222222,2.7777777777777777,1.25,2.17283950617284,0.0,0.1111111111111111
TR1117*0100*2000*01_A4,29.0,8,1.0,0.375,0.25,0.25,0.125,0.0,0.0,0.625,0.375,0.0,0.375,0.125,2.125,0.6,1.109375,0.125,0.125
TR776*0100*2000*01_A1,34.0,9,1.0,0.0,0.3333333333333333,0.4444444444444444,0.2222222222222222,0.0,0.0,0.3333333333333333,0.6666666666666666,0.0,0.6666666666666666,0.2222222222222222,2.888888888888889,2.0,0.54320987654321,0.1111111111111111,0.0
TR776*0100*2000*01_A3,34.0,10,0.9,0.1111111111111111,0.3333333333333333,0.1111111111111111,0.1111111111111111,0.2222222222222222,0.1111111111111111,0.4444444444444444,0.2222222222222222,0.3333333333333333,0.5555555555555556,0.4444444444444444,3.3333333333333335,1.25,2.6666666666666665,0.3,0.3
TR1122*0100*2000*01_A1,33.0,9,1.0,0.0,0.2222222222222222,0.4444444444444444,0.1111111111111111,0.1111111111111111,0.1111111111111111,0.2222222222222222,0.5555555555555556,0.2222222222222222,0.7777777777777778,0.3333333333333333,3.4444444444444446,3.5,1.5802469135802468,0.2222222222222222,0.2222222222222222
TR1122*0100*2000*01_A3,33.0,12,0.8333333333333334,0.2,0.3,0.1,0.1,0.1,0.2,0.5,0.2,0.3,0.5,0.4,3.2,1.0,3.3600000000000003,0.25,0.3333333333333333
TR1123*0100*2000*01_A1,26.0,10,1.0,0.6,0.1,0.2,0.1,0.0,0.0,0.7,0.3,0.0,0.3,0.1,1.8,0.42857142857142855,1.1600000000000001,0.2,0.0
TR1123*0100*2000*01_A4,26.0,4,1.0,0.25,0.0,0.75,0.0,0.0,0.0,0.25,0.75,0.0,0.75,0.0,2.5,3.0,0.75,0.0,0.0
TR1124*0100*2000*01_A1,32.0,16,1.0,0.3125,0.25,0.4375,0.0,0.0,0.0,0.5625,0.4375,0.0,0.4375,0.0,2.125,0.7777777777777778,0.734375,0.1875,0.125
TR1124*0100*2000*01_A4,32.0,9,1.0,0.2222222222222222,0.3333333333333333,0.3333333333333333,0.0,0.1111111111111111,0.0,0.5555555555555556,0.3333333333333333,0.1111111111111111,0.4444444444444444,0.1111111111111111,2.4444444444444446,0.8,1.3580246913580245,0.1111111111111111,0.0
TR1126*0100*2000*01_A1,37.0,11,1.0,0.09090909090909091,0.09090909090909091,0.36363636363636365,0.36363636363636365,0.09090909090909091,0.0,0.18181818181818182,0.7272727272727273,0.09090909090909091,0.8181818181818182,0.45454545454545453,3.272727272727273,4.5,1.1074380165289257,0.0,0.0
TR1126*0100*2000*01_A4,37.0,13,0.9230769230769231,0.16666666666666666,0.25,0.3333333333333333,0.16666666666666666,0.0,0.08333333333333333,0.4166666666666667,0.5,0.08333333333333333,0.5833333333333334,0.25,2.8333333333333335,1.4,1.8055555555555554,0.0,0.23076923076923078
TR1133*0100*2000*01_A1,20.0,8,1.0,0.0,0.375,0.375,0.25,0.0,0.0,0.375,0.625,0.0,0.625,0.25,2.875,1.6666666666666667,0.609375,0.0,0.125
TR1133*0100*2000*01_A2,20.0,1,1.0,0.0,0.0,1.0,0.0,0.0,0.0,0.0,1.0,0.0,1.0,0.0,3.0,nan,0.0,0.0,0.0
TR1134*0100*2000*01_A1,28.0,10,1.0,0.4,0.1,0.4,0.0,0.0,0.1,0.5,0.4,0.1,0.5,0.1,2.4,1.0,2.2399999999999998,0.1,0.0
TR1134*0100*2000*01_A4,28.0,20,1.0,0.15,0.45,0.25,0.05,0.05,0.05,0.6,0.3,0.1,0.4,0.15,2.55,0.6666666666666666,1.5474999999999999,0.05,0.2
TR1138*0100*2000*01_A1,29.0,12,1.0,0.3333333333333333,0.25,0.3333333333333333,0.08333333333333333,0.0,0.0,0.5833333333333334,0.4166666666666667,0.0,0.4166666666666667,0.08333333333333333,2.1666666666666665,0.7142857142857143,0.9722222222222222,0.16666666666666666,0.16666666666666666
TR1138*0100*2000*01_A3,29.0,10,0.9,0.0,0.1111111111111111,0.3333333333333333,0.3333333333333333,0.1111111111111111,0.1111111111111111,0.1111111111111111,0.6666666666666666,0.2222222222222222,0.8888888888888888,0.5555555555555556,3.7777777777777777,8.0,1.2839506172839508,0.1,0.1
TR1141*0100*2000*01_A1,28.0,18,1.0,0.2777777777777778,0.05555555555555555,0.2222222222222222,0.16666666666666666,0.16666666666666666,0.1111111111111111,0.3333333333333333,0.3888888888888889,0.2777777777777778,0.6666666666666666,0.4444444444444444,3.2222222222222223,2.0,2.9506172839506175,0.05555555555555555,0.05555555555555555
TR1141*0100*2000*01_A3,28.0,9,1.0,0.2222222222222222,0.3333333333333333,0.2222222222222222,0.1111111111111111,0.1111111111111111,0.0,0.5555555555555556,0.3333333333333333,0.1111111111111111,0.4444444444444444,0.2222222222222222,2.5555555555555554,0.8,1.5802469135802468,0.2222222222222222,0.2222222222222222
TR777*0100*2000*01_A1,37.0,13,1.0,0.15384615384615385,0.23076923076923078,0.38461538461538464,0.15384615384615385,0.0,0.07692307692307693,0.38461538461538464,0.5384615384615384,0.07692307692307693,0.6153846153846154,0.23076923076923078,2.8461538461538463,1.6,1.668639053254438,0.23076923076923078,0.07692307692307693
TR777*0100*2000*01_A4,37.0,7,1.0,0.2857142857142857,0.2857142857142857,0.2857142857142857,0.14285714285714285,0.0,0.0,0.5714285714285714,0.42857142857142855,0.0,0.42857142857142855,0.14285714285714285,2.2857142857142856,0.75,1.0612244897959184,0.0,0.2857142857142857
TR133*0100*2000*01_A1,28.0,10,0.9,0.1111111111111111,0.5555555555555556,0.2222222222222222,0.1111111111111111,0.0,0.0,0.6666666666666666,0.3333333333333333,0.0,0.3333333333333333,0.1111111111111111,2.3333333333333335,0.5,0.6666666666666666,0.0,0.1
TR133*0100*2000*01_A4,28.0,8,1.0,0.25,0.25,0.5,0.0,0.0,0.0,0.5,0.5,0.0,0.5,0.0,2.25,1.0,0.6875,0.125,0.125
TR134*0100*2000*01_A1,23.0,14,1.0,0.07142857142857142,0.35714285714285715,0.2857142857142857,0.14285714285714285,0.07142857142857142,0.07142857142857142,0.42857142857142855,0.42857142857142855,0.14285714285714285,0.5714285714285714,0.2857142857142857,3.0,1.3333333333333333,1.7142857142857142,0.14285714285714285,0.14285714285714285
TR134*0100*2000*01_A2,23.0,8,1.0,0.375,0.375,0.125,0.125,0.0,0.0,0.75,0.25,0.0,0.25,0.125,2.0,0.3333333333333333,1.0,0.0,0.125
TR135*0100*2000*01_A1,36.0,14,1.0,0.21428571428571427,0.21428571428571427,0.35714285714285715,0.14285714285714285,0.07142857142857142,0.0,0.42857142857142855,0.5,0.07142857142857142,0.5714285714285714,0.21428571428571427,2.642857142857143,1.3333333333333333,1.3724489795918366,0.14285714285714285,0.07142857142857142
TR135*0100*2000*01_A4,36.0,11,1.0,0.18181818181818182,0.5454545454545454,0.09090909090909091,0.09090909090909091,0.0,0.09090909090909091,0.7272727272727273,0.18181818181818182,0.09090909090909091,0.2727272727272727,0.18181818181818182,2.4545454545454546,0.375,1.8842975206611572,0.09090909090909091,0.18181818181818182
TR136*0100*2000*01_A1,16.0,5,1.0,0.6,0.0,0.0,0.2,0.0,0.2,0.6,0.2,0.2,0.4,0.4,2.6,0.6666666666666666,4.24,0.0,0.0
TR136*0100*2000*01_A4,16.0,11,1.0,0.36363636363636365,0.0,0.18181818181818182,0.18181818181818182,0.09090909090909091,0.18181818181818182,0.36363636363636365,0.36363636363636365,0.2727272727272727,0.6363636363636364,0.45454545454545453,3.1818181818181817,1.75,3.6033057851239665,0.09090909090909091,0.09090909090909091
TR137*0100*2000*01_A1,27.0,15,1.0,0.4,0.13333333333333333,0.2,0.13333333333333333,0.06666666666666667,0.06666666666666667,0.5333333333333333,0.3333333333333333,0.13333333333333333,0.4666666666666667,0.26666666666666666,2.533333333333333,0.875,2.5155555555555553,0.2,0.06666666666666667
TR137*0100*2000*01_A3,27.0,15,1.0,0.2,0.26666666666666666,0.06666666666666667,0.4,0.06666666666666667,0.0,0.4666666666666667,0.4666666666666667,0.06666666666666667,0.5333333333333333,0.4666666666666667,2.8666666666666667,1.1428571428571428,1.7155555555555553,0.0,0.06666666666666667
TR138*0100*2000*01_A1,24.0,3,1.0,0.0,0.3333333333333333,0.6666666666666666,0.0,0.0,0.0,0.3333333333333333,0.6666666666666666,0.0,0.6666666666666666,0.0,2.6666666666666665,2.0,0.22222222222222224,0.0,0.0
TR138*0100*2000*01_A4,24.0,4,1.0,0.25,0.0,0.75,0.0,0.0,0.0,0.25,0.75,0.0,0.75,0.0,2.5,3.0,0.75,0.0,0.0
TR140*0100*2000*01_A1,28.0,7,1.0,0.2857142857142857,0.42857142857142855,0.2857142857142857,0.0,0.0,0.0,0.7142857142857143,0.2857142857142857,0.0,0.2857142857142857,0.0,2.0,0.4,0.5714285714285714,0.0,0.2857142857142857
TR140*0100*2000*01_A3,28.0,12,1.0,0.16666666666666666,0.3333333333333333,0.4166666666666667,0.08333333333333333,0.0,0.0,0.5,0.5,0.0,0.5,0.08333333333333333,2.4166666666666665,1.0,0.7430555555555557,0.08333333333333333,0.16666666666666666
TR142*0100*2000*01_A1,18.0,9,1.0,0.3333333333333333,0.2222222222222222,0.4444444444444444,0.0,0.0,0.0,0.5555555555555556,0.4444444444444444,0.0,0.4444444444444444,0.0,2.111111111111111,0.8,0.7654320987654322,0.1111111111111111,0.1111111111111111
TR142*0100*2000*01_A2,18.0,1,1.0,1.0,0.0,0.0,0.0,0.0,0.0,1.0,0.0,0.0,0.0,0.0,1.0,0.0,0.0,1.0,0.0
TR144*0100*2000*01_A1,30.0,10,1.0,0.5,0.2,0.2,0.1,0.0,0.0,0.7,0.3,0.0,0.3,0.1,1.9,0.42857142857142855,1.09,0.3,0.0
TR144*0100*2000*01_A4,30.0,12,1.0,0.25,0.3333333333333333,0.3333333333333333,0.0,0.0,0.08333333333333333,0.5833333333333334,0.3333333333333333,0.08333333333333333,0.4166666666666667,0.08333333333333333,2.4166666666666665,0.7142857142857143,1.7430555555555554,0.08333333333333333,0.16666666666666666
TR145*0100*2000*01_A1,32.0,15,0.9333333333333333,0.21428571428571427,0.14285714285714285,0.42857142857142855,0.21428571428571427,0.0,0.0,0.35714285714285715,0.6428571428571429,0.0,0.6428571428571429,0.21428571428571427,2.642857142857143,1.8,1.0867346938775508,0.13333333333333333,0.06666666666666667
TR145*0100*2000*01_A2,32.0,5,1.0,0.2,0.2,0.4,0.0,0.0,0.2,0.4,0.4,0.2,0.6,0.2,3.0,1.5,2.8,0.0,0.0
TR146*0100*2000*01_A1,36.0,15,1.0,0.4666666666666667,0.26666666666666666,0.13333333333333333,0.06666666666666667,0.0,0.06666666666666667,0.7333333333333333,0.2,0.06666666666666667,0.26666666666666666,0.13333333333333333,2.066666666666667,0.36363636363636365,1.9288888888888889,0.13333333333333333,0.0
TR146*0100*2000*01_A4,36.0,13,1.0,0.38461538461538464,0.3076923076923077,0.15384615384615385,0.07692307692307693,0.07692307692307693,0.0,0.6923076923076923,0.23076923076923078,0.07692307692307693,0.3076923076923077,0.15384615384615385,2.1538461538461537,0.4444444444444444,1.5147928994082844,0.0,0.15384615384615385
TR147*0100*2000*01_A1,33.0,17,1.0,0.23529411764705882,0.35294117647058826,0.17647058823529413,0.23529411764705882,0.0,0.0,0.5882352941176471,0.4117647058823529,0.0,0.4117647058823529,0.23529411764705882,2.411764705882353,0.7,1.1833910034602075,0.11764705882352941,0.17647058823529413
TR147*0100*2000*01_A5a,33.0,5,1.0,0.2,0.2,0.6,0.0,0.0,0.0,0.4,0.6,0.0,0.6,0.0,2.4,1.5,0.64,0.0,0.0
TR148*0100*2000*01_A1,31.0,16,1.0,0.125,0.4375,0.125,0.25,0.0625,0.0,0.5625,0.375,0.0625,0.4375,0.3125,2.6875,0.7777777777777778,1.33984375,0.0625,0.125
TR148*0100*2000*01_A4,31.0,11,1.0,0.2727272727272727,0.5454545454545454,0.18181818181818182,0.0,0.0,0.0,0.8181818181818182,0.18181818181818182,0.0,0.18181818181818182,0.0,1.9090909090909092,0.2222222222222222,0.4462809917355371,0.09090909090909091,0.2727272727272727
TR150*0100*2000*01_A1,31.0,12,1.0,0.4166666666666667,0.08333333333333333,0.16666666666666666,0.25,0.0,0.08333333333333333,0.5,0.4166666666666667,0.08333333333333333,0.5,0.3333333333333333,2.5833333333333335,1.0,2.5763888888888893,0.0,0.0
TR150*0100*2000*01_A3,31.0,10,1.0,0.0,0.3,0.4,0.0,0.0,0.3,0.3,0.4,0.3,0.7,0.3,3.6,2.3333333333333335,2.64,0.0,0.5
TR778*0100*2000*01_A1,24.0,10,0.9,0.2222222222222222,0.5555555555555556,0.1111111111111111,0.1111111111111111,0.0,0.0,0.7777777777777778,0.2222222222222222,0.0,0.2222222222222222,0.1111111111111111,2.111111111111111,0.2857142857142857,0.7654320987654322,0.1,0.3
TR778*0100*2000*01_A3,24.0,10,0.8,0.375,0.375,0.125,0.0,0.0,0.125,0.75,0.125,0.125,0.25,0.125,2.25,0.3333333333333333,2.4375,0.1,0.5
TR152*0100*2000*01_A1,35.0,8,1.0,0.125,0.375,0.375,0.0,0.0,0.125,0.5,0.375,0.125,0.5,0.125,2.75,1.0,1.9375,0.0,0.125
TR152*0100*2000*01_A4,35.0,9,1.0,0.2222222222222222,0.3333333333333333,0.3333333333333333,0.1111111111111111,0.0,0.0,0.5555555555555556,0.4444444444444444,0.0,0.4444444444444444,0.1111111111111111,2.3333333333333335,0.8,0.8888888888888888,0.1111111111111111,0.1111111111111111
TR153*0100*2000*01_A1,30.0,16,0.9375,0.4,0.13333333333333333,0.13333333333333333,0.13333333333333333,0.2,0.0,0.5333333333333333,0.26666666666666666,0.2,0.4666666666666667,0.3333333333333333,2.6,0.875,2.5066666666666673,0.1875,0.3125
TR153*0100*2000*01_A4,30.0,15,0.9333333333333333,0.2857142857142857,0.0,0.42857142857142855,0.21428571428571427,0.07142857142857142,0.0,0.2857142857142857,0.6428571428571429,0.07142857142857142,0.7142857142857143,0.2857142857142857,2.7857142857142856,2.5,1.596938775510204,0.06666666666666667,0.13333333333333333
TR155*0100*2000*01_A1,27.0,6,1.0,0.5,0.3333333333333333,0.16666666666666666,0.0,0.0,0.0,0.8333333333333334,0.16666666666666666,0.0,0.16666666666666666,0.0,1.6666666666666667,0.2,0.5555555555555556,0.16666666666666666,0.0
TR155*0100*2000*01_A4,27.0,6,1.0,0.16666666666666666,0.16666666666666666,0.5,0.16666666666666666,0.0,0.0,0.3333333333333333,0.6666666666666666,0.0,0.6666666666666666,0.16666666666666666,2.6666666666666665,2.0,0.888888888888889,0.16666666666666666,0.3333333333333333
TR157*0100*2000*01_A1,23.0,9,1.0,0.5555555555555556,0.3333333333333333,0.1111111111111111,0.0,0.0,0.0,0.8888888888888888,0.1111111111111111,0.0,0.1111111111111111,0.0,1.5555555555555556,0.125,0.46913580246913583,0.1111111111111111,0.1111111111111111
TR157*0100*2000*01_A5b,23.0,4,0.75,0.0,0.3333333333333333,0.3333333333333333,0.3333333333333333,0.0,0.0,0.3333333333333333,0.6666666666666666,0.0,0.6666666666666666,0.3333333333333333,3.0,2.0,0.6666666666666666,0.25,0.25
TR158*0100*2000*01_A1,20.0,10,0.9,0.3333333333333333,0.1111111111111111,0.2222222222222222,0.1111111111111111,0.0,0.2222222222222222,0.4444444444444444,0.3333333333333333,0.2222222222222222,0.5555555555555556,0.3333333333333333,3.0,1.25,3.5555555555555554,0.1,0.2
TR158*0100*2000*01_A3,20.0,8,1.0,0.25,0.125,0.625,0.0,0.0,0.0,0.375,0.625,0.0,0.625,0.0,2.375,1.6666666666666667,0.734375,0.0,0.375
TR160*0100*2000*01_A1,17.0,14,0.9285714285714286,0.38461538461538464,0.15384615384615385,0.38461538461538464,0.07692307692307693,0.0,0.0,0.5384615384615384,0.46153846153846156,0.0,0.46153846153846156,0.07692307692307693,2.1538461538461537,0.8571428571428571,1.0532544378698225,0.14285714285714285,0.07142857142857142
TR160*0100*2000*01_A3,17.0,4,1.0,0.25,0.0,0.5,0.25,0.0,0.0,0.25,0.75,0.0,0.75,0.25,2.75,3.0,1.1875,0.0,0.0
TR161*0100*2000*01_A1,38.0,13,1.0,0.38461538461538464,0.07692307692307693,0.5384615384615384,0.0,0.0,0.0,0.46153846153846156,0.5384615384615384,0.0,0.5384615384615384,0.0,2.1538461538461537,1.1666666666666667,0.8994082840236686,0.07692307692307693,0.0
TR161*0100*2000*01_A3,38.0,13,0.8461538461538461,0.18181818181818182,0.2727272727272727,0.36363636363636365,0.18181818181818182,0.0,0.0,0.45454545454545453,0.5454545454545454,0.0,0.5454545454545454,0.18181818181818182,2.5454545454545454,1.2,0.975206611570248,0.23076923076923078,0.38461538461538464
TR163*0100*2000*01_A1,24.0,11,1.0,0.45454545454545453,0.09090909090909091,0.45454545454545453,0.0,0.0,0.0,0.5454545454545454,0.45454545454545453,0.0,0.45454545454545453,0.0,2.0,0.8333333333333334,0.9090909090909091,0.2727272727272727,0.09090909090909091
TR163*0100*2000*01_A3,24.0,11,1.0,0.18181818181818182,0.45454545454545453,0.2727272727272727,0.09090909090909091,0.0,0.0,0.6363636363636364,0.36363636363636365,0.0,0.36363636363636365,0.09090909090909091,2.272727272727273,0.5714285714285714,0.743801652892562,0.09090909090909091,0.36363636363636365
TR169*0100*2000*01_A1,33.0,8,1.0,0.25,0.25,0.5,0.0,0.0,0.0,0.5,0.5,0.0,0.5,0.0,2.25,1.0,0.6875,0.0,0.25
TR169*0100*2000*01_A4,33.0,11,1.0,0.18181818181818182,0.45454545454545453,0.2727272727272727,0.09090909090909091,0.0,0.0,0.6363636363636364,0.36363636363636365,0.0,0.36363636363636365,0.09090909090909091,2.272727272727273,0.5714285714285714,0.743801652892562,0.0,0.18181818181818182
TR779*0100*2000*01_A1,30.0,14,0.9285714285714286,0.3076923076923077,0.15384615384615385,0.38461538461538464,0.07692307692307693,0.0,0.07692307692307693,0.46153846153846156,0.46153846153846156,0.07692307692307693,0.5384615384615384,0.15384615384615385,2.5384615384615383,1.1666666666666667,1.940828402366864,0.2857142857142857,0.14285714285714285
TR779*0100*2000*01_A2,30.0,10,1.0,0.2,0.5,0.3,0.0,0.0,0.0,0.7,0.3,0.0,0.3,0.0,2.1,0.42857142857142855,0.48999999999999994,0.1,0.1
TR172*0100*2000*01_A1,34.0,7,1.0,0.2857142857142857,0.14285714285714285,0.42857142857142855,0.14285714285714285,0.0,0.0,0.42857142857142855,0.5714285714285714,0.0,0.5714285714285714,0.14285714285714285,2.4285714285714284,1.3333333333333333,1.1020408163265307,0.2857142857142857,0.14285714285714285
TR172*0100*2000*01_A3,34.0,7,1.0,0.0,0.42857142857142855,0.42857142857142855,0.14285714285714285,0.0,0.0,0.42857142857142855,0.5714285714285714,0.0,0.5714285714285714,0.14285714285714285,2.7142857142857144,1.3333333333333333,0.48979591836734704,0.14285714285714285,0.14285714285714285
TR173*0100*2000*01_A1,33.0,9,1.0,0.2222222222222222,0.2222222222222222,0.2222222222222222,0.3333333333333333,0.0,0.0,0.4444444444444444,0.5555555555555556,0.0,0.5555555555555556,0.3333333333333333,2.6666666666666665,1.25,1.3333333333333333,0.0,0.1111111111111111
TR173*0100*2000*01_A4,33.0,12,1.0,0.0,0.4166666666666667,0.3333333333333333,0.25,0.0,0.0,0.4166666666666667,0.5833333333333334,0.0,0.5833333333333334,0.25,2.8333333333333335,1.4,0.6388888888888888,0.0,0.25
TR174*0100*2000*01_A1,30.0,9,1.0,0.2222222222222222,0.5555555555555556,0.2222222222222222,0.0,0.0,0.0,0.7777777777777778,0.2222222222222222,0.0,0.2222222222222222,0.0,2.0,0.2857142857142857,0.4444444444444444,0.0,0.1111111111111111
TR174*0100*2000*01_A3,30.0,7,1.0,0.2857142857142857,0.14285714285714285,0.2857142857142857,0.14285714285714285,0.0,0.14285714285714285,0.42857142857142855,0.42857142857142855,0.14285714285714285,0.5714285714285714,0.2857142857142857,2.857142857142857,1.3333333333333333,2.6938775510204076,0.14285714285714285,0.14285714285714285
TR177*0100*2000*01_A1,11.0,12,1.0,0.3333333333333333,0.4166666666666667,0.08333333333333333,0.16666666666666666,0.0,0.0,0.75,0.25,0.0,0.25,0.16666666666666666,2.0833333333333335,0.3333333333333333,1.076388888888889,0.0,0.16666666666666666
TR177*0100*2000*01_A4,11.0,6,1.0,0.16666666666666666,0.16666666666666666,0.16666666666666666,0.5,0.0,0.0,0.3333333333333333,0.6666666666666666,0.0,0.6666666666666666,0.5,3.0,2.0,1.3333333333333333,0.16666666666666666,0.16666666666666666
TR178*0100*2000*01_A1,30.0,11,1.0,0.36363636363636365,0.18181818181818182,0.36363636363636365,0.09090909090909091,0.0,0.0,0.5454545454545454,0.45454545454545453,0.0,0.45454545454545453,0.09090909090909091,2.1818181818181817,0.8333333333333334,1.0578512396694213,0.18181818181818182,0.18181818181818182
TR178*0100*2000*01_A4,30.0,5,1.0,0.2,0.6,0.2,0.0,0.0,0.0,0.8,0.2,0.0,0.2,0.0,2.0,0.25,0.4,0.0,0.0
TR182*0100*2000*01_A1,31.0,5,1.0,0.6,0.0,0.2,0.0,0.2,0.0,0.6,0.2,0.2,0.4,0.2,2.2,0.6666666666666666,2.56,0.0,0.0
TR182*0100*2000*01_A4,31.0,5,0.8,0.25,0.5,0.0,0.25,0.0,0.0,0.75,0.25,0.0,0.25,0.25,2.25,0.3333333333333333,1.1875,0.2,0.6
TR186*0100*2000*01_A1,30.0,14,1.0,0.2857142857142857,0.35714285714285715,0.21428571428571427,0.14285714285714285,0.0,0.0,0.6428571428571429,0.35714285714285715,0.0,0.35714285714285715,0.14285714285714285,2.2142857142857144,0.5555555555555556,1.0255102040816328,0.14285714285714285,0.21428571428571427
TR186*0100*2000*01_A2,30.0,9,1.0,0.2222222222222222,0.3333333333333333,0.1111111111111111,0.1111111111111111,0.0,0.2222222222222222,0.5555555555555556,0.2222222222222222,0.2222222222222222,0.4444444444444444,0.3333333333333333,3.0,0.8,3.3333333333333335,0.1111111111111111,0.0
TR188*0100*2000*01_A1,25.0,4,1.0,0.5,0.5,0.0,0.0,0.0,0.0,1.0,0.0,0.0,0.0,0.0,1.5,0.0,0.25,0.0,0.0
TR188*0100*2000*01_A3,25.0,4,1.0,0.5,0.0,0.25,0.0,0.0,0.25,0.5,0.25,0.25,0.5,0.25,2.75,1.0,4.1875,0.0,0.25
TR191*0100*2000*01_A1,22.0,9,1.0,0.1111111111111111,0.1111111111111111,0.3333333333333333,0.2222222222222222,0.1111111111111111,0.1111111111111111,0.2222222222222222,0.5555555555555556,0.2222222222222222,0.7777777777777778,0.4444444444444444,3.4444444444444446,3.5,2.0246913580246915,0.1111111111111111,0.1111111111111111
TR191*0100*2000*01_A3,22.0,5,1.0,0.6,0.2,0.0,0.0,0.0,0.2,0.8,0.0,0.2,0.2,0.2,2.2,0.25,3.7600000000000002,0.4,0.6
TR192*0100*2000*01_A1,27.0,11,1.0,0.36363636363636365,0.09090909090909091,0.36363636363636365,0.09090909090909091,0.09090909090909091,0.0,0.45454545454545453,0.45454545454545453,0.09090909090909091,0.5454545454545454,0.18181818181818182,2.4545454545454546,1.2,1.7024793388429755,0.09090909090909091,0.09090909090909091
TR192*0100*2000*01_A3,27.0,9,0.8888888888888888,0.125,0.625,0.125,0.125,0.0,0.0,0.75,0.25,0.0,0.25,0.125,2.25,0.3333333333333333,0.6875,0.2222222222222222,0.2222222222222222
TR193*0100*2000*01_A1,16.0,8,1.0,0.125,0.25,0.375,0.25,0.0,0.0,0.375,0.625,0.0,0.625,0.25,2.75,1.6666666666666667,0.9375,0.125,0.125
TR193*0100*2000*01_A2,16.0,5,1.0,0.0,0.4,0.4,0.0,0.0,0.2,0.4,0.4,0.2,0.6,0.2,3.2,1.5,2.16,0.0,0.0
TR195*0100*2000*01_A1,34.0,10,1.0,0.3,0.1,0.3,0.1,0.1,0.1,0.4,0.4,0.2,0.6,0.3,2.9,1.5,2.6900000000000004,0.2,0.0
TR195*0100*2000*01_A4,34.0,10,1.0,0.2,0.1,0.4,0.2,0.1,0.0,0.3,0.6,0.1,0.7,0.3,2.9,2.3333333333333335,1.49,0.0,0.1
TR197*0100*2000*01_A1,32.0,13,0.9230769230769231,0.5833333333333334,0.08333333333333333,0.3333333333333333,0.0,0.0,0.0,0.6666666666666666,0.3333333333333333,0.0,0.3333333333333333,0.0,1.75,0.5,0.8541666666666666,0.15384615384615385,0.07692307692307693
TR197*0100*2000*01_A4,32.0,14,1.0,0.2857142857142857,0.2857142857142857,0.2857142857142857,0.07142857142857142,0.07142857142857142,0.0,0.5714285714285714,0.35714285714285715,0.07142857142857142,0.42857142857142855,0.14285714285714285,2.357142857142857,0.75,1.3724489795918366,0.07142857142857142,0.21428571428571427
TR201*0100*2000*01_A1,30.0,7,1.0,0.42857142857142855,0.2857142857142857,0.2857142857142857,0.0,0.0,0.0,0.7142857142857143,0.2857142857142857,0.0,0.2857142857142857,0.0,1.8571428571428572,0.4,0.6938775510204082,0.14285714285714285,0.0
TR201*0100*2000*01_A4,30.0,9,1.0,0.0,0.4444444444444444,0.3333333333333333,0.1111111111111111,0.1111111111111111,0.0,0.4444444444444444,0.4444444444444444,0.1111111111111111,0.5555555555555556,0.2222222222222222,2.888888888888889,1.25,0.9876543209876544,0.1111111111111111,0.3333333333333333
TR202*0100*2000*01_A1,26.0,10,1.0,0.2,0.0,0.4,0.4,0.0,0.0,0.2,0.8,0.0,0.8,0.4,3.0,4.0,1.2,0.2,0.1
TR202*0100*2000*01_A4,26.0,6,1.0,0.16666666666666666,0.16666666666666666,0.6666666666666666,0.0,0.0,0.0,0.3333333333333333,0.6666666666666666,0.0,0.6666666666666666,0.0,2.5,2.0,0.5833333333333334,0.0,0.0
TR203*0100*2000*01_A1,34.0,11,1.0,0.18181818181818182,0.18181818181818182,0.2727272727272727,0.36363636363636365,0.0,0.0,0.36363636363636365,0.6363636363636364,0.0,0.6363636363636364,0.36363636363636365,2.8181818181818183,1.75,1.239669421487603,0.09090909090909091,0.09090909090909091
TR203*0100*2000*01_A4,34.0,7,1.0,0.2857142857142857,0.2857142857142857,0.2857142857142857,0.14285714285714285,0.0,0.0,0.5714285714285714,0.42857142857142855,0.0,0.42857142857142855,0.14285714285714285,2.2857142857142856,0.75,1.0612244897959184,0.2857142857142857,0.0
TR204*0100*2000*01_A1,28.0,16,1.0,0.1875,0.125,0.375,0.1875,0.0,0.125,0.3125,0.5625,0.125,0.6875,0.3125,3.0625,2.2,2.18359375,0.1875,0.0625
TR204*0100*2000*01_A3,28.0,11,1.0,0.0,0.09090909090909091,0.45454545454545453,0.2727272727272727,0.18181818181818182,0.0,0.09090909090909091,0.7272727272727273,0.18181818181818182,0.9090909090909091,0.45454545454545453,3.5454545454545454,10.0,0.793388429752066,0.0,0.0
TR781*0100*2000*01_A1,36.0,14,1.0,0.2857142857142857,0.14285714285714285,0.35714285714285715,0.07142857142857142,0.0,0.14285714285714285,0.42857142857142855,0.42857142857142855,0.14285714285714285,0.5714285714285714,0.21428571428571427,2.7857142857142856,1.3333333333333333,2.596938775510204,0.21428571428571427,0.0
TR781*0100*2000*01_A3,36.0,19,1.0,0.2631578947368421,0.2631578947368421,0.21052631578947367,0.15789473684210525,0.05263157894736842,0.05263157894736842,0.5263157894736842,0.3684210526315789,0.10526315789473684,0.47368421052631576,0.2631578947368421,2.6315789473684212,0.9,2.0221606648199444,0.10526315789473684,0.15789473684210525
TR209*0100*2000*01_A1,34.0,14,1.0,0.42857142857142855,0.14285714285714285,0.14285714285714285,0.21428571428571427,0.0,0.07142857142857142,0.5714285714285714,0.35714285714285715,0.07142857142857142,0.42857142857142855,0.2857142857142857,2.4285714285714284,0.75,2.387755102040816,0.0,0.0
TR209*0100*2000*01_A4,34.0,11,0.9090909090909091,0.2,0.3,0.4,0.0,0.1,0.0,0.5,0.4,0.1,0.5,0.1,2.5,1.0,1.25,0.18181818181818182,0.09090909090909091
TR216*0100*2000*01_A1,25.0,16,1.0,0.25,0.1875,0.5,0.0,0.0,0.0625,0.4375,0.5,0.0625,0.5625,0.0625,2.5,1.2857142857142858,1.5,0.125,0.125
TR216*0100*2000*01_A3,25.0,9,1.0,0.1111111111111111,0.3333333333333333,0.3333333333333333,0.1111111111111111,0.1111111111111111,0.0,0.4444444444444444,0.4444444444444444,0.1111111111111111,0.5555555555555556,0.2222222222222222,2.7777777777777777,1.25,1.2839506172839508,0.0,0.3333333333333333
TR217*0100*2000*01_A1,24.0,8,1.0,0.375,0.375,0.125,0.125,0.0,0.0,0.75,0.25,0.0,0.25,0.125,2.0,0.3333333333333333,1.0,0.0,0.0
TR217*0100*2000*01_A3,24.0,8,1.0,0.375,0.125,0.25,0.125,0.0,0.125,0.5,0.375,0.125,0.5,0.25,2.625,1.0,2.734375,0.0,0.0
TR220*0100*2000*01_A1,38.0,9,1.0,0.2222222222222222,0.3333333333333333,0.1111111111111111,0.3333333333333333,0.0,0.0,0.5555555555555556,0.4444444444444444,0.0,0.4444444444444444,0.3333333333333333,2.5555555555555554,0.8,1.3580246913580245,0.1111111111111111,0.0
TR220*0100*2000*01_A4,38.0,15,1.0,0.06666666666666667,0.3333333333333333,0.26666666666666666,0.26666666666666666,0.06666666666666667,0.0,0.4,0.5333333333333333,0.06666666666666667,0.6,0.3333333333333333,2.933333333333333,1.5,1.128888888888889,0.13333333333333333,0.06666666666666667
TR229*0100*2000*01_A1,21.0,13,1.0,0.3076923076923077,0.23076923076923078,0.3076923076923077,0.15384615384615385,0.0,0.0,0.5384615384615384,0.46153846153846156,0.0,0.46153846153846156,0.15384615384615385,2.3076923076923075,0.8571428571428571,1.1360946745562133,0.0,0.07692307692307693
TR229*0100*2000*01_A4,21.0,6,1.0,0.16666666666666666,0.0,0.6666666666666666,0.16666666666666666,0.0,0.0,0.16666666666666666,0.8333333333333334,0.0,0.8333333333333334,0.16666666666666666,2.8333333333333335,5.0,0.8055555555555555,0.3333333333333333,0.0
TR235*0100*2000*01_A1,40.0,15,1.0,0.3333333333333333,0.26666666666666666,0.2,0.2,0.0,0.0,0.6,0.4,0.0,0.4,0.2,2.2666666666666666,0.6666666666666666,1.2622222222222221,0.06666666666666667,0.13333333333333333
TR235*0100*2000*01_A2,40.0,6,1.0,0.0,0.16666666666666666,0.5,0.16666666666666666,0.0,0.16666666666666666,0.16666666666666666,0.6666666666666666,0.16666666666666666,0.8333333333333334,0.3333333333333333,3.5,5.0,1.5833333333333333,0.16666666666666666,0.0
TR238*0100*2000*01_A1,27.0,10,1.0,0.2,0.3,0.1,0.2,0.1,0.1,0.5,0.3,0.2,0.5,0.4,3.0,1.0,2.6,0.1,0.1
TR238*0100*2000*01_A4,27.0,8,1.0,0.625,0.25,0.125,0.0,0.0,0.0,0.875,0.125,0.0,0.125,0.0,1.5,0.14285714285714285,0.5,0.125,0.0
TR782*0100*2000*01_A1,28.0,8,1.0,0.25,0.25,0.25,0.25,0.0,0.0,0.5,0.5,0.0,0.5,0.25,2.5,1.0,1.25,0.0,0.0
TR782*0100*2000*01_A4,28.0,4,1.0,0.25,0.25,0.0,0.25,0.0,0.25,0.5,0.25,0.25,0.5,0.5,3.25,1.0,3.6875,0.25,0.25
TR27*0100*2000*01_A1,27.0,13,0.9230769230769231,0.25,0.16666666666666666,0.4166666666666667,0.08333333333333333,0.0,0.08333333333333333,0.4166666666666667,0.5,0.08333333333333333,0.5833333333333334,0.16666666666666666,2.6666666666666665,1.4,1.888888888888889,0.15384615384615385,0.15384615384615385
TR27*0100*2000*01_A4,27.0,10,1.0,0.2,0.3,0.4,0.0,0.0,0.1,0.5,0.4,0.1,0.5,0.1,2.6,1.0,1.8399999999999999,0.2,0.1
TR29*0100*2000*01_A1,29.0,13,1.0,0.46153846153846156,0.23076923076923078,0.3076923076923077,0.0,0.0,0.0,0.6923076923076923,0.3076923076923077,0.0,0.3076923076923077,0.0,1.8461538461538463,0.4444444444444444,0.7455621301775147,0.07692307692307693,0.0
TR29*0100*2000*01_A2,29.0,6,0.8333333333333334,0.2,0.6,0.2,0.0,0.0,0.0,0.8,0.2,0.0,0.2,0.0,2.0,0.25,0.4,0.0,0.5
TR32*0100*2000*01_A1,30.0,8,1.0,0.125,0.25,0.375,0.125,0.125,0.0,0.375,0.5,0.125,0.625,0.25,2.875,1.6666666666666667,1.359375,0.25,0.125
TR32*0100*2000*01_A4,30.0,6,0.8333333333333334,0.0,0.4,0.4,0.2,0.0,0.0,0.4,0.6,0.0,0.6,0.2,2.8,1.5,0.5599999999999999,0.16666666666666666,0.5
TR37*0100*2000*01_A1,26.0,11,1.0,0.36363636363636365,0.2727272727272727,0.18181818181818182,0.09090909090909091,0.0,0.09090909090909091,0.6363636363636364,0.2727272727272727,0.09090909090909091,0.36363636363636365,0.18181818181818182,2.3636363636363638,0.5714285714285714,2.2314049586776856,0.18181818181818182,0.09090909090909091
TR37*0100*2000*01_A3,26.0,7,1.0,0.14285714285714285,0.14285714285714285,0.2857142857142857,0.42857142857142855,0.0,0.0,0.2857142857142857,0.7142857142857143,0.0,0.7142857142857143,0.42857142857142855,3.0,2.5,1.1428571428571428,0.14285714285714285,0.0
TR783*0100*2000*01_A1,29.0,9,1.0,0.1111111111111111,0.4444444444444444,0.3333333333333333,0.1111111111111111,0.0,0.0,0.5555555555555556,0.4444444444444444,0.0,0.4444444444444444,0.1111111111111111,2.4444444444444446,0.8,0.691358024691358,0.1111111111111111,0.2222222222222222
TR783*0100*2000*01_A4,29.0,10,1.0,0.2,0.3,0.3,0.2,0.0,0.0,0.5,0.5,0.0,0.5,0.2,2.5,1.0,1.05,0.2,0.2
TR242*0100*2000*01_A1,18.0,5,1.0,0.4,0.2,0.0,0.2,0.0,0.2,0.6,0.2,0.2,0.4,0.4,2.8,0.6666666666666666,3.7600000000000002,0.0,0.0
TR242*0100*2000*01_A3,18.0,5,1.0,0.6,0.2,0.2,0.0,0.0,0.0,0.8,0.2,0.0,0.2,0.0,1.6,0.25,0.64,0.0,0.2
TR243*0100*2000*01_A1,36.0,13,1.0,0.3076923076923077,0.07692307692307693,0.46153846153846156,0.07692307692307693,0.07692307692307693,0.0,0.38461538461538464,0.5384615384615384,0.07692307692307693,0.6153846153846154,0.15384615384615385,2.5384615384615383,1.6,1.4792899408284024,0.15384615384615385,0.0
TR243*0100*2000*01_A4,36.0,8,1.0,0.25,0.375,0.375,0.0,0.0,0.0,0.625,0.375,0.0,0.375,0.0,2.125,0.6,0.609375,0.125,0.0
TR249*0100*2000*01_A1,35.0,11,1.0,0.18181818181818182,0.2727272727272727,0.36363636363636365,0.09090909090909091,0.0,0.09090909090909091,0.45454545454545453,0.45454545454545453,0.09090909090909091,0.5454545454545454,0.18181818181818182,2.727272727272727,1.2,1.8347107438016528,0.18181818181818182,0.09090909090909091
TR249*0100*2000*01_A3,35.0,9,1.0,0.0,0.5555555555555556,0.3333333333333333,0.1111111111111111,0.0,0.0,0.5555555555555556,0.4444444444444444,0.0,0.4444444444444444,0.1111111111111111,2.5555555555555554,0.8,0.4691358024691357,0.0,0.5555555555555556
TR251*0100*2000*01_A1,28.0,8,1.0,0.25,0.375,0.25,0.125,0.0,0.0,0.625,0.375,0.0,0.375,0.125,2.25,0.6,0.9375,0.125,0.125
TR251*0100*2000*01_A3,28.0,7,0.8571428571428571,0.3333333333333333,0.5,0.0,0.0,0.16666666666666666,0.0,0.8333333333333334,0.0,0.16666666666666666,0.16666666666666666,0.16666666666666666,2.1666666666666665,0.2,1.805555555555556,0.0,0.2857142857142857
TR252*0100*2000*01_A1,28.0,10,1.0,0.3,0.2,0.2,0.2,0.1,0.0,0.5,0.4,0.1,0.5,0.3,2.6,1.0,1.8400000000000003,0.0,0.0
TR252*0100*2000*01_A3,28.0,12,1.0,0.16666666666666666,0.3333333333333333,0.08333333333333333,0.3333333333333333,0.08333333333333333,0.0,0.5,0.4166666666666667,0.08333333333333333,0.5,0.4166666666666667,2.8333333333333335,1.0,1.6388888888888886,0.08333333333333333,0.08333333333333333
TR256*0100*2000*01_A1,24.0,9,1.0,0.3333333333333333,0.1111111111111111,0.4444444444444444,0.1111111111111111,0.0,0.0,0.4444444444444444,0.5555555555555556,0.0,0.5555555555555556,0.1111111111111111,2.3333333333333335,1.25,1.1111111111111112,0.1111111111111111,0.1111111111111111
TR256*0100*2000*01_A3,24.0,9,1.0,0.2222222222222222,0.4444444444444444,0.2222222222222222,0.1111111111111111,0.0,0.0,0.6666666666666666,0.3333333333333333,0.0,0.3333333333333333,0.1111111111111111,2.2222222222222223,0.5,0.8395061728395062,0.0,0.0
TR258*0100*2000*01_A1,26.0,17,1.0,0.17647058823529413,0.47058823529411764,0.23529411764705882,0.11764705882352941,0.0,0.0,0.6470588235294118,0.35294117647058826,0.0,0.35294117647058826,0.11764705882352941,2.2941176470588234,0.5454545454545454,0.7958477508650519,0.17647058823529413,0.17647058823529413
TR258*0100*2000*01_A3,26.0,12,0.8333333333333334,0.1,0.3,0.4,0.1,0.1,0.0,0.4,0.5,0.1,0.6,0.2,2.8,1.5,1.1600000000000001,0.25,0.3333333333333333
TR784*0100*2000*01_A1,32.0,11,1.0,0.45454545454545453,0.18181818181818182,0.18181818181818182,0.09090909090909091,0.0,0.09090909090909091,0.6363636363636364,0.2727272727272727,0.09090909090909091,0.36363636363636365,0.18181818181818182,2.272727272727273,0.5714285714285714,2.3801652892561984,0.09090909090909091,0.0
TR784*0100*2000*01_A3,32.0,12,1.0,0.16666666666666666,0.3333333333333333,0.3333333333333333,0.0,0.0,0.16666666666666666,0.5,0.3333333333333333,0.16666666666666666,0.5,0.16666666666666666,2.8333333333333335,1.0,2.472222222222222,0.0,0.25
TR260*0100*2000*01_A1,34.0,15,1.0,0.3333333333333333,0.4,0.06666666666666667,0.13333333333333333,0.0,0.06666666666666667,0.7333333333333333,0.2,0.06666666666666667,0.26666666666666666,0.2,2.2666666666666666,0.36363636363636365,1.928888888888889,0.13333333333333333,0.0
TR260*0100*2000*01_A4,34.0,12,1.0,0.25,0.3333333333333333,0.16666666666666666,0.25,0.0,0.0,0.5833333333333334,0.4166666666666667,0.0,0.4166666666666667,0.25,2.4166666666666665,0.7142857142857143,1.2430555555555556,0.08333333333333333,0.16666666666666666
TR261*0100*2000*01_A1,29.0,12,1.0,0.3333333333333333,0.16666666666666666,0.25,0.08333333333333333,0.08333333333333333,0.08333333333333333,0.5,0.3333333333333333,0.16666666666666666,0.5,0.25,2.6666666666666665,1.0,2.555555555555556,0.08333333333333333,0.16666666666666666
TR261*0100*2000*01_A4,29.0,9,1.0,0.3333333333333333,0.2222222222222222,0.3333333333333333,0.1111111111111111,0.0,0.0,0.5555555555555556,0.4444444444444444,0.0,0.4444444444444444,0.1111111111111111,2.2222222222222223,0.8,1.0617283950617284,0.2222222222222222,0.0
TR262*0100*2000*01_A1,36.0,11,1.0,0.18181818181818182,0.18181818181818182,0.45454545454545453,0.09090909090909091,0.0,0.09090909090909091,0.36363636363636365,0.5454545454545454,0.09090909090909091,0.6363636363636364,0.18181818181818182,2.8181818181818183,1.75,1.7851239669421488,0.2727272727272727,0.0
TR262*0100*2000*01_A4,36.0,5,1.0,0.0,0.4,0.4,0.2,0.0,0.0,0.4,0.6,0.0,0.6,0.2,2.8,1.5,0.5599999999999999,0.2,0.2
TR269*0100*2000*01_A1,29.0,7,1.0,0.2857142857142857,0.0,0.42857142857142855,0.2857142857142857,0.0,0.0,0.2857142857142857,0.7142857142857143,0.0,0.7142857142857143,0.2857142857142857,2.7142857142857144,2.5,1.346938775510204,0.14285714285714285,0.0
TR269*0100*2000*01_A5a,29.0,6,1.0,0.0,0.16666666666666666,0.3333333333333333,0.3333333333333333,0.16666666666666666,0.0,0.16666666666666666,0.6666666666666666,0.16666666666666666,0.8333333333333334,0.5,3.5,5.0,0.9166666666666666,0.3333333333333333,0.0
TR270*0100*2000*01_A1,31.0,11,1.0,0.36363636363636365,0.18181818181818182,0.45454545454545453,0.0,0.0,0.0,0.5454545454545454,0.45454545454545453,0.0,0.45454545454545453,0.0,2.090909090909091,0.8333333333333334,0.8099173553719008,0.18181818181818182,0.0
TR270*0100*2000*01_A4,31.0,11,0.8181818181818182,0.1111111111111111,0.6666666666666666,0.0,0.1111111111111111,0.0,0.1111111111111111,0.7777777777777778,0.1111111111111111,0.1111111111111111,0.2222222222222222,0.2222222222222222,2.5555555555555554,0.2857142857142857,2.0246913580246915,0.0,0.6363636363636364
TR274*0100*2000*01_A1,36.0,10,1.0,0.3,0.1,0.5,0.1,0.0,0.0,0.4,0.6,0.0,0.6,0.1,2.4,1.5,1.0399999999999998,0.1,0.1
TR274*0100*2000*01_A4,36.0,17,1.0,0.0,0.23529411764705882,0.5294117647058824,0.11764705882352941,0.11764705882352941,0.0,0.23529411764705882,0.6470588235294118,0.11764705882352941,0.7647058823529411,0.23529411764705882,3.1176470588235294,3.25,0.809688581314879,0.058823529411764705,0.058823529411764705
TR276*0100*2000*01_A1,29.0,8,1.0,0.5,0.25,0.125,0.125,0.0,0.0,0.75,0.25,0.0,0.25,0.125,1.875,0.3333333333333333,1.109375,0.125,0.0
TR276*0100*2000*01_A4,29.0,8,1.0,0.25,0.25,0.375,0.0,0.0,0.125,0.5,0.375,0.125,0.5,0.125,2.625,1.0,2.234375,0.125,0.25
TR785*0100*2000*01_A1,24.0,10,1.0,0.3,0.3,0.3,0.1,0.0,0.0,0.6,0.4,0.0,0.4,0.1,2.2,0.6666666666666666,0.9600000000000002,0.0,0.3
TR785*0100*2000*01_A2,24.0,10,1.0,0.1,0.2,0.1,0.5,0.0,0.1,0.3,0.6,0.1,0.7,0.6,3.4,2.3333333333333335,1.8400000000000003,0.2,0.2
TR279*0100*2000*01_A1,22.0,12,1.0,0.08333333333333333,0.3333333333333333,0.5833333333333334,0.0,0.0,0.0,0.4166666666666667,0.5833333333333334,0.0,0.5833333333333334,0.0,2.5,1.4,0.4166666666666667,0.08333333333333333,0.16666666666666666
TR279*0100*2000*01_A3,22.0,17,0.9411764705882353,0.375,0.1875,0.3125,0.125,0.0,0.0,0.5625,0.4375,0.0,0.4375,0.125,2.1875,0.7777777777777778,1.15234375,0.058823529411764705,0.17647058823529413
TR280*0100*2000*01_A1,22.0,14,1.0,0.21428571428571427,0.2857142857142857,0.21428571428571427,0.21428571428571427,0.0,0.07142857142857142,0.5,0.42857142857142855,0.07142857142857142,0.5,0.2857142857142857,2.7142857142857144,1.0,1.9183673469387756,0.07142857142857142,0.14285714285714285
TR280*0100*2000*01_A4,22.0,13,0.9230769230769231,0.08333333333333333,0.4166666666666667,0.3333333333333333,0.08333333333333333,0.08333333333333333,0.0,0.5,0.4166666666666667,0.08333333333333333,0.5,0.16666666666666666,2.6666666666666665,1.0,1.0555555555555556,0.15384615384615385,0.15384615384615385
TR281*0100*2000*01_A1,25.0,3,1.0,0.6666666666666666,0.0,0.0,0.3333333333333333,0.0,0.0,0.6666666666666666,0.3333333333333333,0.0,0.3333333333333333,0.3333333333333333,2.0,0.5,2.0,0.0,0.0
TR281*0100*2000*01_A4,25.0,5,1.0,0.2,0.4,0.4,0.0,0.0,0.0,0.6,0.4,0.0,0.4,0.0,2.2,0.6666666666666666,0.5599999999999999,0.0,0.0
TR282*0100*2000*01_A1,25.0,13,1.0,0.3076923076923077,0.15384615384615385,0.23076923076923078,0.23076923076923078,0.0,0.07692307692307693,0.46153846153846156,0.46153846153846156,0.07692307692307693,0.5384615384615384,0.3076923076923077,2.6923076923076925,1.1666666666666667,2.21301775147929,0.07692307692307693,0.0
TR282*0100*2000*01_A3,25.0,9,1.0,0.1111111111111111,0.4444444444444444,0.2222222222222222,0.0,0.1111111111111111,0.1111111111111111,0.5555555555555556,0.2222222222222222,0.2222222222222222,0.4444444444444444,0.2222222222222222,2.888888888888889,0.8,2.3209876543209877,0.0,0.1111111111111111
TR283*0100*2000*01_A1,25.0,10,1.0,0.3,0.2,0.3,0.2,0.0,0.0,0.5,0.5,0.0,0.5,0.2,2.4,1.0,1.24,0.3,0.1
TR283*0100*2000*01_A4,25.0,5,1.0,0.0,0.6,0.2,0.2,0.0,0.0,0.6,0.4,0.0,0.4,0.2,2.6,0.6666666666666666,0.64,0.0,0.2
TR285*0100*2000*01_A1,24.0,15,1.0,0.2,0.2,0.4,0.2,0.0,0.0,0.4,0.6,0.0,0.6,0.2,2.6,1.5,1.04,0.2,0.13333333333333333
TR285*0100*2000*01_A2,24.0,5,1.0,0.4,0.2,0.4,0.0,0.0,0.0,0.6,0.4,0.0,0.4,0.0,2.0,0.6666666666666666,0.8,0.2,0.2
TR286*0100*2000*01_A1,32.0,18,1.0,0.16666666666666666,0.2777777777777778,0.3888888888888889,0.0,0.16666666666666666,0.0,0.4444444444444444,0.3888888888888889,0.16666666666666666,0.5555555555555556,0.16666666666666666,2.7222222222222223,1.25,1.5339506172839508,0.16666666666666666,0.16666666666666666
TR286*0100*2000*01_A4,32.0,9,1.0,0.3333333333333333,0.0,0.5555555555555556,0.0,0.0,0.1111111111111111,0.3333333333333333,0.5555555555555556,0.1111111111111111,0.6666666666666666,0.1111111111111111,2.6666666666666665,2.0,2.2222222222222223,0.1111111111111111,0.0
TR287*0100*2000*01_A1,26.0,16,0.875,0.21428571428571427,0.21428571428571427,0.2857142857142857,0.21428571428571427,0.07142857142857142,0.0,0.42857142857142855,0.5,0.07142857142857142,0.5714285714285714,0.2857142857142857,2.7142857142857144,1.3333333333333333,1.489795918367347,0.0625,0.125
TR287*0100*2000*01_A4,26.0,13,1.0,0.07692307692307693,0.46153846153846156,0.38461538461538464,0.07692307692307693,0.0,0.0,0.5384615384615384,0.46153846153846156,0.0,0.46153846153846156,0.07692307692307693,2.4615384615384617,0.8571428571428571,0.5562130177514794,0.0,0.3076923076923077
TR290*0100*2000*01_A1,26.0,12,1.0,0.16666666666666666,0.25,0.4166666666666667,0.16666666666666666,0.0,0.0,0.4166666666666667,0.5833333333333334,0.0,0.5833333333333334,0.16666666666666666,2.5833333333333335,1.4,0.9097222222222223,0.16666666666666666,0.16666666666666666
TR290*0100*2000*01_A3,26.0,15,1.0,0.5333333333333333,0.13333333333333333,0.13333333333333333,0.2,0.0,0.0,0.6666666666666666,0.3333333333333333,0.0,0.3333333333333333,0.2,2.0,0.5,1.4666666666666666,0.13333333333333333,0.0
TR291*0100*2000*01_A1,25.0,14,1.0,0.42857142857142855,0.21428571428571427,0.35714285714285715,0.0,0.0,0.0,0.6428571428571429,0.35714285714285715,0.0,0.35714285714285715,0.0,1.9285714285714286,0.5555555555555556,0.7806122448979592,0.07142857142857142,0.0
TR291*0100*2000*01_A2,25.0,11,1.0,0.09090909090909091,0.09090909090909091,0.45454545454545453,0.36363636363636365,0.0,0.0,0.18181818181818182,0.8181818181818182,0.0,0.8181818181818182,0.36363636363636365,3.090909090909091,4.5,0.8099173553719006,0.09090909090909091,0.0
TR292*0100*2000*01_A1,40.0,11,1.0,0.2727272727272727,0.0,0.2727272727272727,0.36363636363636365,0.09090909090909091,0.0,0.2727272727272727,0.6363636363636364,0.09090909090909091,0.7272727272727273,0.45454545454545453,3.0,2.6666666666666665,1.8181818181818181,0.0,0.0
TR292*0100*2000*01_A3,40.0,6,1.0,0.0,0.3333333333333333,0.5,0.0,0.0,0.16666666666666666,0.3333333333333333,0.5,0.16666666666666666,0.6666666666666666,0.16666666666666666,3.1666666666666665,2.0,1.805555555555556,0.0,0.5
TR293*0100*2000*01_A1,37.0,7,1.0,0.42857142857142855,0.0,0.2857142857142857,0.14285714285714285,0.0,0.14285714285714285,0.42857142857142855,0.42857142857142855,0.14285714285714285,0.5714285714285714,0.2857142857142857,2.7142857142857144,1.3333333333333333,3.061224489795918,0.14285714285714285,0.0
TR293*0100*2000*01_A3,37.0,11,1.0,0.2727272727272727,0.45454545454545453,0.18181818181818182,0.09090909090909091,0.0,0.0,0.7272727272727273,0.2727272727272727,0.0,0.2727272727272727,0.09090909090909091,2.090909090909091,0.375,0.8099173553719009,0.0,0.18181818181818182
TR295*0100*2000*01_A1,17.0,12,0.9166666666666666,0.09090909090909091,0.2727272727272727,0.2727272727272727,0.36363636363636365,0.0,0.0,0.36363636363636365,0.6363636363636364,0.0,0.6363636363636364,0.36363636363636365,2.909090909090909,1.75,0.9917355371900826,0.16666666666666666,0.25
TR295*0100*2000*01_A4,17.0,7,1.0,0.2857142857142857,0.2857142857142857,0.2857142857142857,0.14285714285714285,0.0,0.0,0.5714285714285714,0.42857142857142855,0.0,0.42857142857142855,0.14285714285714285,2.2857142857142856,0.75,1.0612244897959184,0.0,0.14285714285714285
TR296*0100*2000*01_A1,33.0,9,1.0,0.3333333333333333,0.1111111111111111,0.3333333333333333,0.1111111111111111,0.0,0.1111111111111111,0.4444444444444444,0.4444444444444444,0.1111111111111111,0.5555555555555556,0.2222222222222222,2.6666666666666665,1.25,2.4444444444444446,0.2222222222222222,0.0
TR296*0100*2000*01_A3,33.0,7,1.0,0.2857142857142857,0.0,0.14285714285714285,0.42857142857142855,0.0,0.14285714285714285,0.2857142857142857,0.5714285714285714,0.14285714285714285,0.7142857142857143,0.5714285714285714,3.2857142857142856,2.5,2.775510204081633,0.14285714285714285,0.0
TR298*0100*2000*01_A1,26.0,17,1.0,0.35294117647058826,0.35294117647058826,0.058823529411764705,0.23529411764705882,0.0,0.0,0.7058823529411765,0.29411764705882354,0.0,0.29411764705882354,0.23529411764705882,2.176470588235294,0.4166666666666667,1.3217993079584776,0.0,0.058823529411764705
TR298*0100*2000*01_A2,26.0,7,1.0,0.0,0.2857142857142857,0.42857142857142855,0.2857142857142857,0.0,0.0,0.2857142857142857,0.7142857142857143,0.0,0.7142857142857143,0.2857142857142857,3.0,2.5,0.5714285714285714,0.0,0.0
TR300*0100*2000*01_A1,23.0,13,1.0,0.15384615384615385,0.38461538461538464,0.38461538461538464,0.07692307692307693,0.0,0.0,0.5384615384615384,0.46153846153846156,0.0,0.46153846153846156,0.07692307692307693,2.3846153846153846,0.8571428571428571,0.6982248520710057,0.23076923076923078,0.07692307692307693
TR300*0100*2000*01_A4,23.0,8,1.0,0.0,0.5,0.25,0.25,0.0,0.0,0.5,0.5,0.0,0.5,0.25,2.75,1.0,0.6875,0.125,0.125
TR302*0100*2000*01_A1,11.0,8,1.0,0.375,0.125,0.25,0.125,0.0,0.125,0.5,0.375,0.125,0.5,0.25,2.625,1.0,2.734375,0.125,0.0
TR302*0100*2000*01_A2+3+4,11.0,7,1.0,0.2857142857142857,0.2857142857142857,0.2857142857142857,0.0,0.0,0.14285714285714285,0.5714285714285714,0.2857142857142857,0.14285714285714285,0.42857142857142855,0.14285714285714285,2.5714285714285716,0.75,2.530612244897959,0.14285714285714285,0.0
TR303*0100*2000*01_A1,34.0,9,1.0,0.3333333333333333,0.3333333333333333,0.1111111111111111,0.2222222222222222,0.0,0.0,0.6666666666666666,0.3333333333333333,0.0,0.3333333333333333,0.2222222222222222,2.2222222222222223,0.5,1.2839506172839508,0.0,0.1111111111111111
TR303*0100*2000*01_A3,34.0,5,1.0,0.6,0.2,0.0,0.2,0.0,0.0,0.8,0.2,0.0,0.2,0.2,1.8,0.25,1.36,0.2,0.2
TR307*0100*2000*01_A1,33.0,12,1.0,0.16666666666666666,0.16666666666666666,0.4166666666666667,0.16666666666666666,0.08333333333333333,0.0,0.3333333333333333,0.5833333333333334,0.08333333333333333,0.6666666666666666,0.25,2.8333333333333335,2.0,1.3055555555555556,0.16666666666666666,0.08333333333333333
TR307*0100*2000*01_A4,33.0,11,0.9090909090909091,0.3,0.1,0.3,0.0,0.3,0.0,0.4,0.3,0.3,0.6,0.3,2.9,1.5,2.4899999999999998,0.18181818181818182,0.2727272727272727
TR309*0100*2000*01_A1,26.0,7,1.0,0.2857142857142857,0.2857142857142857,0.2857142857142857,0.14285714285714285,0.0,0.0,0.5714285714285714,0.42857142857142855,0.0,0.42857142857142855,0.14285714285714285,2.2857142857142856,0.75,1.0612244897959184,0.0,0.14285714285714285
TR309*0100*2000*01_A4,26.0,5,1.0,0.2,0.4,0.4,0.0,0.0,0.0,0.6,0.4,0.0,0.4,0.0,2.2,0.6666666666666666,0.5599999999999999,0.0,0.2
TR310*0100*2000*01_A1,26.0,23,1.0,0.30434782608695654,0.17391304347826086,0.34782608695652173,0.17391304347826086,0.0,0.0,0.4782608695652174,0.5217391304347826,0.0,0.5217391304347826,0.17391304347826086,2.391304347826087,1.0909090909090908,1.1947069943289224,0.043478260869565216,0.17391304347826086
TR310*0100*2000*01_A4,26.0,18,1.0,0.2222222222222222,0.2777777777777778,0.3888888888888889,0.1111111111111111,0.0,0.0,0.5,0.5,0.0,0.5,0.1111111111111111,2.388888888888889,1.0,0.904320987654321,0.0,0.2222222222222222
TR312*0100*2000*01_A1,25.0,7,1.0,0.14285714285714285,0.14285714285714285,0.2857142857142857,0.2857142857142857,0.14285714285714285,0.0,0.2857142857142857,0.5714285714285714,0.14285714285714285,0.7142857142857143,0.42857142857142855,3.142857142857143,2.5,1.5510204081632655,0.0,0.0
TR312*0100*2000*01_A3,25.0,11,1.0,0.45454545454545453,0.2727272727272727,0.09090909090909091,0.09090909090909091,0.0,0.09090909090909091,0.7272727272727273,0.18181818181818182,0.09090909090909091,0.2727272727272727,0.18181818181818182,2.1818181818181817,0.375,2.330578512396694,0.09090909090909091,0.18181818181818182
TR313*0100*2000*01_A1,33.0,17,1.0,0.4117647058823529,0.17647058823529413,0.29411764705882354,0.11764705882352941,0.0,0.0,0.5882352941176471,0.4117647058823529,0.0,0.4117647058823529,0.11764705882352941,2.1176470588235294,0.7,1.1626297577854672,0.058823529411764705,0.058823529411764705
TR313*0100*2000*01_A4,33.0,10,1.0,0.1,0.4,0.4,0.1,0.0,0.0,0.5,0.5,0.0,0.5,0.1,2.5,1.0,0.65,0.1,0.4
TR314*0100*2000*01_A1,32.0,3,1.0,0.0,0.6666666666666666,0.3333333333333333,0.0,0.0,0.0,0.6666666666666666,0.3333333333333333,0.0,0.3333333333333333,0.0,2.3333333333333335,0.5,0.22222222222222224,0.0,0.6666666666666666
TR314*0100*2000*01_A4,32.0,10,1.0,0.3,0.4,0.1,0.1,0.1,0.0,0.7,0.2,0.1,0.3,0.2,2.3,0.42857142857142855,1.61,0.0,0.4
TR315*0100*2000*01_A1,24.0,14,1.0,0.35714285714285715,0.42857142857142855,0.0,0.21428571428571427,0.0,0.0,0.7857142857142857,0.21428571428571427,0.0,0.21428571428571427,0.21428571428571427,2.0714285714285716,0.2727272727272727,1.209183673469388,0.0,0.14285714285714285
TR315*0100*2000*01_A4,24.0,10,1.0,0.4,0.4,0.0,0.2,0.0,0.0,0.8,0.2,0.0,0.2,0.2,2.0,0.25,1.2,0.1,0.1
TR316*0100*2000*01_A1,35.0,15,0.9333333333333333,0.07142857142857142,0.2857142857142857,0.42857142857142855,0.14285714285714285,0.0,0.07142857142857142,0.35714285714285715,0.5714285714285714,0.07142857142857142,0.6428571428571429,0.21428571428571427,2.9285714285714284,1.8,1.3520408163265303,0.13333333333333333,0.06666666666666667
TR316*0100*2000*01_A3,35.0,13,1.0,0.15384615384615385,0.23076923076923078,0.6153846153846154,0.0,0.0,0.0,0.38461538461538464,0.6153846153846154,0.0,0.6153846153846154,0.0,2.4615384615384617,1.6,0.5562130177514794,0.15384615384615385,0.15384615384615385
TR318*0100*2000*01_A1,32.0,12,1.0,0.4166666666666667,0.25,0.25,0.0,0.08333333333333333,0.0,0.6666666666666666,0.25,0.08333333333333333,0.3333333333333333,0.08333333333333333,2.0833333333333335,0.5,1.409722222222222,0.08333333333333333,0.08333333333333333
TR318*0100*2000*01_A3,32.0,18,0.8888888888888888,0.125,0.4375,0.1875,0.1875,0.0,0.0625,0.5625,0.375,0.0625,0.4375,0.25,2.6875,0.7777777777777778,1.58984375,0.05555555555555555,0.3333333333333333
TR319*0100*2000*01_A1,21.0,7,1.0,0.5714285714285714,0.0,0.2857142857142857,0.14285714285714285,0.0,0.0,0.5714285714285714,0.42857142857142855,0.0,0.42857142857142855,0.14285714285714285,2.0,0.75,1.4285714285714286,0.0,0.0
TR319*0100*2000*01_A3,21.0,8,1.0,0.375,0.125,0.125,0.25,0.0,0.125,0.5,0.375,0.125,0.5,0.375,2.75,1.0,2.9375,0.0,0.0
TR321*0100*2000*01_A1,21.0,14,1.0,0.42857142857142855,0.2857142857142857,0.21428571428571427,0.0,0.07142857142857142,0.0,0.7142857142857143,0.21428571428571427,0.07142857142857142,0.2857142857142857,0.07142857142857142,2.0,0.4,1.2857142857142858,0.07142857142857142,0.2857142857142857
TR321*0100*2000*01_A4,21.0,16,1.0,0.1875,0.375,0.375,0.0,0.0625,0.0,0.5625,0.375,0.0625,0.4375,0.0625,2.375,0.7777777777777778,0.984375,0.125,0.375
TR325*0100*2000*01_A1,25.0,8,1.0,0.625,0.0,0.125,0.25,0.0,0.0,0.625,0.375,0.0,0.375,0.25,2.0,0.6,1.75,0.0,0.0
TR325*0100*2000*01_A3,25.0,8,1.0,0.25,0.375,0.25,0.0,0.125,0.0,0.625,0.25,0.125,0.375,0.125,2.375,0.6,1.484375,0.125,0.375
TR327*0100*2000*01_A1,26.0,8,1.0,0.375,0.125,0.375,0.125,0.0,0.0,0.5,0.5,0.0,0.5,0.125,2.25,1.0,1.1875,0.125,0.125
TR327*0100*2000*01_A4,26.0,9,1.0,0.4444444444444444,0.2222222222222222,0.1111111111111111,0.2222222222222222,0.0,0.0,0.6666666666666666,0.3333333333333333,0.0,0.3333333333333333,0.2222222222222222,2.111111111111111,0.5,1.432098765432099,0.2222222222222222,0.0
TR328*0100*2000*01_A1,30.0,14,1.0,0.14285714285714285,0.21428571428571427,0.42857142857142855,0.14285714285714285,0.07142857142857142,0.0,0.35714285714285715,0.5714285714285714,0.07142857142857142,0.6428571428571429,0.21428571428571427,2.7857142857142856,1.8,1.1683673469387759,0.2857142857142857,0.14285714285714285
TR328*0100*2000*01_A3,30.0,13,0.9230769230769231,0.25,0.5,0.08333333333333333,0.08333333333333333,0.08333333333333333,0.0,0.75,0.16666666666666666,0.08333333333333333,0.25,0.16666666666666666,2.25,0.3333333333333333,1.3541666666666667,0.15384615384615385,0.3076923076923077
TR329*0100*2000*01_A1,29.0,10,1.0,0.2,0.1,0.3,0.4,0.0,0.0,0.3,0.7,0.0,0.7,0.4,2.9,2.3333333333333335,1.29,0.1,0.1
TR329*0100*2000*01_A3,29.0,9,1.0,0.3333333333333333,0.2222222222222222,0.0,0.3333333333333333,0.0,0.1111111111111111,0.5555555555555556,0.3333333333333333,0.1111111111111111,0.4444444444444444,0.4444444444444444,2.7777777777777777,0.8,2.8395061728395063,0.3333333333333333,0.0
TR331*0100*2000*01_A1,25.0,9,1.0,0.4444444444444444,0.3333333333333333,0.2222222222222222,0.0,0.0,0.0,0.7777777777777778,0.2222222222222222,0.0,0.2222222222222222,0.0,1.7777777777777777,0.2857142857142857,0.6172839506172839,0.0,0.1111111111111111
TR331*0100*2000*01_A4,25.0,4,1.0,0.25,0.25,0.5,0.0,0.0,0.0,0.5,0.5,0.0,0.5,0.0,2.25,1.0,0.6875,0.25,0.25
TR334*0100*2000*01_A1,19.0,7,1.0,0.2857142857142857,0.14285714285714285,0.42857142857142855,0.14285714285714285,0.0,0.0,0.42857142857142855,0.5714285714285714,0.0,0.5714285714285714,0.14285714285714285,2.4285714285714284,1.3333333333333333,1.1020408163265307,0.0,0.14285714285714285
TR334*0100*2000*01_A3,19.0,3,1.0,0.3333333333333333,0.0,0.0,0.6666666666666666,0.0,0.0,0.3333333333333333,0.6666666666666666,0.0,0.6666666666666666,0.6666666666666666,3.0,2.0,2.0,0.3333333333333333,0.0
TR335*0100*2000*01_A1,33.0,15,0.9333333333333333,0.42857142857142855,0.14285714285714285,0.14285714285714285,0.21428571428571427,0.0,0.07142857142857142,0.5714285714285714,0.35714285714285715,0.07142857142857142,0.42857142857142855,0.2857142857142857,2.4285714285714284,0.75,2.387755102040816,0.0,0.3333333333333333
TR335*0100*2000*01_A3,33.0,11,1.0,0.09090909090909091,0.18181818181818182,0.18181818181818182,0.36363636363636365,0.09090909090909091,0.09090909090909091,0.2727272727272727,0.5454545454545454,0.18181818181818182,0.7272727272727273,0.5454545454545454,3.4545454545454546,2.6666666666666665,1.8842975206611576,0.09090909090909091,0.18181818181818182
TR338*0100*2000*01_A1,30.0,11,1.0,0.18181818181818182,0.45454545454545453,0.2727272727272727,0.09090909090909091,0.0,0.0,0.6363636363636364,0.36363636363636365,0.0,0.36363636363636365,0.09090909090909091,2.272727272727273,0.5714285714285714,0.743801652892562,0.0,0.18181818181818182
TR338*0100*2000*01_A4,30.0,12,0.9166666666666666,0.09090909090909091,0.45454545454545453,0.18181818181818182,0.09090909090909091,0.09090909090909091,0.09090909090909091,0.5454545454545454,0.2727272727272727,0.18181818181818182,0.45454545454545453,0.2727272727272727,2.909090909090909,0.8333333333333334,2.082644628099174,0.08333333333333333,0.4166666666666667
TR342*0100*2000*01_A1,28.0,9,1.0,0.1111111111111111,0.4444444444444444,0.4444444444444444,0.0,0.0,0.0,0.5555555555555556,0.4444444444444444,0.0,0.4444444444444444,0.0,2.3333333333333335,0.8,0.4444444444444444,0.1111111111111111,0.1111111111111111
TR342*0100*2000*01_A4,28.0,11,1.0,0.2727272727272727,0.36363636363636365,0.2727272727272727,0.0,0.0,0.09090909090909091,0.6363636363636364,0.2727272727272727,0.09090909090909091,0.36363636363636365,0.09090909090909091,2.3636363636363638,0.5714285714285714,1.867768595041322,0.09090909090909091,0.0
TR343*0100*2000*01_A1,24.0,10,1.0,0.4,0.3,0.3,0.0,0.0,0.0,0.7,0.3,0.0,0.3,0.0,1.9,0.42857142857142855,0.69,0.1,0.1
TR343*0100*2000*01_A2,24.0,5,1.0,0.2,0.6,0.2,0.0,0.0,0.0,0.8,0.2,0.0,0.2,0.0,2.0,0.25,0.4,0.2,0.0
TR344*0100*2000*01_A1,35.0,10,0.9,0.2222222222222222,0.3333333333333333,0.2222222222222222,0.1111111111111111,0.0,0.1111111111111111,0.5555555555555556,0.3333333333333333,0.1111111111111111,0.4444444444444444,0.2222222222222222,2.6666666666666665,0.8,2.2222222222222223,0.1,0.2
TR344*0100*2000*01_A4,35.0,9,1.0,0.4444444444444444,0.4444444444444444,0.1111111111111111,0.0,0.0,0.0,0.8888888888888888,0.1111111111111111,0.0,0.1111111111111111,0.0,1.6666666666666667,0.125,0.4444444444444444,0.1111111111111111,0.1111111111111111
TR345*0100*2000*01_A1,36.0,16,0.9375,0.13333333333333333,0.4666666666666667,0.26666666666666666,0.13333333333333333,0.0,0.0,0.6,0.4,0.0,0.4,0.13333333333333333,2.4,0.6666666666666666,0.7733333333333333,0.0,0.3125
TR345*0100*2000*01_A4,36.0,26,0.8846153846153846,0.13043478260869565,0.5217391304347826,0.17391304347826086,0.13043478260869565,0.0,0.043478260869565216,0.6521739130434783,0.30434782608695654,0.043478260869565216,0.34782608695652173,0.17391304347826086,2.4782608695652173,0.5333333333333333,1.2930056710775049,0.0,0.38461538461538464
TR346*0100*2000*01_A1,24.0,11,1.0,0.45454545454545453,0.36363636363636365,0.18181818181818182,0.0,0.0,0.0,0.8181818181818182,0.18181818181818182,0.0,0.18181818181818182,0.0,1.7272727272727273,0.2222222222222222,0.5619834710743802,0.09090909090909091,0.09090909090909091
TR346*0100*2000*01_A3,24.0,9,0.8888888888888888,0.25,0.25,0.5,0.0,0.0,0.0,0.5,0.5,0.0,0.5,0.0,2.25,1.0,0.6875,0.0,0.3333333333333333
TR347*0100*2000*01_A1,39.0,7,1.0,0.14285714285714285,0.14285714285714285,0.7142857142857143,0.0,0.0,0.0,0.2857142857142857,0.7142857142857143,0.0,0.7142857142857143,0.0,2.5714285714285716,2.5,0.5306122448979593,0.2857142857142857,0.14285714285714285
TR347*0100*2000*01_A3,39.0,11,0.9090909090909091,0.2,0.0,0.3,0.4,0.1,0.0,0.2,0.7,0.1,0.8,0.5,3.2,4.0,1.56,0.5454545454545454,0.18181818181818182
TR349*0100*2000*01_A1,23.0,11,1.0,0.09090909090909091,0.09090909090909091,0.7272727272727273,0.09090909090909091,0.0,0.0,0.18181818181818182,0.8181818181818182,0.0,0.8181818181818182,0.09090909090909091,2.8181818181818183,4.5,0.512396694214876,0.18181818181818182,0.0
TR349*0100*2000*01_A2,23.0,5,1.0,0.0,0.2,0.2,0.6,0.0,0.0,0.2,0.8,0.0,0.8,0.6,3.4,4.0,0.64,0.2,0.0
TR350*0100*2000*01_A1,25.0,12,1.0,0.25,0.25,0.25,0.16666666666666666,0.0,0.08333333333333333,0.5,0.4166666666666667,0.08333333333333333,0.5,0.25,2.6666666666666665,1.0,2.055555555555556,0.0,0.16666666666666666
TR350*0100*2000*01_A3,25.0,7,0.8571428571428571,0.3333333333333333,0.0,0.3333333333333333,0.3333333333333333,0.0,0.0,0.3333333333333333,0.6666666666666666,0.0,0.6666666666666666,0.3333333333333333,2.6666666666666665,2.0,1.5555555555555556,0.2857142857142857,0.14285714285714285
TR356*0100*2000*01_A1,25.0,11,0.9090909090909091,0.1,0.1,0.4,0.3,0.0,0.1,0.2,0.7,0.1,0.8,0.4,3.3,4.0,1.61,0.09090909090909091,0.18181818181818182
TR356*0100*2000*01_A2,25.0,12,1.0,0.08333333333333333,0.08333333333333333,0.16666666666666666,0.4166666666666667,0.0,0.25,0.16666666666666666,0.5833333333333334,0.25,0.8333333333333334,0.6666666666666666,3.9166666666666665,5.0,2.243055555555555,0.16666666666666666,0.08333333333333333
TR358*0100*2000*01_A1,35.0,7,1.0,0.42857142857142855,0.0,0.42857142857142855,0.14285714285714285,0.0,0.0,0.42857142857142855,0.5714285714285714,0.0,0.5714285714285714,0.14285714285714285,2.2857142857142856,1.3333333333333333,1.3469387755102038,0.0,0.0
TR358*0100*2000*01_A4,35.0,17,1.0,0.17647058823529413,0.17647058823529413,0.29411764705882354,0.23529411764705882,0.058823529411764705,0.058823529411764705,0.35294117647058826,0.5294117647058824,0.11764705882352941,0.6470588235294118,0.35294117647058826,3.0,1.8333333333333333,1.8823529411764706,0.11764705882352941,0.23529411764705882
TR360*0100*2000*01_A1,38.0,14,0.9285714285714286,0.23076923076923078,0.15384615384615385,0.3076923076923077,0.3076923076923077,0.0,0.0,0.38461538461538464,0.6153846153846154,0.0,0.6153846153846154,0.3076923076923077,2.6923076923076925,1.6,1.289940828402367,0.21428571428571427,0.14285714285714285
TR360*0100*2000*01_A4,38.0,5,1.0,0.0,0.4,0.4,0.2,0.0,0.0,0.4,0.6,0.0,0.6,0.2,2.8,1.5,0.5599999999999999,0.0,0.0
TR361*0100*2000*01_A1,26.0,9,1.0,0.3333333333333333,0.2222222222222222,0.3333333333333333,0.1111111111111111,0.0,0.0,0.5555555555555556,0.4444444444444444,0.0,0.4444444444444444,0.1111111111111111,2.2222222222222223,0.8,1.0617283950617284,0.0,0.1111111111111111
TR361*0100*2000*01_A3,26.0,11,1.0,0.18181818181818182,0.18181818181818182,0.2727272727272727,0.36363636363636365,0.0,0.0,0.36363636363636365,0.6363636363636364,0.0,0.6363636363636364,0.36363636363636365,2.8181818181818183,1.75,1.239669421487603,0.18181818181818182,0.0
TR363*0100*2000*01_A1,34.0,16,0.9375,0.2,0.3333333333333333,0.13333333333333333,0.26666666666666666,0.0,0.06666666666666667,0.5333333333333333,0.4,0.06666666666666667,0.4666666666666667,0.3333333333333333,2.7333333333333334,0.875,1.9288888888888884,0.0625,0.1875
TR363*0100*2000*01_A3,34.0,5,1.0,0.0,0.2,0.6,0.2,0.0,0.0,0.2,0.8,0.0,0.8,0.2,3.0,4.0,0.4,0.2,0.2
TR366*0100*2000*01_A1,31.0,11,0.9090909090909091,0.3,0.2,0.3,0.1,0.1,0.0,0.5,0.4,0.1,0.5,0.2,2.5,1.0,1.65,0.18181818181818182,0.09090909090909091
TR366*0100*2000*01_A4,31.0,3,1.0,0.3333333333333333,0.3333333333333333,0.3333333333333333,0.0,0.0,0.0,0.6666666666666666,0.3333333333333333,0.0,0.3333333333333333,0.0,2.0,0.5,0.6666666666666666,0.0,0.0
TR372*0100*2000*01_A1,35.0,17,1.0,0.17647058823529413,0.23529411764705882,0.29411764705882354,0.23529411764705882,0.0,0.058823529411764705,0.4117647058823529,0.5294117647058824,0.058823529411764705,0.5882352941176471,0.29411764705882354,2.823529411764706,1.4285714285714286,1.6747404844290659,0.058823529411764705,0.058823529411764705
TR372*0100*2000*01_A2,35.0,9,0.8888888888888888,0.0,0.125,0.25,0.5,0.0,0.125,0.125,0.75,0.125,0.875,0.625,3.75,7.0,1.1875,0.2222222222222222,0.2222222222222222
TR790*0100*2000*01_A1,33.0,10,1.0,0.4,0.2,0.3,0.1,0.0,0.0,0.6,0.4,0.0,0.4,0.1,2.1,0.6666666666666666,1.0900000000000003,0.1,0.1
TR790*0100*2000*01_A2,33.0,5,1.0,0.0,0.4,0.0,0.4,0.0,0.2,0.4,0.4,0.2,0.6,0.6,3.6,1.5,2.24,0.0,0.0
TR374*0100*2000*01_A1,27.0,11,1.0,0.18181818181818182,0.09090909090909091,0.45454545454545453,0.2727272727272727,0.0,0.0,0.2727272727272727,0.7272727272727273,0.0,0.7272727272727273,0.2727272727272727,2.8181818181818183,2.6666666666666665,1.0578512396694215,0.09090909090909091,0.0
TR374*0100*2000*01_A3,27.0,11,1.0,0.18181818181818182,0.18181818181818182,0.2727272727272727,0.36363636363636365,0.0,0.0,0.36363636363636365,0.6363636363636364,0.0,0.6363636363636364,0.36363636363636365,2.8181818181818183,1.75,1.239669421487603,0.0,0.18181818181818182
TR379*0100*2000*01_A1,36.0,11,1.0,0.18181818181818182,0.18181818181818182,0.45454545454545453,0.18181818181818182,0.0,0.0,0.36363636363636365,0.6363636363636364,0.0,0.6363636363636364,0.18181818181818182,2.6363636363636362,1.75,0.958677685950413,0.18181818181818182,0.09090909090909091
TR379*0100*2000*01_A2,36.0,5,1.0,0.0,0.0,0.2,0.2,0.0,0.6,0.0,0.4,0.6,1.0,0.8,5.0,nan,1.6,0.2,0.0
TR381*0100*2000*01_A1,39.0,10,1.0,0.4,0.2,0.1,0.3,0.0,0.0,0.6,0.4,0.0,0.4,0.3,2.3,0.6666666666666666,1.61,0.0,0.1
TR381*0100*2000*01_A4,39.0,13,1.0,0.23076923076923078,0.3076923076923077,0.23076923076923078,0.23076923076923078,0.0,0.0,0.5384615384615384,0.46153846153846156,0.0,0.46153846153846156,0.23076923076923078,2.4615384615384617,0.8571428571428571,1.1715976331360947,0.15384615384615385,0.23076923076923078
TR382*0100*2000*01_A1,33.0,9,0.8888888888888888,0.375,0.0,0.375,0.25,0.0,0.0,0.375,0.625,0.0,0.625,0.25,2.5,1.6666666666666667,1.5,0.1111111111111111,0.2222222222222222
TR382*0100*2000*01_A4,33.0,12,0.9166666666666666,0.09090909090909091,0.5454545454545454,0.2727272727272727,0.09090909090909091,0.0,0.0,0.6363636363636364,0.36363636363636365,0.0,0.36363636363636365,0.09090909090909091,2.3636363636363638,0.5714285714285714,0.5950413223140496,0.16666666666666666,0.5
TR383*0100*2000*01_A1,35.0,14,1.0,0.07142857142857142,0.21428571428571427,0.2857142857142857,0.35714285714285715,0.07142857142857142,0.0,0.2857142857142857,0.6428571428571429,0.07142857142857142,0.7142857142857143,0.42857142857142855,3.142857142857143,2.5,1.1224489795918369,0.07142857142857142,0.0
TR383*0100*2000*01_A5b,35.0,8,1.0,0.0,0.25,0.375,0.0,0.0,0.375,0.25,0.375,0.375,0.75,0.375,3.875,3.0,2.859375,0.375,0.125
TR385*0100*2000*01_A1,31.0,14,0.9285714285714286,0.3076923076923077,0.23076923076923078,0.46153846153846156,0.0,0.0,0.0,0.5384615384615384,0.46153846153846156,0.0,0.46153846153846156,0.0,2.1538461538461537,0.8571428571428571,0.7455621301775148,0.0,0.14285714285714285
TR385*0100*2000*01_A3,31.0,13,1.0,0.38461538461538464,0.23076923076923078,0.15384615384615385,0.23076923076923078,0.0,0.0,0.6153846153846154,0.38461538461538464,0.0,0.38461538461538464,0.23076923076923078,2.230769230769231,0.625,1.408284023668639,0.23076923076923078,0.07692307692307693
TR399*0100*2000*01_A1,30.0,13,1.0,0.3076923076923077,0.38461538461538464,0.3076923076923077,0.0,0.0,0.0,0.6923076923076923,0.3076923076923077,0.0,0.3076923076923077,0.0,2.0,0.4444444444444444,0.6153846153846154,0.15384615384615385,0.15384615384615385
TR399*0100*2000*01_A3,30.0,14,1.0,0.42857142857142855,0.21428571428571427,0.21428571428571427,0.14285714285714285,0.0,0.0,0.6428571428571429,0.35714285714285715,0.0,0.35714285714285715,0.14285714285714285,2.0714285714285716,0.5555555555555556,1.209183673469388,0.0,0.07142857142857142
TR403*0100*2000*01_A1,26.0,7,1.0,0.42857142857142855,0.2857142857142857,0.14285714285714285,0.14285714285714285,0.0,0.0,0.7142857142857143,0.2857142857142857,0.0,0.2857142857142857,0.14285714285714285,2.0,0.4,1.1428571428571428,0.0,0.0
TR403*0100*2000*01_A2,26.0,11,0.9090909090909091,0.4,0.4,0.1,0.0,0.0,0.1,0.8,0.1,0.1,0.2,0.1,2.1,0.25,2.09,0.09090909090909091,0.18181818181818182
TR407*0100*2000*01_A1,33.0,5,1.0,0.4,0.0,0.6,0.0,0.0,0.0,0.4,0.6,0.0,0.6,0.0,2.2,1.5,0.96,0.4,0.0
TR407*0100*2000*01_A3,33.0,5,0.8,0.0,0.5,0.5,0.0,0.0,0.0,0.5,0.5,0.0,0.5,0.0,2.5,1.0,0.25,0.2,0.2
TR408*0100*2000*01_A1,34.0,10,1.0,0.2,0.2,0.2,0.4,0.0,0.0,0.4,0.6,0.0,0.6,0.4,2.8,1.5,1.3599999999999999,0.2,0.0
TR408*0100*2000*01_A4,34.0,8,1.0,0.375,0.0,0.375,0.125,0.125,0.0,0.375,0.5,0.125,0.625,0.25,2.625,1.6666666666666667,1.984375,0.25,0.0
TR413*0100*2000*01_A1,35.0,8,1.0,0.5,0.25,0.125,0.125,0.0,0.0,0.75,0.25,0.0,0.25,0.125,1.875,0.3333333333333333,1.109375,0.0,0.0
TR413*0100*2000*01_A3,35.0,12,0.9166666666666666,0.0,0.2727272727272727,0.36363636363636365,0.09090909090909091,0.2727272727272727,0.0,0.2727272727272727,0.45454545454545453,0.2727272727272727,0.7272727272727273,0.36363636363636365,3.3636363636363638,2.6666666666666665,1.3223140495867767,0.16666666666666666,0.16666666666666666
TR416*0100*2000*01_A1,24.0,8,1.0,0.125,0.375,0.5,0.0,0.0,0.0,0.5,0.5,0.0,0.5,0.0,2.375,1.0,0.484375,0.125,0.0
TR416*0100*2000*01_A4,24.0,7,1.0,0.0,0.42857142857142855,0.42857142857142855,0.14285714285714285,0.0,0.0,0.42857142857142855,0.5714285714285714,0.0,0.5714285714285714,0.14285714285714285,2.7142857142857144,1.3333333333333333,0.489795918367347,0.14285714285714285,0.14285714285714285
TE1*0100*2001*01_A1,30.0,8,0.875,0.14285714285714285,0.0,0.5714285714285714,0.2857142857142857,0.0,0.0,0.14285714285714285,0.8571428571428571,0.0,0.8571428571428571,0.2857142857142857,3.0,6.0,0.8571428571428571,0.125,0.125
TE1*0100*2001*01_A2,30.0,6,0.8333333333333334,0.0,0.2,0.4,0.4,0.0,0.0,0.2,0.8,0.0,0.8,0.4,3.2,4.0,0.5599999999999999,0.0,0.3333333333333333
TE2*0100*2001*01_A1,27.0,20,1.0,0.25,0.15,0.3,0.1,0.1,0.1,0.4,0.4,0.2,0.6,0.3,2.95,1.5,2.5475,0.1,0.05
TE2*0100*2001*01_A3,27.0,13,1.0,0.23076923076923078,0.23076923076923078,0.23076923076923078,0.15384615384615385,0.07692307692307693,0.07692307692307693,0.46153846153846156,0.38461538461538464,0.15384615384615385,0.5384615384615384,0.3076923076923077,2.8461538461538463,1.1666666666666667,2.284023668639053,0.0,0.15384615384615385
TE3*0100*2001*01_A1,34.0,9,1.0,0.0,0.2222222222222222,0.5555555555555556,0.0,0.1111111111111111,0.1111111111111111,0.2222222222222222,0.5555555555555556,0.2222222222222222,0.7777777777777778,0.2222222222222222,3.3333333333333335,3.5,1.5555555555555556,0.2222222222222222,0.0
TE3*0100*2001*01_A2,34.0,8,1.0,0.125,0.0,0.25,0.25,0.125,0.25,0.125,0.5,0.375,0.875,0.625,4.0,7.0,2.5,0.0,0.0
TE4*0100*2001*01_A1,29.0,11,1.0,0.09090909090909091,0.0,0.6363636363636364,0.18181818181818182,0.09090909090909091,0.0,0.09090909090909091,0.8181818181818182,0.09090909090909091,0.9090909090909091,0.2727272727272727,3.1818181818181817,10.0,0.8760330578512399,0.18181818181818182,0.0
TE4*0100*2001*01_A2,29.0,11,1.0,0.0,0.2727272727272727,0.6363636363636364,0.0,0.0,0.09090909090909091,0.2727272727272727,0.6363636363636364,0.09090909090909091,0.7272727272727273,0.09090909090909091,3.0,2.6666666666666665,1.0909090909090908,0.0,0.0
TE5*0100*2001*01_A1,29.0,13,1.0,0.46153846153846156,0.15384615384615385,0.07692307692307693,0.15384615384615385,0.07692307692307693,0.07692307692307693,0.6153846153846154,0.23076923076923078,0.15384615384615385,0.38461538461538464,0.3076923076923077,2.4615384615384617,0.625,2.8639053254437865,0.07692307692307693,0.15384615384615385
TE5*0100*2001*01_A3,29.0,6,1.0,0.5,0.3333333333333333,0.16666666666666666,0.0,0.0,0.0,0.8333333333333334,0.16666666666666666,0.0,0.16666666666666666,0.0,1.6666666666666667,0.2,0.5555555555555557,0.0,0.0
TE6*0100*2001*01_A1,24.0,8,1.0,0.125,0.5,0.125,0.25,0.0,0.0,0.625,0.375,0.0,0.375,0.25,2.5,0.6,1.0,0.25,0.0
TE6*0100*2001*01_A2,24.0,9,1.0,0.1111111111111111,0.2222222222222222,0.3333333333333333,0.1111111111111111,0.2222222222222222,0.0,0.3333333333333333,0.4444444444444444,0.2222222222222222,0.6666666666666666,0.3333333333333333,3.111111111111111,2.0,1.654320987654321,0.3333333333333333,0.0
TE7*0100*2001*01_A1,26.0,7,0.8571428571428571,0.3333333333333333,0.3333333333333333,0.16666666666666666,0.16666666666666666,0.0,0.0,0.6666666666666666,0.3333333333333333,0.0,0.3333333333333333,0.16666666666666666,2.1666666666666665,0.5,1.1388888888888888,0.0,0.2857142857142857
TE7*0100*2001*01_A2,26.0,4,1.0,0.0,0.25,0.0,0.25,0.25,0.25,0.25,0.25,0.5,0.75,0.75,4.25,3.0,2.1875,0.0,0.0
TE8*0100*2001*01_A1,25.0,13,0.7692307692307693,0.2,0.1,0.6,0.1,0.0,0.0,0.3,0.7,0.0,0.7,0.1,2.6,2.3333333333333335,0.8400000000000002,0.15384615384615385,0.3076923076923077
TE8*0100*2001*01_A3,25.0,8,1.0,0.25,0.25,0.375,0.125,0.0,0.0,0.5,0.5,0.0,0.5,0.125,2.375,1.0,0.984375,0.125,0.125
TE9*0100*2001*01_A1,24.0,8,0.875,0.2857142857142857,0.14285714285714285,0.2857142857142857,0.2857142857142857,0.0,0.0,0.42857142857142855,0.5714285714285714,0.0,0.5714285714285714,0.2857142857142857,2.5714285714285716,1.3333333333333333,1.3877551020408163,0.125,0.375
TE9*0100*2001*01_A2,24.0,5,1.0,0.2,0.0,0.2,0.0,0.2,0.4,0.2,0.2,0.6,0.8,0.6,4.2,4.0,3.7600000000000002,0.0,0.0
TE10*0100*2001*01_A1,26.0,6,1.0,0.0,0.5,0.16666666666666666,0.16666666666666666,0.0,0.16666666666666666,0.5,0.3333333333333333,0.16666666666666666,0.5,0.3333333333333333,3.1666666666666665,1.0,2.138888888888889,0.16666666666666666,0.0
TE10*0100*2001*01_A2,26.0,11,1.0,0.5454545454545454,0.18181818181818182,0.09090909090909091,0.09090909090909091,0.09090909090909091,0.0,0.7272727272727273,0.18181818181818182,0.09090909090909091,0.2727272727272727,0.18181818181818182,2.0,0.375,1.8181818181818181,0.0,0.0
TE11*0100*2001*01_A1,23.0,6,1.0,0.3333333333333333,0.16666666666666666,0.3333333333333333,0.0,0.0,0.16666666666666666,0.5,0.3333333333333333,0.16666666666666666,0.5,0.16666666666666666,2.6666666666666665,1.0,2.888888888888889,0.16666666666666666,0.16666666666666666
TE11*0100*2001*01_A3,23.0,10,1.0,0.3,0.4,0.2,0.0,0.0,0.1,0.7,0.2,0.1,0.3,0.1,2.3,0.42857142857142855,2.0100000000000002,0.1,0.0
TE12*0100*2001*01_A1,26.0,8,1.0,0.125,0.625,0.125,0.0,0.0,0.125,0.75,0.125,0.125,0.25,0.125,2.5,0.3333333333333333,2.0,0.25,0.0
TE12*0100*2001*01_A2,26.0,11,1.0,0.36363636363636365,0.18181818181818182,0.18181818181818182,0.0,0.09090909090909091,0.18181818181818182,0.5454545454545454,0.18181818181818182,0.2727272727272727,0.45454545454545453,0.2727272727272727,2.8181818181818183,0.8333333333333334,3.6033057851239674,0.09090909090909091,0.0
TE13*0100*2001*01_A1,26.0,9,1.0,0.2222222222222222,0.2222222222222222,0.4444444444444444,0.1111111111111111,0.0,0.0,0.4444444444444444,0.5555555555555556,0.0,0.5555555555555556,0.1111111111111111,2.4444444444444446,1.25,0.9135802469135802,0.0,0.0
TE13*0100*2001*01_A2,26.0,8,1.0,0.25,0.5,0.125,0.125,0.0,0.0,0.75,0.25,0.0,0.25,0.125,2.125,0.3333333333333333,0.859375,0.0,0.375
TE14*0100*2001*01_A1,38.0,8,1.0,0.25,0.25,0.125,0.125,0.25,0.0,0.5,0.25,0.25,0.5,0.375,2.875,1.0,2.359375,0.125,0.0
TE14*0100*2001*01_A3,38.0,15,0.9333333333333333,0.14285714285714285,0.35714285714285715,0.21428571428571427,0.07142857142857142,0.14285714285714285,0.07142857142857142,0.5,0.2857142857142857,0.21428571428571427,0.5,0.2857142857142857,2.9285714285714284,1.0,2.2091836734693873,0.06666666666666667,0.26666666666666666
TE15*0100*2001*01_A1,27.0,12,0.9166666666666666,0.09090909090909091,0.18181818181818182,0.45454545454545453,0.18181818181818182,0.09090909090909091,0.0,0.2727272727272727,0.6363636363636364,0.09090909090909091,0.7272727272727273,0.2727272727272727,3.0,2.6666666666666665,1.0909090909090908,0.16666666666666666,0.16666666666666666
TE15*0100*2001*01_A3,27.0,14,1.0,0.5,0.14285714285714285,0.21428571428571427,0.14285714285714285,0.0,0.0,0.6428571428571429,0.35714285714285715,0.0,0.35714285714285715,0.14285714285714285,2.0,0.5555555555555556,1.2857142857142858,0.0,0.07142857142857142
TE16*0100*2001*01_A1,39.0,13,1.0,0.38461538461538464,0.15384615384615385,0.23076923076923078,0.15384615384615385,0.07692307692307693,0.0,0.5384615384615384,0.38461538461538464,0.07692307692307693,0.46153846153846156,0.23076923076923078,2.3846153846153846,0.8571428571428571,1.7751479289940828,0.0,0.0
TE16*0100*2001*01_A2,39.0,8,1.0,0.375,0.25,0.25,0.125,0.0,0.0,0.625,0.375,0.0,0.375,0.125,2.125,0.6,1.109375,0.0,0.0
TE17*0100*2001*01_A1,25.0,4,0.75,0.0,0.6666666666666666,0.3333333333333333,0.0,0.0,0.0,0.6666666666666666,0.3333333333333333,0.0,0.3333333333333333,0.0,2.3333333333333335,0.5,0.22222222222222224,0.0,0.25
TE17*0100*2001*01_A2,25.0,8,1.0,0.375,0.25,0.25,0.0,0.0,0.125,0.625,0.25,0.125,0.375,0.125,2.375,0.6,2.484375,0.125,0.125
TE18*0100*2001*01_A1,24.0,10,1.0,0.6,0.1,0.2,0.0,0.0,0.1,0.7,0.2,0.1,0.3,0.1,2.0,0.42857142857142855,2.4,0.0,0.0
TE18*0100*2001*01_A2,24.0,5,1.0,0.6,0.0,0.2,0.2,0.0,0.0,0.6,0.4,0.0,0.4,0.2,2.0,0.6666666666666666,1.6,0.0,0.0
TE19*0100*2001*01_A1,25.0,7,1.0,0.5714285714285714,0.14285714285714285,0.14285714285714285,0.14285714285714285,0.0,0.0,0.7142857142857143,0.2857142857142857,0.0,0.2857142857142857,0.14285714285714285,1.8571428571428572,0.4,1.2653061224489797,0.14285714285714285,0.0
TE19*0100*2001*01_A2,25.0,6,1.0,0.5,0.0,0.3333333333333333,0.16666666666666666,0.0,0.0,0.5,0.5,0.0,0.5,0.16666666666666666,2.1666666666666665,1.0,1.4722222222222223,0.0,0.0
TE20*0100*2001*01_A1,30.0,8,1.0,0.375,0.125,0.25,0.0,0.25,0.0,0.5,0.25,0.25,0.5,0.25,2.625,1.0,2.484375,0.0,0.0
TE20*0100*2001*01_A3,30.0,7,1.0,0.2857142857142857,0.5714285714285714,0.14285714285714285,0.0,0.0,0.0,0.8571428571428571,0.14285714285714285,0.0,0.14285714285714285,0.0,1.8571428571428572,0.16666666666666666,0.4081632653061225,0.0,0.0
TE21*0100*2001*01_A1,27.0,12,1.0,0.16666666666666666,0.16666666666666666,0.4166666666666667,0.16666666666666666,0.0,0.08333333333333333,0.3333333333333333,0.5833333333333334,0.08333333333333333,0.6666666666666666,0.25,2.9166666666666665,2.0,1.7430555555555554,0.0,0.0
TE21*0100*2001*01_A2,27.0,6,1.0,0.3333333333333333,0.0,0.3333333333333333,0.16666666666666666,0.16666666666666666,0.0,0.3333333333333333,0.5,0.16666666666666666,0.6666666666666666,0.3333333333333333,2.8333333333333335,2.0,2.138888888888889,0.16666666666666666,0.16666666666666666
TE22*0100*2001*01_A1,20.0,9,1.0,0.4444444444444444,0.2222222222222222,0.1111111111111111,0.2222222222222222,0.0,0.0,0.6666666666666666,0.3333333333333333,0.0,0.3333333333333333,0.2222222222222222,2.111111111111111,0.5,1.432098765432099,0.0,0.1111111111111111
TE22*0100*2001*01_A3,20.0,7,1.0,0.14285714285714285,0.14285714285714285,0.2857142857142857,0.14285714285714285,0.2857142857142857,0.0,0.2857142857142857,0.42857142857142855,0.2857142857142857,0.7142857142857143,0.42857142857142855,3.2857142857142856,2.5,1.9183673469387756,0.14285714285714285,0.0
TE23*0100*2001*01_A1,21.0,9,1.0,0.1111111111111111,0.1111111111111111,0.2222222222222222,0.3333333333333333,0.1111111111111111,0.1111111111111111,0.2222222222222222,0.5555555555555556,0.2222222222222222,0.7777777777777778,0.5555555555555556,3.5555555555555554,3.5,2.0246913580246915,0.1111111111111111,0.1111111111111111
TE23*0100*2001*01_A3,21.0,8,1.0,0.125,0.125,0.125,0.625,0.0,0.0,0.25,0.75,0.0,0.75,0.625,3.25,3.0,1.1875,0.0,0.25
TE24*0100*2001*01_A1,21.0,7,1.0,0.14285714285714285,0.2857142857142857,0.2857142857142857,0.2857142857142857,0.0,0.0,0.42857142857142855,0.5714285714285714,0.0,0.5714285714285714,0.2857142857142857,2.7142857142857144,1.3333333333333333,1.0612244897959184,0.14285714285714285,0.42857142857142855
TE24*0100*2001*01_A3,21.0,8,1.0,0.25,0.625,0.125,0.0,0.0,0.0,0.875,0.125,0.0,0.125,0.0,1.875,0.14285714285714285,0.359375,0.0,0.25
TE25*0100*2001*01_A1,26.0,9,1.0,0.4444444444444444,0.1111111111111111,0.3333333333333333,0.0,0.1111111111111111,0.0,0.5555555555555556,0.3333333333333333,0.1111111111111111,0.4444444444444444,0.1111111111111111,2.2222222222222223,0.8,1.728395061728395,0.0,0.1111111111111111
TE25*0100*2001*01_A3,26.0,4,1.0,0.25,0.25,0.25,0.0,0.0,0.25,0.5,0.25,0.25,0.5,0.25,3.0,1.0,3.5,0.0,0.0
TE26*0100*2001*01_A1,22.0,9,1.0,0.0,0.7777777777777778,0.2222222222222222,0.0,0.0,0.0,0.7777777777777778,0.2222222222222222,0.0,0.2222222222222222,0.0,2.2222222222222223,0.2857142857142857,0.1728395061728395,0.0,0.2222222222222222
TE26*0100*2001*01_A2,22.0,10,0.9,0.3333333333333333,0.2222222222222222,0.3333333333333333,0.0,0.1111111111111111,0.0,0.5555555555555556,0.3333333333333333,0.1111111111111111,0.4444444444444444,0.1111111111111111,2.3333333333333335,0.8,1.5555555555555556,0.1,0.2
TE27*0100*2001*01_A1,24.0,6,1.0,0.6666666666666666,0.0,0.16666666666666666,0.0,0.16666666666666666,0.0,0.6666666666666666,0.16666666666666666,0.16666666666666666,0.3333333333333333,0.16666666666666666,2.0,0.5,2.3333333333333335,0.0,0.16666666666666666
TE27*0100*2001*01_A3,24.0,6,0.8333333333333334,0.8,0.0,0.0,0.2,0.0,0.0,0.8,0.2,0.0,0.2,0.2,1.6,0.25,1.44,0.0,0.16666666666666666
TE28*0100*2001*01_A1,38.0,7,1.0,0.5714285714285714,0.14285714285714285,0.2857142857142857,0.0,0.0,0.0,0.7142857142857143,0.2857142857142857,0.0,0.2857142857142857,0.0,1.7142857142857142,0.4,0.7755102040816327,0.2857142857142857,0.14285714285714285
TE28*0100*2001*01_A3,38.0,6,1.0,0.3333333333333333,0.16666666666666666,0.16666666666666666,0.16666666666666666,0.0,0.16666666666666666,0.5,0.3333333333333333,0.16666666666666666,0.5,0.3333333333333333,2.8333333333333335,1.0,3.138888888888889,0.0,0.0
TE29*0100*2001*01_A1,30.0,11,1.0,0.09090909090909091,0.09090909090909091,0.6363636363636364,0.09090909090909091,0.09090909090909091,0.0,0.18181818181818182,0.7272727272727273,0.09090909090909091,0.8181818181818182,0.18181818181818182,3.0,4.5,0.9090909090909091,0.18181818181818182,0.0
TE29*0100*2001*01_A2,30.0,8,1.0,0.125,0.25,0.125,0.25,0.125,0.125,0.375,0.375,0.25,0.625,0.5,3.375,1.6666666666666667,2.484375,0.0,0.0
TE30*0100*2001*01_A1,24.0,7,1.0,0.14285714285714285,0.14285714285714285,0.2857142857142857,0.42857142857142855,0.0,0.0,0.2857142857142857,0.7142857142857143,0.0,0.7142857142857143,0.42857142857142855,3.0,2.5,1.1428571428571428,0.0,0.0
TE30*0100*2001*01_A2,24.0,6,1.0,0.6666666666666666,0.0,0.3333333333333333,0.0,0.0,0.0,0.6666666666666666,0.3333333333333333,0.0,0.3333333333333333,0.0,1.6666666666666667,0.5,0.888888888888889,0.0,0.0
TE31*0100*2001*01_A1,23.0,11,1.0,0.7272727272727273,0.0,0.18181818181818182,0.0,0.0,0.09090909090909091,0.7272727272727273,0.18181818181818182,0.09090909090909091,0.2727272727272727,0.09090909090909091,1.8181818181818181,0.375,2.330578512396694,0.09090909090909091,0.0
TE31*0100*2001*01_A3,23.0,10,1.0,0.2,0.2,0.3,0.1,0.2,0.0,0.4,0.4,0.2,0.6,0.3,2.9,1.5,1.89,0.0,0.0
TE32*0100*2001*01_A1,22.0,8,1.0,0.125,0.25,0.5,0.0,0.0,0.125,0.375,0.5,0.125,0.625,0.125,2.875,1.6666666666666667,1.859375,0.25,0.0
TE32*0100*2001*01_A3,22.0,13,1.0,0.0,0.3076923076923077,0.15384615384615385,0.46153846153846156,0.0,0.07692307692307693,0.3076923076923077,0.6153846153846154,0.07692307692307693,0.6923076923076923,0.5384615384615384,3.3846153846153846,2.25,1.313609467455621,0.07692307692307693,0.07692307692307693
TE33*0100*2001*01_A1,23.0,2,1.0,0.5,0.0,0.0,0.5,0.0,0.0,0.5,0.5,0.0,0.5,0.5,2.5,1.0,2.25,0.0,0.0
TE33*0100*2001*01_A3,23.0,4,1.0,0.25,0.0,0.5,0.0,0.25,0.0,0.25,0.5,0.25,0.75,0.25,3.0,3.0,2.0,0.0,0.25
TE34*0100*2001*01_A1,39.0,9,1.0,0.0,0.4444444444444444,0.3333333333333333,0.1111111111111111,0.0,0.1111111111111111,0.4444444444444444,0.4444444444444444,0.1111111111111111,0.5555555555555556,0.2222222222222222,3.0,1.25,1.5555555555555556,0.1111111111111111,0.1111111111111111
TE34*0100*2001*01_A2,39.0,17,0.9411764705882353,0.0625,0.3125,0.125,0.3125,0.0,0.1875,0.375,0.4375,0.1875,0.625,0.5,3.4375,1.6666666666666667,2.37109375,0.17647058823529413,0.17647058823529413
TE35*0100*2001*01_A1,34.0,7,1.0,0.2857142857142857,0.42857142857142855,0.14285714285714285,0.14285714285714285,0.0,0.0,0.7142857142857143,0.2857142857142857,0.0,0.2857142857142857,0.14285714285714285,2.142857142857143,0.4,0.9795918367346939,0.0,0.0
TE35*0100*2001*01_A3,34.0,11,1.0,0.09090909090909091,0.5454545454545454,0.09090909090909091,0.18181818181818182,0.0,0.09090909090909091,0.6363636363636364,0.2727272727272727,0.09090909090909091,0.36363636363636365,0.2727272727272727,2.727272727272727,0.5714285714285714,1.8347107438016528,0.0,0.2727272727272727
TE95*0100*2001*01_A1,27.0,5,1.0,0.0,0.2,0.4,0.2,0.2,0.0,0.2,0.6,0.2,0.8,0.4,3.4,4.0,1.0400000000000003,0.0,0.0
TE95*0100*2001*01_A2,27.0,7,1.0,0.42857142857142855,0.0,0.14285714285714285,0.42857142857142855,0.0,0.0,0.42857142857142855,0.5714285714285714,0.0,0.5714285714285714,0.42857142857142855,2.5714285714285716,1.3333333333333333,1.9591836734693877,0.14285714285714285,0.14285714285714285
TE36*0100*2001*01_A1,37.0,12,1.0,0.16666666666666666,0.3333333333333333,0.3333333333333333,0.08333333333333333,0.0,0.08333333333333333,0.5,0.4166666666666667,0.08333333333333333,0.5,0.16666666666666666,2.6666666666666665,1.0,1.722222222222222,0.16666666666666666,0.16666666666666666
TE36*0100*2001*01_A3,37.0,12,1.0,0.16666666666666666,0.16666666666666666,0.4166666666666667,0.16666666666666666,0.0,0.08333333333333333,0.3333333333333333,0.5833333333333334,0.08333333333333333,0.6666666666666666,0.25,2.9166666666666665,2.0,1.7430555555555554,0.08333333333333333,0.0
TE37*0100*2001*01_A1,31.0,6,1.0,0.16666666666666666,0.3333333333333333,0.3333333333333333,0.0,0.0,0.16666666666666666,0.5,0.3333333333333333,0.16666666666666666,0.5,0.16666666666666666,2.8333333333333335,1.0,2.4722222222222223,0.16666666666666666,0.0
TE37*0100*2001*01_A3,31.0,5,1.0,0.6,0.0,0.2,0.2,0.0,0.0,0.6,0.4,0.0,0.4,0.2,2.0,0.6666666666666666,1.6,0.2,0.2
TE38*0100*2001*01_A1,28.0,12,1.0,0.25,0.0,0.5833333333333334,0.0,0.0,0.16666666666666666,0.25,0.5833333333333334,0.16666666666666666,0.75,0.16666666666666666,3.0,3.0,2.5,0.16666666666666666,0.08333333333333333
TE38*0100*2001*01_A4,28.0,6,1.0,0.16666666666666666,0.16666666666666666,0.3333333333333333,0.3333333333333333,0.0,0.0,0.3333333333333333,0.6666666666666666,0.0,0.6666666666666666,0.3333333333333333,2.8333333333333335,2.0,1.1388888888888888,0.0,0.16666666666666666
TE39*0100*2001*01_A1,26.0,7,1.0,0.2857142857142857,0.42857142857142855,0.2857142857142857,0.0,0.0,0.0,0.7142857142857143,0.2857142857142857,0.0,0.2857142857142857,0.0,2.0,0.4,0.5714285714285714,0.0,0.0
TE39*0100*2001*01_A2,26.0,12,1.0,0.25,0.16666666666666666,0.4166666666666667,0.08333333333333333,0.0,0.08333333333333333,0.4166666666666667,0.5,0.08333333333333333,0.5833333333333334,0.16666666666666666,2.6666666666666665,1.4,1.888888888888889,0.16666666666666666,0.0
TE40*0100*2001*01_A1,34.0,10,1.0,0.0,0.5,0.4,0.0,0.0,0.1,0.5,0.4,0.1,0.5,0.1,2.8,1.0,1.3600000000000003,0.2,0.1
TE40*0100*2001*01_A2,34.0,10,1.0,0.2,0.4,0.2,0.1,0.1,0.0,0.6,0.3,0.1,0.4,0.2,2.5,0.6666666666666666,1.45,0.0,0.0
TE41*0100*2001*01_A1,26.0,10,0.9,0.2222222222222222,0.4444444444444444,0.2222222222222222,0.1111111111111111,0.0,0.0,0.6666666666666666,0.3333333333333333,0.0,0.3333333333333333,0.1111111111111111,2.2222222222222223,0.5,0.8395061728395061,0.2,0.2
TE41*0100*2001*01_A3,26.0,12,1.0,0.3333333333333333,0.25,0.08333333333333333,0.16666666666666666,0.0,0.16666666666666666,0.5833333333333334,0.25,0.16666666666666666,0.4166666666666667,0.3333333333333333,2.75,0.7142857142857143,3.1875,0.08333333333333333,0.16666666666666666
TE42*0100*2001*01_A1,34.0,12,0.9166666666666666,0.18181818181818182,0.36363636363636365,0.18181818181818182,0.18181818181818182,0.09090909090909091,0.0,0.5454545454545454,0.36363636363636365,0.09090909090909091,0.45454545454545453,0.2727272727272727,2.6363636363636362,0.8333333333333334,1.5041322314049588,0.08333333333333333,0.16666666666666666
TE42*0100*2001*01_A3,34.0,7,1.0,0.14285714285714285,0.42857142857142855,0.2857142857142857,0.14285714285714285,0.0,0.0,0.5714285714285714,0.42857142857142855,0.0,0.42857142857142855,0.14285714285714285,2.4285714285714284,0.75,0.816326530612245,0.0,0.14285714285714285
TE43*0100*2001*01_A1,19.0,9,1.0,0.4444444444444444,0.0,0.4444444444444444,0.1111111111111111,0.0,0.0,0.4444444444444444,0.5555555555555556,0.0,0.5555555555555556,0.1111111111111111,2.2222222222222223,1.25,1.2839506172839505,0.0,0.1111111111111111
TE43*0100*2001*01_A3,19.0,9,1.0,0.1111111111111111,0.4444444444444444,0.1111111111111111,0.2222222222222222,0.1111111111111111,0.0,0.5555555555555556,0.3333333333333333,0.1111111111111111,0.4444444444444444,0.3333333333333333,2.7777777777777777,0.8,1.506172839506173,0.0,0.0
TE44*0100*2001*01_A1,26.0,11,1.0,0.2727272727272727,0.36363636363636365,0.2727272727272727,0.0,0.0,0.09090909090909091,0.6363636363636364,0.2727272727272727,0.09090909090909091,0.36363636363636365,0.09090909090909091,2.3636363636363638,0.5714285714285714,1.867768595041322,0.0,0.18181818181818182
TE44*0100*2001*01_A3,26.0,6,1.0,0.3333333333333333,0.16666666666666666,0.3333333333333333,0.0,0.0,0.16666666666666666,0.5,0.3333333333333333,0.16666666666666666,0.5,0.16666666666666666,2.6666666666666665,1.0,2.888888888888889,0.0,0.0
TE45*0100*2001*01_A1,31.0,12,1.0,0.16666666666666666,0.25,0.4166666666666667,0.08333333333333333,0.08333333333333333,0.0,0.4166666666666667,0.5,0.08333333333333333,0.5833333333333334,0.16666666666666666,2.6666666666666665,1.4,1.222222222222222,0.08333333333333333,0.08333333333333333
TE45*0100*2001*01_A3,31.0,18,1.0,0.05555555555555555,0.16666666666666666,0.4444444444444444,0.2222222222222222,0.05555555555555555,0.05555555555555555,0.2222222222222222,0.6666666666666666,0.1111111111111111,0.7777777777777778,0.3333333333333333,3.2222222222222223,3.5,1.2839506172839505,0.0,0.1111111111111111
TE46*0100*2001*01_A1,18.0,6,1.0,0.5,0.0,0.5,0.0,0.0,0.0,0.5,0.5,0.0,0.5,0.0,2.0,1.0,1.0,0.0,0.0
TE46*0100*2001*01_A2,18.0,6,1.0,0.6666666666666666,0.0,0.16666666666666666,0.16666666666666666,0.0,0.0,0.6666666666666666,0.3333333333333333,0.0,0.3333333333333333,0.16666666666666666,1.8333333333333333,0.5,1.4722222222222223,0.0,0.0
TE47*0100*2001*01_A1,19.0,9,1.0,0.2222222222222222,0.2222222222222222,0.3333333333333333,0.2222222222222222,0.0,0.0,0.4444444444444444,0.5555555555555556,0.0,0.5555555555555556,0.2222222222222222,2.5555555555555554,1.25,1.1358024691358024,0.0,0.0
TE47*0100*2001*01_A2,19.0,7,1.0,0.14285714285714285,0.0,0.5714285714285714,0.2857142857142857,0.0,0.0,0.14285714285714285,0.8571428571428571,0.0,0.8571428571428571,0.2857142857142857,3.0,6.0,0.8571428571428571,0.0,0.0
TE48*0100*2001*01_A1,25.0,9,1.0,0.0,0.7777777777777778,0.2222222222222222,0.0,0.0,0.0,0.7777777777777778,0.2222222222222222,0.0,0.2222222222222222,0.0,2.2222222222222223,0.2857142857142857,0.1728395061728395,0.1111111111111111,0.0
TE48*0100*2001*01_A3,25.0,9,1.0,0.1111111111111111,0.2222222222222222,0.2222222222222222,0.4444444444444444,0.0,0.0,0.3333333333333333,0.6666666666666666,0.0,0.6666666666666666,0.4444444444444444,3.0,2.0,1.1111111111111112,0.0,0.0
TE49*0100*2001*01_A1,26.0,7,1.0,0.14285714285714285,0.14285714285714285,0.14285714285714285,0.5714285714285714,0.0,0.0,0.2857142857142857,0.7142857142857143,0.0,0.7142857142857143,0.5714285714285714,3.142857142857143,2.5,1.2653061224489794,0.0,0.0
TE49*0100*2001*01_A2,26.0,7,1.0,0.2857142857142857,0.14285714285714285,0.14285714285714285,0.14285714285714285,0.2857142857142857,0.0,0.42857142857142855,0.2857142857142857,0.2857142857142857,0.5714285714285714,0.42857142857142855,3.0,1.3333333333333333,2.5714285714285716,0.0,0.0
TE50*0100*2001*01_A1,29.0,6,0.8333333333333334,0.2,0.2,0.2,0.4,0.0,0.0,0.4,0.6,0.0,0.6,0.4,2.8,1.5,1.3599999999999999,0.16666666666666666,0.16666666666666666
TE50*0100*2001*01_A3,29.0,10,1.0,0.1,0.2,0.2,0.3,0.2,0.0,0.3,0.5,0.2,0.7,0.5,3.3,2.3333333333333335,1.61,0.2,0.0
TE51*0100*2001*01_A1,18.0,5,1.0,0.2,0.4,0.0,0.2,0.0,0.2,0.6,0.2,0.2,0.4,0.4,3.0,0.6666666666666666,3.2,0.2,0.0
TE51*0100*2001*01_A2,18.0,5,0.8,0.75,0.25,0.0,0.0,0.0,0.0,1.0,0.0,0.0,0.0,0.0,1.25,0.0,0.1875,0.2,0.4
TE52*0100*2001*01_A1,27.0,8,1.0,0.125,0.25,0.25,0.125,0.125,0.125,0.375,0.375,0.25,0.625,0.375,3.25,1.6666666666666667,2.4375,0.125,0.125
TE52*0100*2001*01_A2,27.0,5,1.0,0.0,0.4,0.6,0.0,0.0,0.0,0.4,0.6,0.0,0.6,0.0,2.6,1.5,0.24,0.0,0.0
TE53*0100*2001*01_A1,35.0,8,1.0,0.0,0.125,0.5,0.0,0.0,0.375,0.125,0.5,0.375,0.875,0.375,4.0,7.0,2.5,0.125,0.0
TE53*0100*2001*01_A3,35.0,14,0.9285714285714286,0.15384615384615385,0.38461538461538464,0.23076923076923078,0.23076923076923078,0.0,0.0,0.5384615384615384,0.46153846153846156,0.0,0.46153846153846156,0.23076923076923078,2.5384615384615383,0.8571428571428571,1.017751479289941,0.14285714285714285,0.21428571428571427
TE54*0100*2001*01_A1,22.0,4,1.0,0.25,0.0,0.5,0.25,0.0,0.0,0.25,0.75,0.0,0.75,0.25,2.75,3.0,1.1875,0.0,0.0
TE54*0100*2001*01_A2,22.0,9,1.0,0.2222222222222222,0.2222222222222222,0.5555555555555556,0.0,0.0,0.0,0.4444444444444444,0.5555555555555556,0.0,0.5555555555555556,0.0,2.3333333333333335,1.25,0.6666666666666666,0.0,0.1111111111111111
TE55*0100*2001*01_A1,36.0,14,0.9285714285714286,0.23076923076923078,0.0,0.46153846153846156,0.23076923076923078,0.07692307692307693,0.0,0.23076923076923078,0.6923076923076923,0.07692307692307693,0.7692307692307693,0.3076923076923077,2.923076923076923,3.3333333333333335,1.455621301775148,0.0,0.14285714285714285
TE55*0100*2001*01_A3,36.0,14,1.0,0.07142857142857142,0.21428571428571427,0.2857142857142857,0.42857142857142855,0.0,0.0,0.2857142857142857,0.7142857142857143,0.0,0.7142857142857143,0.42857142857142855,3.0714285714285716,2.5,0.923469387755102,0.0,0.0
TE96*0100*2001*01_A1,30.0,12,1.0,0.3333333333333333,0.0,0.5,0.16666666666666666,0.0,0.0,0.3333333333333333,0.6666666666666666,0.0,0.6666666666666666,0.16666666666666666,2.5,2.0,1.25,0.0,0.0
TE96*0100*2001*01_A3,30.0,11,1.0,0.36363636363636365,0.18181818181818182,0.09090909090909091,0.2727272727272727,0.0,0.09090909090909091,0.5454545454545454,0.36363636363636365,0.09090909090909091,0.45454545454545453,0.36363636363636365,2.6363636363636362,0.8333333333333334,2.59504132231405,0.09090909090909091,0.0
TE56*0100*2001*01_A1,14.0,7,1.0,0.2857142857142857,0.14285714285714285,0.14285714285714285,0.14285714285714285,0.0,0.2857142857142857,0.42857142857142855,0.2857142857142857,0.2857142857142857,0.5714285714285714,0.42857142857142855,3.2857142857142856,1.3333333333333333,3.9183673469387754,0.14285714285714285,0.0
TE56*0100*2001*01_A4,14.0,3,1.0,0.3333333333333333,0.3333333333333333,0.3333333333333333,0.0,0.0,0.0,0.6666666666666666,0.3333333333333333,0.0,0.3333333333333333,0.0,2.0,0.5,0.6666666666666666,0.3333333333333333,0.3333333333333333
TE57*0100*2001*01_A1,24.0,3,0.6666666666666666,0.5,0.0,0.5,0.0,0.0,0.0,0.5,0.5,0.0,0.5,0.0,2.0,1.0,1.0,0.0,0.3333333333333333
TE57*0100*2001*01_A2,24.0,7,1.0,0.42857142857142855,0.0,0.2857142857142857,0.14285714285714285,0.14285714285714285,0.0,0.42857142857142855,0.42857142857142855,0.14285714285714285,0.5714285714285714,0.2857142857142857,2.5714285714285716,1.3333333333333333,2.2448979591836737,0.0,0.0
TE58*0100*2001*01_A1,29.0,7,0.8571428571428571,0.16666666666666666,0.0,0.16666666666666666,0.5,0.0,0.16666666666666666,0.16666666666666666,0.6666666666666666,0.16666666666666666,0.8333333333333334,0.6666666666666666,3.6666666666666665,5.0,2.2222222222222228,0.14285714285714285,0.14285714285714285
TE58*0100*2001*01_A3,29.0,8,0.875,0.2857142857142857,0.14285714285714285,0.14285714285714285,0.2857142857142857,0.14285714285714285,0.0,0.42857142857142855,0.42857142857142855,0.14285714285714285,0.5714285714285714,0.42857142857142855,2.857142857142857,1.3333333333333333,2.1224489795918364,0.25,0.125
TE59*0100*2001*01_A1,28.0,8,0.75,0.16666666666666666,0.16666666666666666,0.5,0.0,0.0,0.16666666666666666,0.3333333333333333,0.5,0.16666666666666666,0.6666666666666666,0.16666666666666666,3.0,2.0,2.3333333333333335,0.25,0.25
TE59*0100*2001*01_A2,28.0,8,1.0,0.375,0.375,0.125,0.125,0.0,0.0,0.75,0.25,0.0,0.25,0.125,2.0,0.3333333333333333,1.0,0.0,0.125
TE60*0100*2001*01_A1,25.0,12,1.0,0.4166666666666667,0.08333333333333333,0.4166666666666667,0.08333333333333333,0.0,0.0,0.5,0.5,0.0,0.5,0.08333333333333333,2.1666666666666665,1.0,1.1388888888888886,0.0,0.08333333333333333
TE60*0100*2001*01_A2,25.0,8,0.875,0.14285714285714285,0.14285714285714285,0.14285714285714285,0.0,0.14285714285714285,0.42857142857142855,0.2857142857142857,0.14285714285714285,0.5714285714285714,0.7142857142857143,0.5714285714285714,4.142857142857143,2.5,3.8367346938775513,0.125,0.125
TE61*0100*2001*01_A1,37.0,16,1.0,0.1875,0.125,0.25,0.3125,0.0,0.125,0.3125,0.5625,0.125,0.6875,0.4375,3.1875,2.2,2.27734375,0.125,0.0
TE61*0100*2001*01_A2,37.0,11,1.0,0.2727272727272727,0.2727272727272727,0.09090909090909091,0.2727272727272727,0.09090909090909091,0.0,0.5454545454545454,0.36363636363636365,0.09090909090909091,0.45454545454545453,0.36363636363636365,2.6363636363636362,0.8333333333333334,1.8677685950413225,0.0,0.09090909090909091
TE62*0100*2001*01_A1,24.0,13,1.0,0.3076923076923077,0.07692307692307693,0.3076923076923077,0.3076923076923077,0.0,0.0,0.38461538461538464,0.6153846153846154,0.0,0.6153846153846154,0.3076923076923077,2.6153846153846154,1.6,1.4674556213017749,0.15384615384615385,0.0
TE62*0100*2001*01_A3,24.0,14,1.0,0.14285714285714285,0.2857142857142857,0.35714285714285715,0.0,0.07142857142857142,0.14285714285714285,0.42857142857142855,0.35714285714285715,0.21428571428571427,0.5714285714285714,0.21428571428571427,3.0,1.3333333333333333,2.4285714285714284,0.07142857142857142,0.07142857142857142
TE63*0100*2001*01_A1,36.0,6,1.0,0.16666666666666666,0.16666666666666666,0.5,0.16666666666666666,0.0,0.0,0.3333333333333333,0.6666666666666666,0.0,0.6666666666666666,0.16666666666666666,2.6666666666666665,2.0,0.8888888888888888,0.0,0.0
TE63*0100*2001*01_A2,36.0,12,1.0,0.5,0.08333333333333333,0.25,0.16666666666666666,0.0,0.0,0.5833333333333334,0.4166666666666667,0.0,0.4166666666666667,0.16666666666666666,2.0833333333333335,0.7142857142857143,1.409722222222222,0.0,0.0
TE64*0100*2001*01_A1,13.0,11,1.0,0.09090909090909091,0.18181818181818182,0.45454545454545453,0.18181818181818182,0.09090909090909091,0.0,0.2727272727272727,0.6363636363636364,0.09090909090909091,0.7272727272727273,0.2727272727272727,3.0,2.6666666666666665,1.0909090909090908,0.0,0.09090909090909091
TE64*0100*2001*01_A3,13.0,7,0.8571428571428571,0.0,0.5,0.16666666666666666,0.0,0.16666666666666666,0.16666666666666666,0.5,0.16666666666666666,0.3333333333333333,0.5,0.3333333333333333,3.3333333333333335,1.0,2.555555555555556,0.0,0.14285714285714285
TE65*0100*2001*01_A1,23.0,11,1.0,0.2727272727272727,0.09090909090909091,0.36363636363636365,0.09090909090909091,0.0,0.18181818181818182,0.36363636363636365,0.45454545454545453,0.18181818181818182,0.6363636363636364,0.2727272727272727,3.0,1.75,2.909090909090909,0.2727272727272727,0.09090909090909091
TE65*0100*2001*01_A3,23.0,10,1.0,0.1,0.2,0.4,0.2,0.1,0.0,0.3,0.6,0.1,0.7,0.3,3.0,2.3333333333333335,1.2,0.2,0.0
TE66*0100*2001*01_A1,29.0,10,1.0,0.1,0.3,0.2,0.1,0.1,0.2,0.4,0.3,0.3,0.6,0.4,3.4,1.5,2.8400000000000003,0.2,0.0
TE66*0100*2001*01_A3,29.0,6,1.0,0.0,0.8333333333333334,0.0,0.16666666666666666,0.0,0.0,0.8333333333333334,0.16666666666666666,0.0,0.16666666666666666,0.16666666666666666,2.3333333333333335,0.2,0.5555555555555555,0.16666666666666666,0.6666666666666666
TE67*0100*2001*01_A1,31.0,9,0.7777777777777778,0.14285714285714285,0.5714285714285714,0.14285714285714285,0.0,0.0,0.14285714285714285,0.7142857142857143,0.14285714285714285,0.14285714285714285,0.2857142857142857,0.14285714285714285,2.5714285714285716,0.4,2.2448979591836737,0.1111111111111111,0.4444444444444444
TE67*0100*2001*01_A3,31.0,8,1.0,0.125,0.375,0.125,0.375,0.0,0.0,0.5,0.5,0.0,0.5,0.375,2.75,1.0,1.1875,0.0,0.125
TE68*0100*2001*01_A1,23.0,11,0.9090909090909091,0.3,0.3,0.2,0.2,0.0,0.0,0.6,0.4,0.0,0.4,0.2,2.3,0.6666666666666666,1.21,0.0,0.18181818181818182
TE68*0100*2001*01_A3,23.0,10,1.0,0.1,0.4,0.0,0.0,0.2,0.3,0.5,0.0,0.5,0.5,0.5,3.7,1.0,3.81,0.1,0.2
TE69*0100*2001*01_A1,28.0,4,1.0,0.0,0.5,0.0,0.25,0.0,0.25,0.5,0.25,0.25,0.5,0.5,3.5,1.0,2.75,0.25,0.0
TE69*0100*2001*01_A3,28.0,7,1.0,0.14285714285714285,0.0,0.42857142857142855,0.14285714285714285,0.2857142857142857,0.0,0.14285714285714285,0.5714285714285714,0.2857142857142857,0.8571428571428571,0.42857142857142855,3.4285714285714284,6.0,1.6734693877551017,0.14285714285714285,0.0
TE70*0100*2001*01_A1,26.0,5,1.0,0.0,0.2,0.4,0.2,0.0,0.2,0.2,0.6,0.2,0.8,0.4,3.6,4.0,1.8399999999999999,0.0,0.0
TE70*0100*2001*01_A3,26.0,5,1.0,0.2,0.2,0.4,0.0,0.0,0.2,0.4,0.4,0.2,0.6,0.2,3.0,1.5,2.8,0.0,0.2
TE71*0100*2001*01_A1,21.0,14,1.0,0.07142857142857142,0.35714285714285715,0.42857142857142855,0.07142857142857142,0.07142857142857142,0.0,0.42857142857142855,0.5,0.07142857142857142,0.5714285714285714,0.14285714285714285,2.7142857142857144,1.3333333333333333,0.9183673469387753,0.14285714285714285,0.0
TE71*0100*2001*01_A3,21.0,8,0.875,0.14285714285714285,0.2857142857142857,0.14285714285714285,0.42857142857142855,0.0,0.0,0.42857142857142855,0.5714285714285714,0.0,0.5714285714285714,0.42857142857142855,2.857142857142857,1.3333333333333333,1.2653061224489797,0.0,0.125
TE72*0100*2001*01_A1,38.0,11,1.0,0.18181818181818182,0.5454545454545454,0.09090909090909091,0.18181818181818182,0.0,0.0,0.7272727272727273,0.2727272727272727,0.0,0.2727272727272727,0.18181818181818182,2.272727272727273,0.375,0.9256198347107438,0.09090909090909091,0.09090909090909091
TE72*0100*2001*01_A3,38.0,11,1.0,0.18181818181818182,0.2727272727272727,0.18181818181818182,0.2727272727272727,0.09090909090909091,0.0,0.45454545454545453,0.45454545454545453,0.09090909090909091,0.5454545454545454,0.36363636363636365,2.8181818181818183,1.2,1.603305785123967,0.09090909090909091,0.09090909090909091
TE73*0100*2001*01_A1,32.0,7,1.0,0.7142857142857143,0.14285714285714285,0.0,0.0,0.0,0.14285714285714285,0.8571428571428571,0.0,0.14285714285714285,0.14285714285714285,0.14285714285714285,1.8571428571428572,0.16666666666666666,2.9795918367346927,0.0,0.14285714285714285
TE73*0100*2001*01_A2,32.0,11,1.0,0.2727272727272727,0.18181818181818182,0.2727272727272727,0.18181818181818182,0.0,0.09090909090909091,0.45454545454545453,0.45454545454545453,0.09090909090909091,0.5454545454545454,0.2727272727272727,2.727272727272727,1.2,2.1983471074380163,0.0,0.0
TE74*0100*2001*01_A1,29.0,6,0.8333333333333334,0.2,0.2,0.4,0.2,0.0,0.0,0.4,0.6,0.0,0.6,0.2,2.6,1.5,1.04,0.0,0.3333333333333333
TE74*0100*2001*01_A3,29.0,2,1.0,0.5,0.5,0.0,0.0,0.0,0.0,1.0,0.0,0.0,0.0,0.0,1.5,0.0,0.25,0.0,0.0
TE97*0100*2001*01_A1,34.0,5,1.0,0.2,0.6,0.0,0.2,0.0,0.0,0.8,0.2,0.0,0.2,0.2,2.2,0.25,0.96,0.2,0.2
TE97*0100*2001*01_A2,34.0,16,1.0,0.1875,0.3125,0.3125,0.0625,0.125,0.0,0.5,0.375,0.125,0.5,0.1875,2.625,1.0,1.484375,0.0625,0.25
TE75*0100*2001*01_A1,36.0,10,0.9,0.0,0.4444444444444444,0.5555555555555556,0.0,0.0,0.0,0.4444444444444444,0.5555555555555556,0.0,0.5555555555555556,0.0,2.5555555555555554,1.25,0.24691358024691354,0.1,0.2
TE75*0100*2001*01_A2,36.0,9,1.0,0.2222222222222222,0.0,0.1111111111111111,0.5555555555555556,0.0,0.1111111111111111,0.2222222222222222,0.6666666666666666,0.1111111111111111,0.7777777777777778,0.6666666666666666,3.4444444444444446,3.5,2.2469135802469133,0.0,0.1111111111111111
TE76*0100*2001*01_A1,40.0,18,0.9444444444444444,0.29411764705882354,0.29411764705882354,0.17647058823529413,0.17647058823529413,0.058823529411764705,0.0,0.5882352941176471,0.35294117647058826,0.058823529411764705,0.4117647058823529,0.23529411764705882,2.411764705882353,0.7,1.5363321799307958,0.0,0.1111111111111111
TE76*0100*2001*01_A3,40.0,19,1.0,0.10526315789473684,0.42105263157894735,0.2631578947368421,0.10526315789473684,0.05263157894736842,0.05263157894736842,0.5263157894736842,0.3684210526315789,0.10526315789473684,0.47368421052631576,0.21052631578947367,2.736842105263158,0.9,1.562326869806094,0.0,0.15789473684210525
TE77*0100*2001*01_A1,29.0,10,1.0,0.6,0.2,0.2,0.0,0.0,0.0,0.8,0.2,0.0,0.2,0.0,1.6,0.25,0.64,0.0,0.1
TE77*0100*2001*01_A3,29.0,10,1.0,0.1,0.3,0.1,0.4,0.1,0.0,0.4,0.5,0.1,0.6,0.5,3.1,1.5,1.4900000000000002,0.1,0.0
TE78*0100*2001*01_A1,34.0,14,1.0,0.21428571428571427,0.21428571428571427,0.14285714285714285,0.21428571428571427,0.07142857142857142,0.14285714285714285,0.42857142857142855,0.35714285714285715,0.21428571428571427,0.5714285714285714,0.42857142857142855,3.142857142857143,1.3333333333333333,2.8367346938775513,0.07142857142857142,0.0
TE78*0100*2001*01_A2,34.0,11,0.9090909090909091,0.2,0.5,0.1,0.1,0.1,0.0,0.7,0.2,0.1,0.3,0.2,2.4,0.42857142857142855,1.44,0.0,0.09090909090909091
TE79*0100*2001*01_A1,36.0,11,1.0,0.2727272727272727,0.2727272727272727,0.36363636363636365,0.09090909090909091,0.0,0.0,0.5454545454545454,0.45454545454545453,0.0,0.45454545454545453,0.09090909090909091,2.272727272727273,0.8333333333333334,0.9256198347107438,0.0,0.0
TE79*0100*2001*01_A3,36.0,9,1.0,0.1111111111111111,0.5555555555555556,0.1111111111111111,0.2222222222222222,0.0,0.0,0.6666666666666666,0.3333333333333333,0.0,0.3333333333333333,0.2222222222222222,2.4444444444444446,0.5,0.9135802469135802,0.1111111111111111,0.0
TE80*0100*2001*01_A1,37.0,11,1.0,0.18181818181818182,0.18181818181818182,0.18181818181818182,0.09090909090909091,0.18181818181818182,0.18181818181818182,0.36363636363636365,0.2727272727272727,0.36363636363636365,0.6363636363636364,0.45454545454545453,3.4545454545454546,1.75,3.15702479338843,0.18181818181818182,0.0
TE80*0100*2001*01_A3,37.0,13,1.0,0.07692307692307693,0.46153846153846156,0.07692307692307693,0.3076923076923077,0.0,0.07692307692307693,0.5384615384615384,0.38461538461538464,0.07692307692307693,0.46153846153846156,0.38461538461538464,2.923076923076923,0.8571428571428571,1.763313609467456,0.15384615384615385,0.0
TE81*0100*2001*01_A1,17.0,5,1.0,0.4,0.2,0.2,0.2,0.0,0.0,0.6,0.4,0.0,0.4,0.2,2.2,0.6666666666666666,1.3599999999999999,0.0,0.0
TE81*0100*2001*01_A3,17.0,5,1.0,0.2,0.4,0.2,0.2,0.0,0.0,0.6,0.4,0.0,0.4,0.2,2.4,0.6666666666666666,1.04,0.2,0.0
TE82*0100*2001*01_A1,32.0,9,1.0,0.3333333333333333,0.1111111111111111,0.3333333333333333,0.0,0.0,0.2222222222222222,0.4444444444444444,0.3333333333333333,0.2222222222222222,0.5555555555555556,0.2222222222222222,2.888888888888889,1.25,3.432098765432099,0.1111111111111111,0.0
TE82*0100*2001*01_A3,32.0,16,1.0,0.125,0.375,0.125,0.3125,0.0,0.0625,0.5,0.4375,0.0625,0.5,0.375,2.875,1.0,1.734375,0.1875,0.0625
TE83*0100*2001*01_A1,25.0,14,1.0,0.35714285714285715,0.42857142857142855,0.07142857142857142,0.14285714285714285,0.0,0.0,0.7857142857142857,0.21428571428571427,0.0,0.21428571428571427,0.14285714285714285,2.0,0.2727272727272727,1.0,0.0,0.0
TE83*0100*2001*01_A3,25.0,11,1.0,0.45454545454545453,0.2727272727272727,0.18181818181818182,0.09090909090909091,0.0,0.0,0.7272727272727273,0.2727272727272727,0.0,0.2727272727272727,0.09090909090909091,1.9090909090909092,0.375,0.9917355371900826,0.09090909090909091,0.0
TE84*0100*2001*01_A1,25.0,10,1.0,0.3,0.2,0.3,0.1,0.0,0.1,0.5,0.4,0.1,0.5,0.2,2.6,1.0,2.24,0.3,0.0
TE84*0100*2001*01_A2,25.0,5,1.0,0.2,0.0,0.2,0.6,0.0,0.0,0.2,0.8,0.0,0.8,0.6,3.2,4.0,1.3599999999999999,0.2,0.0
TE85*0100*2001*01_A1,36.0,19,0.9473684210526315,0.2222222222222222,0.16666666666666666,0.3888888888888889,0.1111111111111111,0.05555555555555555,0.05555555555555555,0.3888888888888889,0.5,0.1111111111111111,0.6111111111111112,0.2222222222222222,2.7777777777777777,1.5714285714285714,1.8395061728395063,0.10526315789473684,0.05263157894736842
TE85*0100*2001*01_A2,36.0,14,0.9285714285714286,0.38461538461538464,0.07692307692307693,0.3076923076923077,0.0,0.23076923076923078,0.0,0.46153846153846156,0.3076923076923077,0.23076923076923078,0.5384615384615384,0.23076923076923078,2.6153846153846154,1.1666666666666667,2.3905325443786984,0.14285714285714285,0.07142857142857142
TE86*0100*2001*01_A1,31.0,7,1.0,0.0,0.5714285714285714,0.42857142857142855,0.0,0.0,0.0,0.5714285714285714,0.42857142857142855,0.0,0.42857142857142855,0.0,2.4285714285714284,0.75,0.24489795918367346,0.2857142857142857,0.2857142857142857
TE86*0100*2001*01_A2,31.0,12,0.9166666666666666,0.18181818181818182,0.18181818181818182,0.36363636363636365,0.2727272727272727,0.0,0.0,0.36363636363636365,0.6363636363636364,0.0,0.6363636363636364,0.2727272727272727,2.727272727272727,1.75,1.1074380165289255,0.16666666666666666,0.16666666666666666
TE87*0100*2001*01_A1,27.0,12,1.0,0.16666666666666666,0.4166666666666667,0.3333333333333333,0.08333333333333333,0.0,0.0,0.5833333333333334,0.4166666666666667,0.0,0.4166666666666667,0.08333333333333333,2.3333333333333335,0.7142857142857143,0.7222222222222222,0.0,0.08333333333333333
TE87*0100*2001*01_A2,27.0,9,1.0,0.5555555555555556,0.1111111111111111,0.1111111111111111,0.1111111111111111,0.1111111111111111,0.0,0.6666666666666666,0.2222222222222222,0.1111111111111111,0.3333333333333333,0.2222222222222222,2.111111111111111,0.5,2.0987654320987654,0.1111111111111111,0.0
TE88*0100*2001*01_A1,19.0,7,1.0,0.42857142857142855,0.2857142857142857,0.2857142857142857,0.0,0.0,0.0,0.7142857142857143,0.2857142857142857,0.0,0.2857142857142857,0.0,1.8571428571428572,0.4,0.6938775510204082,0.2857142857142857,0.14285714285714285
TE88*0100*2001*01_A3,19.0,9,1.0,0.1111111111111111,0.3333333333333333,0.5555555555555556,0.0,0.0,0.0,0.4444444444444444,0.5555555555555556,0.0,0.5555555555555556,0.0,2.4444444444444446,1.25,0.4691358024691357,0.0,0.0
TE89*0100*2001*01_A1,28.0,10,1.0,0.2,0.4,0.3,0.1,0.0,0.0,0.6,0.4,0.0,0.4,0.1,2.3,0.6666666666666666,0.8099999999999999,0.0,0.0
TE89*0100*2001*01_A2,28.0,5,1.0,0.2,0.2,0.2,0.4,0.0,0.0,0.4,0.6,0.0,0.6,0.4,2.8,1.5,1.3599999999999999,0.0,0.0
TE90*0100*2001*01_A1,20.0,9,1.0,0.1111111111111111,0.4444444444444444,0.4444444444444444,0.0,0.0,0.0,0.5555555555555556,0.4444444444444444,0.0,0.4444444444444444,0.0,2.3333333333333335,0.8,0.4444444444444444,0.0,0.1111111111111111
TE90*0100*2001*01_A3,20.0,12,1.0,0.0,0.4166666666666667,0.5,0.08333333333333333,0.0,0.0,0.4166666666666667,0.5833333333333334,0.0,0.5833333333333334,0.08333333333333333,2.6666666666666665,1.4,0.3888888888888889,0.0,0.0
TE91*0100*2001*01_A1,25.0,4,1.0,0.25,0.0,0.25,0.25,0.0,0.25,0.25,0.5,0.25,0.75,0.5,3.5,3.0,3.25,0.0,0.0
TE91*0100*2001*01_A2,25.0,4,1.0,0.25,0.0,0.5,0.0,0.0,0.25,0.25,0.5,0.25,0.75,0.25,3.25,3.0,3.1875,0.0,0.0
TE92*0100*2001*01_A1,23.0,16,1.0,0.3125,0.0625,0.4375,0.0625,0.0625,0.0625,0.375,0.5,0.125,0.625,0.1875,2.6875,1.6666666666666667,2.08984375,0.0625,0.0625
TE92*0100*2001*01_A3,23.0,16,1.0,0.25,0.3125,0.1875,0.1875,0.0625,0.0,0.5625,0.375,0.0625,0.4375,0.25,2.5,0.7777777777777778,1.5,0.0625,0.1875
TE93*0100*2001*01_A1,22.0,8,1.0,0.25,0.625,0.125,0.0,0.0,0.0,0.875,0.125,0.0,0.125,0.0,1.875,0.14285714285714285,0.359375,0.0,0.125
TE93*0100*2001*01_A2,22.0,8,1.0,0.375,0.0,0.25,0.0,0.0,0.375,0.375,0.25,0.375,0.625,0.375,3.375,1.6666666666666667,4.734375,0.125,0.0
TE94*0100*2001*01_A1,23.0,6,1.0,0.16666666666666666,0.3333333333333333,0.16666666666666666,0.16666666666666666,0.0,0.16666666666666666,0.5,0.3333333333333333,0.16666666666666666,0.5,0.3333333333333333,3.0,1.0,2.6666666666666665,0.16666666666666666,0.16666666666666666
TE94*0100*2001*01_A2,23.0,4,1.0,0.25,0.0,0.0,0.5,0.25,0.0,0.25,0.5,0.25,0.75,0.75,3.5,3.0,2.25,0.0,0.0
TR447*0101*2000*01_A1,28.0,5,0.8,0.0,0.0,0.75,0.25,0.0,0.0,0.0,1.0,0.0,1.0,0.25,3.25,nan,0.1875,0.4,0.4
TR447*0101*2000*01_A2,28.0,6,1.0,0.16666666666666666,0.3333333333333333,0.5,0.0,0.0,0.0,0.5,0.5,0.0,0.5,0.0,2.3333333333333335,1.0,0.5555555555555555,0.0,0.0
TR454*0101*2000*01_A1,22.0,4,1.0,0.25,0.25,0.5,0.0,0.0,0.0,0.5,0.5,0.0,0.5,0.0,2.25,1.0,0.6875,0.0,0.25
TR454*0101*2000*01_A4,22.0,11,1.0,0.09090909090909091,0.36363636363636365,0.36363636363636365,0.09090909090909091,0.0,0.09090909090909091,0.45454545454545453,0.45454545454545453,0.09090909090909091,0.5454545454545454,0.18181818181818182,2.8181818181818183,1.2,1.603305785123967,0.18181818181818182,0.09090909090909091
TR471*0101*2000*01_A1,27.0,9,0.8888888888888888,0.375,0.25,0.375,0.0,0.0,0.0,0.625,0.375,0.0,0.375,0.0,2.0,0.6,0.75,0.2222222222222222,0.2222222222222222
TR471*0101*2000*01_A3,27.0,2,0.5,0.0,0.0,0.0,1.0,0.0,0.0,0.0,1.0,0.0,1.0,1.0,4.0,nan,0.0,0.0,0.5
TR568*0101*2000*01_A1,29.0,8,0.875,0.14285714285714285,0.14285714285714285,0.2857142857142857,0.2857142857142857,0.14285714285714285,0.0,0.2857142857142857,0.5714285714285714,0.14285714285714285,0.7142857142857143,0.42857142857142855,3.142857142857143,2.5,1.5510204081632655,0.25,0.125
TR568*0101*2000*01_A4,29.0,7,0.8571428571428571,0.3333333333333333,0.0,0.16666666666666666,0.5,0.0,0.0,0.3333333333333333,0.6666666666666666,0.0,0.6666666666666666,0.5,2.8333333333333335,2.0,1.8055555555555554,0.0,0.14285714285714285
TR294*0101*2000*01_A1,25.0,6,1.0,0.3333333333333333,0.0,0.5,0.16666666666666666,0.0,0.0,0.3333333333333333,0.6666666666666666,0.0,0.6666666666666666,0.16666666666666666,2.5,2.0,1.25,0.0,0.16666666666666666
TR294*0101*2000*01_A3,25.0,5,1.0,0.4,0.2,0.4,0.0,0.0,0.0,0.6,0.4,0.0,0.4,0.0,2.0,0.6666666666666666,0.8,0.0,0.0
TR336*0101*2000*01_A1,22.0,5,1.0,0.4,0.2,0.4,0.0,0.0,0.0,0.6,0.4,0.0,0.4,0.0,2.0,0.6666666666666666,0.8,0.0,0.4
TR336*0101*2000*01_A3,22.0,6,1.0,0.5,0.16666666666666666,0.3333333333333333,0.0,0.0,0.0,0.6666666666666666,0.3333333333333333,0.0,0.3333333333333333,0.0,1.8333333333333333,0.5,0.8055555555555557,0.16666666666666666,0.0
OU6*0101*2001*01_A1,34.0,16,1.0,0.1875,0.25,0.125,0.375,0.0,0.0625,0.4375,0.5,0.0625,0.5625,0.4375,2.9375,1.2857142857142858,1.93359375,0.0625,0.125
OU6*0101*2001*01_A3,34.0,12,1.0,0.16666666666666666,0.25,0.4166666666666667,0.08333333333333333,0.08333333333333333,0.0,0.4166666666666667,0.5,0.08333333333333333,0.5833333333333334,0.16666666666666666,2.6666666666666665,1.4,1.222222222222222,0.0,0.16666666666666666
TR5*0102*2000*02_A1,29.0,3,1.0,0.6666666666666666,0.0,0.3333333333333333,0.0,0.0,0.0,0.6666666666666666,0.3333333333333333,0.0,0.3333333333333333,0.0,1.6666666666666667,0.5,0.888888888888889,0.0,0.0
TR5*0102*2000*02_A4,29.0,6,1.0,0.3333333333333333,0.16666666666666666,0.5,0.0,0.0,0.0,0.5,0.5,0.0,0.5,0.0,2.1666666666666665,1.0,0.8055555555555555,0.16666666666666666,0.0
TR8*0102*2000*02_A1,34.0,15,0.9333333333333333,0.2857142857142857,0.07142857142857142,0.2857142857142857,0.2857142857142857,0.0,0.07142857142857142,0.35714285714285715,0.5714285714285714,0.07142857142857142,0.6428571428571429,0.35714285714285715,2.857142857142857,1.8,2.122448979591837,0.06666666666666667,0.13333333333333333
TR8*0102*2000*02_A5a,34.0,10,1.0,0.1,0.1,0.5,0.3,0.0,0.0,0.2,0.8,0.0,0.8,0.3,3.0,4.0,0.8,0.3,0.1
TR433*0102*2000*02_A1,23.0,8,1.0,0.25,0.125,0.25,0.25,0.0,0.125,0.375,0.5,0.125,0.625,0.375,3.0,1.6666666666666667,2.5,0.25,0.0
TR433*0102*2000*02_A3,23.0,3,1.0,0.0,0.6666666666666666,0.0,0.0,0.0,0.3333333333333333,0.6666666666666666,0.0,0.3333333333333333,0.3333333333333333,0.3333333333333333,3.3333333333333335,0.5,3.555555555555556,0.0,0.0
TR501*0102*2000*02_A1,29.0,9,1.0,0.4444444444444444,0.0,0.1111111111111111,0.4444444444444444,0.0,0.0,0.4444444444444444,0.5555555555555556,0.0,0.5555555555555556,0.4444444444444444,2.5555555555555554,1.25,2.0246913580246915,0.1111111111111111,0.0
TR501*0102*2000*02_A4,29.0,10,1.0,0.5,0.1,0.0,0.1,0.1,0.2,0.6,0.1,0.3,0.4,0.4,2.8,0.6666666666666666,4.36,0.2,0.3
TR507*0102*2000*02_A1,26.0,7,0.8571428571428571,0.6666666666666666,0.0,0.0,0.3333333333333333,0.0,0.0,0.6666666666666666,0.3333333333333333,0.0,0.3333333333333333,0.3333333333333333,2.0,0.5,2.0,0.0,0.14285714285714285
TR507*0102*2000*02_A4,26.0,10,1.0,0.4,0.1,0.3,0.1,0.1,0.0,0.5,0.4,0.1,0.5,0.2,2.4,1.0,1.8400000000000003,0.1,0.1
TR508*0102*2000*02_A1,26.0,10,1.0,0.5,0.1,0.2,0.2,0.0,0.0,0.6,0.4,0.0,0.4,0.2,2.1,0.6666666666666666,1.4900000000000002,0.0,0.1
TR508*0102*2000*02_A4,26.0,14,1.0,0.2857142857142857,0.35714285714285715,0.14285714285714285,0.21428571428571427,0.0,0.0,0.6428571428571429,0.35714285714285715,0.0,0.35714285714285715,0.21428571428571427,2.2857142857142856,0.5555555555555556,1.2040816326530612,0.14285714285714285,0.35714285714285715
TR510*0102*2000*02_A1,35.0,14,1.0,0.2857142857142857,0.2857142857142857,0.14285714285714285,0.21428571428571427,0.07142857142857142,0.0,0.5714285714285714,0.35714285714285715,0.07142857142857142,0.42857142857142855,0.2857142857142857,2.5,0.75,1.6785714285714286,0.07142857142857142,0.14285714285714285
TR510*0102*2000*02_A4,35.0,6,1.0,0.16666666666666666,0.3333333333333333,0.16666666666666666,0.3333333333333333,0.0,0.0,0.5,0.5,0.0,0.5,0.3333333333333333,2.6666666666666665,1.0,1.2222222222222223,0.0,0.3333333333333333
TR83*0102*2000*02_A1,23.0,10,1.0,0.5,0.1,0.3,0.0,0.0,0.1,0.6,0.3,0.1,0.4,0.1,2.2,0.6666666666666666,2.3600000000000003,0.0,0.0
TR83*0102*2000*02_A3,23.0,15,0.9333333333333333,0.2857142857142857,0.21428571428571427,0.2857142857142857,0.07142857142857142,0.07142857142857142,0.07142857142857142,0.5,0.35714285714285715,0.14285714285714285,0.5,0.21428571428571427,2.642857142857143,1.0,2.2295918367346936,0.3333333333333333,0.2
TR517*0102*2000*02_A1,25.0,8,1.0,0.5,0.0,0.375,0.125,0.0,0.0,0.5,0.5,0.0,0.5,0.125,2.125,1.0,1.359375,0.125,0.125
TR517*0102*2000*02_A4,25.0,10,1.0,0.2,0.3,0.2,0.2,0.1,0.0,0.5,0.4,0.1,0.5,0.3,2.7,1.0,1.6099999999999999,0.4,0.3
TR535*0102*2000*02_A1,32.0,17,0.9411764705882353,0.3125,0.25,0.375,0.0625,0.0,0.0,0.5625,0.4375,0.0,0.4375,0.0625,2.1875,0.7777777777777778,0.90234375,0.0,0.11764705882352941
TR535*0102*2000*02_A4,32.0,18,1.0,0.2222222222222222,0.2222222222222222,0.16666666666666666,0.2777777777777778,0.1111111111111111,0.0,0.4444444444444444,0.4444444444444444,0.1111111111111111,0.5555555555555556,0.3888888888888889,2.8333333333333335,1.25,1.8055555555555556,0.2222222222222222,0.1111111111111111
TR537*0102*2000*02_A1,34.0,10,1.0,0.6,0.3,0.1,0.0,0.0,0.0,0.9,0.1,0.0,0.1,0.0,1.5,0.1111111111111111,0.45,0.1,0.0
TR537*0102*2000*02_A4,34.0,10,1.0,0.2,0.2,0.4,0.2,0.0,0.0,0.4,0.6,0.0,0.6,0.2,2.6,1.5,1.04,0.1,0.1
TR545*0102*2000*02_A1,35.0,12,1.0,0.4166666666666667,0.08333333333333333,0.3333333333333333,0.0,0.08333333333333333,0.08333333333333333,0.5,0.3333333333333333,0.16666666666666666,0.5,0.16666666666666666,2.5,1.0,2.5833333333333335,0.08333333333333333,0.16666666666666666
TR545*0102*2000*02_A4,35.0,7,1.0,0.14285714285714285,0.5714285714285714,0.2857142857142857,0.0,0.0,0.0,0.7142857142857143,0.2857142857142857,0.0,0.2857142857142857,0.0,2.142857142857143,0.4,0.4081632653061224,0.14285714285714285,0.42857142857142855
TR548*0102*2000*02_A1,23.0,19,1.0,0.47368421052631576,0.21052631578947367,0.10526315789473684,0.15789473684210525,0.0,0.05263157894736842,0.6842105263157895,0.2631578947368421,0.05263157894736842,0.3157894736842105,0.21052631578947367,2.1578947368421053,0.46153846153846156,2.0277008310249305,0.0,0.05263157894736842
TR548*0102*2000*02_A4,23.0,9,1.0,0.3333333333333333,0.2222222222222222,0.4444444444444444,0.0,0.0,0.0,0.5555555555555556,0.4444444444444444,0.0,0.4444444444444444,0.0,2.111111111111111,0.8,0.7654320987654322,0.2222222222222222,0.2222222222222222
TR550*0102*2000*02_A1,24.0,11,1.0,0.36363636363636365,0.09090909090909091,0.18181818181818182,0.36363636363636365,0.0,0.0,0.45454545454545453,0.5454545454545454,0.0,0.5454545454545454,0.36363636363636365,2.5454545454545454,1.2,1.702479338842975,0.09090909090909091,0.0
TR550*0102*2000*02_A2,24.0,10,1.0,0.5,0.1,0.2,0.2,0.0,0.0,0.6,0.4,0.0,0.4,0.2,2.1,0.6666666666666666,1.4900000000000002,0.0,0.1
TR58*0102*2000*02_A1,31.0,15,1.0,0.26666666666666666,0.26666666666666666,0.06666666666666667,0.4,0.0,0.0,0.5333333333333333,0.4666666666666667,0.0,0.4666666666666667,0.4,2.6,0.875,1.5733333333333337,0.13333333333333333,0.06666666666666667
TR58*0102*2000*02_A3,31.0,12,1.0,0.08333333333333333,0.08333333333333333,0.6666666666666666,0.16666666666666666,0.0,0.0,0.16666666666666666,0.8333333333333334,0.0,0.8333333333333334,0.16666666666666666,2.9166666666666665,5.0,0.576388888888889,0.0,0.08333333333333333
TR86*0102*2000*02_A1,34.0,14,1.0,0.42857142857142855,0.07142857142857142,0.14285714285714285,0.21428571428571427,0.0,0.14285714285714285,0.5,0.35714285714285715,0.14285714285714285,0.5,0.35714285714285715,2.7142857142857144,1.0,3.2040816326530615,0.0,0.2857142857142857
TR86*0102*2000*02_A2,34.0,10,1.0,0.2,0.5,0.2,0.0,0.0,0.1,0.7,0.2,0.1,0.3,0.1,2.4,0.42857142857142855,1.8399999999999999,0.1,0.1
TR578*0102*2000*02_A1,23.0,8,1.0,0.625,0.125,0.125,0.0,0.0,0.125,0.75,0.125,0.125,0.25,0.125,2.0,0.3333333333333333,2.75,0.0,0.125
TR578*0102*2000*02_A4,23.0,8,1.0,0.5,0.375,0.0,0.0,0.125,0.0,0.875,0.0,0.125,0.125,0.125,1.875,0.14285714285714285,1.609375,0.0,0.0
TR582*0102*2000*02_A1,23.0,11,1.0,0.45454545454545453,0.18181818181818182,0.2727272727272727,0.0,0.0,0.09090909090909091,0.6363636363636364,0.2727272727272727,0.09090909090909091,0.36363636363636365,0.09090909090909091,2.1818181818181817,0.5714285714285714,2.1487603305785123,0.09090909090909091,0.09090909090909091
TR582*0102*2000*02_A4,23.0,13,1.0,0.5384615384615384,0.23076923076923078,0.15384615384615385,0.07692307692307693,0.0,0.0,0.7692307692307693,0.23076923076923078,0.0,0.23076923076923078,0.07692307692307693,1.7692307692307692,0.3,0.9467455621301776,0.0,0.23076923076923078
TR584*0102*2000*02_A1,30.0,8,1.0,0.125,0.125,0.375,0.375,0.0,0.0,0.25,0.75,0.0,0.75,0.375,3.0,3.0,1.0,0.0,0.0
TR584*0102*2000*02_A2,30.0,3,1.0,0.3333333333333333,0.0,0.3333333333333333,0.3333333333333333,0.0,0.0,0.3333333333333333,0.6666666666666666,0.0,0.6666666666666666,0.3333333333333333,2.6666666666666665,2.0,1.5555555555555556,0.0,0.0
TR599*0102*2000*02_A1,25.0,14,1.0,0.6428571428571429,0.0,0.07142857142857142,0.07142857142857142,0.0,0.21428571428571427,0.6428571428571429,0.14285714285714285,0.21428571428571427,0.35714285714285715,0.2857142857142857,2.4285714285714284,0.5555555555555556,4.244897959183673,0.14285714285714285,0.07142857142857142
TR599*0102*2000*02_A4,25.0,15,1.0,0.6,0.06666666666666667,0.13333333333333333,0.06666666666666667,0.06666666666666667,0.06666666666666667,0.6666666666666666,0.2,0.13333333333333333,0.3333333333333333,0.2,2.1333333333333333,0.5,2.648888888888889,0.0,0.0
TR601*0102*2000*02_A1,21.0,15,1.0,0.6,0.06666666666666667,0.0,0.13333333333333333,0.0,0.2,0.6666666666666666,0.13333333333333333,0.2,0.3333333333333333,0.3333333333333333,2.466666666666667,0.5,4.115555555555556,0.0,0.0
TR601*0102*2000*02_A4,21.0,10,1.0,0.4,0.3,0.2,0.1,0.0,0.0,0.7,0.3,0.0,0.3,0.1,2.0,0.42857142857142855,1.0,0.2,0.3
TR607*0102*2000*02_A1,32.0,11,1.0,0.45454545454545453,0.0,0.36363636363636365,0.0,0.0,0.18181818181818182,0.45454545454545453,0.36363636363636365,0.18181818181818182,0.5454545454545454,0.18181818181818182,2.6363636363636362,1.2,3.322314049586777,0.09090909090909091,0.09090909090909091
TR607*0102*2000*02_A4,32.0,12,1.0,0.3333333333333333,0.08333333333333333,0.16666666666666666,0.25,0.0,0.16666666666666666,0.4166666666666667,0.4166666666666667,0.16666666666666666,0.5833333333333334,0.4166666666666667,3.0,1.4,3.1666666666666665,0.16666666666666666,0.08333333333333333
TR89*0102*2000*02_A1,31.0,16,1.0,0.25,0.3125,0.1875,0.25,0.0,0.0,0.5625,0.4375,0.0,0.4375,0.25,2.4375,0.7777777777777778,1.24609375,0.0625,0.0625
TR89*0102*2000*02_A4,31.0,16,1.0,0.1875,0.375,0.25,0.1875,0.0,0.0,0.5625,0.4375,0.0,0.4375,0.1875,2.4375,0.7777777777777778,0.99609375,0.0,0.25
TR65*0102*2000*02_A1,25.0,9,1.0,0.6666666666666666,0.0,0.2222222222222222,0.0,0.0,0.1111111111111111,0.6666666666666666,0.2222222222222222,0.1111111111111111,0.3333333333333333,0.1111111111111111,2.0,0.5,2.6666666666666665,0.2222222222222222,0.0
TR65*0102*2000*02_A4,25.0,11,1.0,0.36363636363636365,0.18181818181818182,0.36363636363636365,0.09090909090909091,0.0,0.0,0.5454545454545454,0.45454545454545453,0.0,0.45454545454545453,0.09090909090909091,2.1818181818181817,0.8333333333333334,1.0578512396694215,0.36363636363636365,0.45454545454545453
TR75*0102*2000*02_A1,31.0,12,1.0,0.4166666666666667,0.16666666666666666,0.08333333333333333,0.16666666666666666,0.08333333333333333,0.08333333333333333,0.5833333333333334,0.25,0.16666666666666666,0.4166666666666667,0.3333333333333333,2.5833333333333335,0.7142857142857143,2.9097222222222228,0.0,0.16666666666666666
TR75*0102*2000*02_A4,31.0,9,0.8888888888888888,0.25,0.25,0.25,0.0,0.125,0.125,0.5,0.25,0.25,0.5,0.25,2.875,1.0,2.859375,0.1111111111111111,0.4444444444444444
TR710*0102*2000*02_A1,26.0,10,1.0,0.5,0.3,0.2,0.0,0.0,0.0,0.8,0.2,0.0,0.2,0.0,1.7,0.25,0.6100000000000001,0.0,0.1
TR710*0102*2000*02_A2,26.0,16,0.9375,0.2,0.4,0.13333333333333333,0.26666666666666666,0.0,0.0,0.6,0.4,0.0,0.4,0.26666666666666666,2.466666666666667,0.6666666666666666,1.1822222222222223,0.0,0.25
TR711*0102*2000*02_A1,30.0,9,1.0,0.3333333333333333,0.0,0.3333333333333333,0.3333333333333333,0.0,0.0,0.3333333333333333,0.6666666666666666,0.0,0.6666666666666666,0.3333333333333333,2.6666666666666665,2.0,1.5555555555555554,0.0,0.0
TR711*0102*2000*02_A4,30.0,6,1.0,0.16666666666666666,0.0,0.5,0.16666666666666666,0.16666666666666666,0.0,0.16666666666666666,0.6666666666666666,0.16666666666666666,0.8333333333333334,0.3333333333333333,3.1666666666666665,5.0,1.4722222222222223,0.16666666666666666,0.16666666666666666
TR717*0102*2000*02_A1,37.0,14,1.0,0.21428571428571427,0.0,0.42857142857142855,0.21428571428571427,0.07142857142857142,0.07142857142857142,0.21428571428571427,0.6428571428571429,0.14285714285714285,0.7857142857142857,0.35714285714285715,3.142857142857143,3.6666666666666665,1.9795918367346936,0.0,0.0
TR717*0102*2000*02_A4,37.0,8,1.0,0.125,0.125,0.375,0.125,0.25,0.0,0.25,0.5,0.25,0.75,0.375,3.25,3.0,1.6875,0.0,0.125
TR738*0102*2000*02_A1,28.0,24,1.0,0.20833333333333334,0.125,0.16666666666666666,0.4583333333333333,0.0,0.041666666666666664,0.3333333333333333,0.625,0.041666666666666664,0.6666666666666666,0.5,3.0416666666666665,2.0,1.7899305555555554,0.041666666666666664,0.08333333333333333
TR738*0102*2000*02_A5a,28.0,7,1.0,0.2857142857142857,0.0,0.14285714285714285,0.42857142857142855,0.14285714285714285,0.0,0.2857142857142857,0.5714285714285714,0.14285714285714285,0.7142857142857143,0.5714285714285714,3.142857142857143,2.5,2.122448979591837,0.14285714285714285,0.14285714285714285
TR761*0102*2000*02_A1,26.0,8,1.0,0.625,0.0,0.125,0.25,0.0,0.0,0.625,0.375,0.0,0.375,0.25,2.0,0.6,1.75,0.0,0.0
TR761*0102*2000*02_A4,26.0,8,1.0,0.0,0.25,0.5,0.25,0.0,0.0,0.25,0.75,0.0,0.75,0.25,3.0,3.0,0.5,0.25,0.125
TR851*0102*2000*02_A1,30.0,10,1.0,0.6,0.1,0.1,0.1,0.0,0.1,0.7,0.2,0.1,0.3,0.2,2.1,0.42857142857142855,2.6900000000000004,0.3,0.1
TR851*0102*2000*02_A2,30.0,16,1.0,0.1875,0.3125,0.3125,0.1875,0.0,0.0,0.5,0.5,0.0,0.5,0.1875,2.5,1.0,1.0,0.0625,0.1875
TR854*0102*2000*02_A1,22.0,9,1.0,0.3333333333333333,0.2222222222222222,0.2222222222222222,0.1111111111111111,0.0,0.1111111111111111,0.5555555555555556,0.3333333333333333,0.1111111111111111,0.4444444444444444,0.2222222222222222,2.5555555555555554,0.8,2.4691358024691357,0.0,0.1111111111111111
TR854*0102*2000*02_A4,22.0,13,0.9230769230769231,0.16666666666666666,0.16666666666666666,0.5,0.08333333333333333,0.08333333333333333,0.0,0.3333333333333333,0.5833333333333334,0.08333333333333333,0.6666666666666666,0.16666666666666666,2.75,2.0,1.1875,0.15384615384615385,0.07692307692307693
TR857*0102*2000*02_A1,29.0,7,0.8571428571428571,0.3333333333333333,0.0,0.16666666666666666,0.5,0.0,0.0,0.3333333333333333,0.6666666666666666,0.0,0.6666666666666666,0.5,2.8333333333333335,2.0,1.8055555555555556,0.14285714285714285,0.14285714285714285
TR857*0102*2000*02_A4,29.0,15,1.0,0.3333333333333333,0.26666666666666666,0.26666666666666666,0.0,0.06666666666666667,0.06666666666666667,0.6,0.26666666666666666,0.13333333333333333,0.4,0.13333333333333333,2.4,0.6666666666666666,2.1066666666666665,0.2,0.2
TR862*0102*2000*02_A1,30.0,18,1.0,0.4444444444444444,0.1111111111111111,0.2777777777777778,0.16666666666666666,0.0,0.0,0.5555555555555556,0.4444444444444444,0.0,0.4444444444444444,0.16666666666666666,2.1666666666666665,0.8,1.3611111111111112,0.05555555555555555,0.1111111111111111
TR862*0102*2000*02_A2,30.0,13,1.0,0.15384615384615385,0.46153846153846156,0.15384615384615385,0.15384615384615385,0.0,0.07692307692307693,0.6153846153846154,0.3076923076923077,0.07692307692307693,0.38461538461538464,0.23076923076923078,2.6153846153846154,0.625,1.7751479289940824,0.0,0.07692307692307693
TR864*0102*2000*02_A1,38.0,16,0.9375,0.4,0.06666666666666667,0.2,0.13333333333333333,0.06666666666666667,0.13333333333333333,0.4666666666666667,0.3333333333333333,0.2,0.5333333333333333,0.3333333333333333,2.8,1.1428571428571428,3.2266666666666666,0.0625,0.125
TR864*0102*2000*02_A4,38.0,18,1.0,0.16666666666666666,0.2777777777777778,0.1111111111111111,0.2222222222222222,0.1111111111111111,0.1111111111111111,0.4444444444444444,0.3333333333333333,0.2222222222222222,0.5555555555555556,0.4444444444444444,3.1666666666666665,1.25,2.5833333333333335,0.16666666666666666,0.1111111111111111
TR874*0102*2000*02_A1,30.0,12,1.0,0.5833333333333334,0.25,0.16666666666666666,0.0,0.0,0.0,0.8333333333333334,0.16666666666666666,0.0,0.16666666666666666,0.0,1.5833333333333333,0.2,0.576388888888889,0.08333333333333333,0.08333333333333333
TR874*0102*2000*02_A2,30.0,7,1.0,0.42857142857142855,0.14285714285714285,0.14285714285714285,0.14285714285714285,0.14285714285714285,0.0,0.5714285714285714,0.2857142857142857,0.14285714285714285,0.42857142857142855,0.2857142857142857,2.4285714285714284,0.75,2.2448979591836737,0.14285714285714285,0.14285714285714285
TR876*0102*2000*02_A1,23.0,15,1.0,0.5333333333333333,0.0,0.2,0.2,0.0,0.06666666666666667,0.5333333333333333,0.4,0.06666666666666667,0.4666666666666667,0.26666666666666666,2.3333333333333335,0.875,2.488888888888889,0.0,0.0
TR876*0102*2000*02_A4,23.0,7,1.0,0.7142857142857143,0.14285714285714285,0.14285714285714285,0.0,0.0,0.0,0.8571428571428571,0.14285714285714285,0.0,0.14285714285714285,0.0,1.4285714285714286,0.16666666666666666,0.5306122448979591,0.0,0.14285714285714285
TR109*0102*2000*02_A1,24.0,12,1.0,0.5833333333333334,0.3333333333333333,0.0,0.08333333333333333,0.0,0.0,0.9166666666666666,0.08333333333333333,0.0,0.08333333333333333,0.08333333333333333,1.5833333333333333,0.09090909090909091,0.7430555555555557,0.0,0.08333333333333333
TR109*0102*2000*02_A3,24.0,13,1.0,0.23076923076923078,0.3076923076923077,0.23076923076923078,0.15384615384615385,0.0,0.07692307692307693,0.5384615384615384,0.38461538461538464,0.07692307692307693,0.46153846153846156,0.23076923076923078,2.6153846153846154,0.8571428571428571,1.928994082840236,0.23076923076923078,0.15384615384615385
TR113*0102*2000*02_A1,28.0,7,0.8571428571428571,0.8333333333333334,0.16666666666666666,0.0,0.0,0.0,0.0,1.0,0.0,0.0,0.0,0.0,1.1666666666666667,0.0,0.13888888888888887,0.14285714285714285,0.14285714285714285
TR113*0102*2000*02_A2,28.0,6,1.0,0.0,0.16666666666666666,0.16666666666666666,0.6666666666666666,0.0,0.0,0.16666666666666666,0.8333333333333334,0.0,0.8333333333333334,0.6666666666666666,3.5,5.0,0.5833333333333334,0.0,0.16666666666666666
TR907*0102*2000*02_A1,32.0,8,1.0,0.5,0.25,0.125,0.125,0.0,0.0,0.75,0.25,0.0,0.25,0.125,1.875,0.3333333333333333,1.109375,0.25,0.0
TR907*0102*2000*02_A3,32.0,15,1.0,0.13333333333333333,0.4,0.26666666666666666,0.13333333333333333,0.06666666666666667,0.0,0.5333333333333333,0.4,0.06666666666666667,0.4666666666666667,0.2,2.6,0.875,1.1733333333333331,0.26666666666666666,0.06666666666666667
TR915*0102*2000*02_A1,38.0,14,1.0,0.5,0.14285714285714285,0.21428571428571427,0.14285714285714285,0.0,0.0,0.6428571428571429,0.35714285714285715,0.0,0.35714285714285715,0.14285714285714285,2.0,0.5555555555555556,1.2857142857142858,0.0,0.0
TR915*0102*2000*02_A4,38.0,11,1.0,0.09090909090909091,0.09090909090909091,0.36363636363636365,0.2727272727272727,0.09090909090909091,0.09090909090909091,0.18181818181818182,0.6363636363636364,0.18181818181818182,0.8181818181818182,0.45454545454545453,3.4545454545454546,4.5,1.702479338842975,0.0,0.09090909090909091
TR937*0102*2000*02_A1,26.0,9,1.0,0.2222222222222222,0.2222222222222222,0.3333333333333333,0.2222222222222222,0.0,0.0,0.4444444444444444,0.5555555555555556,0.0,0.5555555555555556,0.2222222222222222,2.5555555555555554,1.25,1.1358024691358024,0.0,0.0
TR937*0102*2000*02_A4,26.0,16,1.0,0.25,0.25,0.1875,0.25,0.0,0.0625,0.5,0.4375,0.0625,0.5,0.3125,2.6875,1.0,1.96484375,0.1875,0.25
TR960*0102*2000*02_A1,34.0,11,1.0,0.45454545454545453,0.0,0.36363636363636365,0.09090909090909091,0.0,0.09090909090909091,0.45454545454545453,0.45454545454545453,0.09090909090909091,0.5454545454545454,0.18181818181818182,2.4545454545454546,1.2,2.4297520661157033,0.18181818181818182,0.0
TR960*0102*2000*02_A4,34.0,18,1.0,0.2222222222222222,0.4444444444444444,0.16666666666666666,0.1111111111111111,0.05555555555555555,0.0,0.6666666666666666,0.2777777777777778,0.05555555555555555,0.3333333333333333,0.16666666666666666,2.3333333333333335,0.5,1.222222222222222,0.16666666666666666,0.3333333333333333
TR976*0102*2000*02_A1,25.0,8,1.0,0.375,0.125,0.5,0.0,0.0,0.0,0.5,0.5,0.0,0.5,0.0,2.125,1.0,0.859375,0.0,0.25
TR976*0102*2000*02_A2,25.0,12,1.0,0.25,0.3333333333333333,0.16666666666666666,0.0,0.16666666666666666,0.08333333333333333,0.5833333333333334,0.16666666666666666,0.25,0.4166666666666667,0.25,2.75,0.7142857142857143,2.6875,0.0,0.25
TR1012*0102*2000*02_A1,26.0,8,1.0,0.375,0.25,0.0,0.25,0.0,0.125,0.625,0.25,0.125,0.375,0.375,2.625,0.6,2.984375,0.0,0.0
TR1012*0102*2000*02_A4,26.0,8,1.0,0.375,0.375,0.25,0.0,0.0,0.0,0.75,0.25,0.0,0.25,0.0,1.875,0.3333333333333333,0.609375,0.125,0.5
TR1019*0102*2000*02_A1,20.0,6,1.0,0.5,0.0,0.3333333333333333,0.16666666666666666,0.0,0.0,0.5,0.5,0.0,0.5,0.16666666666666666,2.1666666666666665,1.0,1.472222222222222,0.0,0.0
TR1019*0102*2000*02_A4,20.0,7,1.0,0.0,0.42857142857142855,0.2857142857142857,0.14285714285714285,0.14285714285714285,0.0,0.42857142857142855,0.42857142857142855,0.14285714285714285,0.5714285714285714,0.2857142857142857,3.0,1.3333333333333333,1.1428571428571428,0.14285714285714285,0.2857142857142857
TR1041*0102*2000*02_A1,29.0,7,1.0,0.2857142857142857,0.0,0.2857142857142857,0.2857142857142857,0.0,0.14285714285714285,0.2857142857142857,0.5714285714285714,0.14285714285714285,0.7142857142857143,0.42857142857142855,3.142857142857143,2.5,2.693877551020408,0.14285714285714285,0.0
TR1041*0102*2000*02_A3,29.0,9,1.0,0.1111111111111111,0.5555555555555556,0.3333333333333333,0.0,0.0,0.0,0.6666666666666666,0.3333333333333333,0.0,0.3333333333333333,0.0,2.2222222222222223,0.5,0.3950617283950617,0.2222222222222222,0.1111111111111111
TR1043*0102*2000*02_A1,17.0,8,1.0,0.5,0.25,0.125,0.125,0.0,0.0,0.75,0.25,0.0,0.25,0.125,1.875,0.3333333333333333,1.109375,0.0,0.0
TR1043*0102*2000*02_A4,17.0,8,1.0,0.25,0.0,0.375,0.25,0.0,0.125,0.25,0.625,0.125,0.75,0.375,3.125,3.0,2.359375,0.0,0.0
TR771*0102*2000*02_A1,32.0,9,1.0,0.7777777777777778,0.1111111111111111,0.1111111111111111,0.0,0.0,0.0,0.8888888888888888,0.1111111111111111,0.0,0.1111111111111111,0.0,1.3333333333333333,0.125,0.4444444444444444,0.0,0.0
TR771*0102*2000*02_A3,32.0,8,1.0,0.375,0.125,0.25,0.125,0.125,0.0,0.5,0.375,0.125,0.5,0.25,2.5,1.0,2.0,0.125,0.0
TR1066*0102*2000*02_A1,20.0,9,1.0,0.3333333333333333,0.2222222222222222,0.1111111111111111,0.3333333333333333,0.0,0.0,0.5555555555555556,0.4444444444444444,0.0,0.4444444444444444,0.3333333333333333,2.4444444444444446,0.8,1.5802469135802468,0.0,0.1111111111111111
TR1066*0102*2000*02_A4,20.0,4,1.0,0.5,0.25,0.0,0.0,0.0,0.25,0.75,0.0,0.25,0.25,0.25,2.5,0.3333333333333333,4.25,0.25,0.5
TR1071*0102*2000*02_A1,37.0,16,0.9375,0.4666666666666667,0.2,0.2,0.13333333333333333,0.0,0.0,0.6666666666666666,0.3333333333333333,0.0,0.3333333333333333,0.13333333333333333,2.0,0.5,1.2,0.125,0.0625
TR1071*0102*2000*02_A2,37.0,10,1.0,0.4,0.3,0.1,0.1,0.0,0.1,0.7,0.2,0.1,0.3,0.2,2.3,0.42857142857142855,2.4099999999999997,0.1,0.3
TR1111*0102*2000*02_A1,25.0,16,1.0,0.625,0.0,0.1875,0.125,0.0625,0.0,0.625,0.3125,0.0625,0.375,0.1875,2.0,0.6,1.875,0.0625,0.0
TR1111*0102*2000*02_A4,25.0,10,1.0,0.3,0.3,0.2,0.0,0.1,0.1,0.6,0.2,0.2,0.4,0.2,2.6,0.6666666666666666,2.6399999999999997,0.3,0.0
TR1130*0102*2000*02_A1,26.0,14,0.9285714285714286,0.38461538461538464,0.3076923076923077,0.0,0.3076923076923077,0.0,0.0,0.6923076923076923,0.3076923076923077,0.0,0.3076923076923077,0.3076923076923077,2.230769230769231,0.4444444444444444,1.5621301775147929,0.07142857142857142,0.07142857142857142
TR1130*0102*2000*02_A3,26.0,6,1.0,0.0,0.16666666666666666,0.0,0.3333333333333333,0.16666666666666666,0.3333333333333333,0.16666666666666666,0.3333333333333333,0.5,0.8333333333333334,0.8333333333333334,4.5,5.0,1.9166666666666667,0.16666666666666666,0.16666666666666666
TR1136*0102*2000*02_A1,23.0,15,1.0,0.4,0.4,0.06666666666666667,0.13333333333333333,0.0,0.0,0.8,0.2,0.0,0.2,0.13333333333333333,1.9333333333333333,0.25,0.9955555555555553,0.0,0.2
TR1136*0102*2000*02_A3,23.0,17,1.0,0.17647058823529413,0.23529411764705882,0.23529411764705882,0.29411764705882354,0.058823529411764705,0.0,0.4117647058823529,0.5294117647058824,0.058823529411764705,0.5882352941176471,0.35294117647058826,2.823529411764706,1.4285714285714286,1.439446366782007,0.17647058823529413,0.058823529411764705
TR141*0102*2000*02_A1,22.0,9,1.0,0.4444444444444444,0.0,0.0,0.3333333333333333,0.0,0.2222222222222222,0.4444444444444444,0.3333333333333333,0.2222222222222222,0.5555555555555556,0.5555555555555556,3.111111111111111,1.25,4.098765432098765,0.2222222222222222,0.1111111111111111
TR141*0102*2000*02_A4,22.0,9,1.0,0.1111111111111111,0.5555555555555556,0.1111111111111111,0.2222222222222222,0.0,0.0,0.6666666666666666,0.3333333333333333,0.0,0.3333333333333333,0.2222222222222222,2.4444444444444446,0.5,0.9135802469135802,0.1111111111111111,0.2222222222222222
TR143*0102*2000*02_A1,38.0,11,0.9090909090909091,0.5,0.2,0.1,0.1,0.0,0.1,0.7,0.2,0.1,0.3,0.2,2.2,0.42857142857142855,2.5599999999999996,0.09090909090909091,0.18181818181818182
TR143*0102*2000*02_A5a,38.0,11,1.0,0.18181818181818182,0.18181818181818182,0.18181818181818182,0.36363636363636365,0.09090909090909091,0.0,0.36363636363636365,0.5454545454545454,0.09090909090909091,0.6363636363636364,0.45454545454545453,3.0,1.75,1.6363636363636365,0.0,0.0
TR183*0102*2000*02_A1,30.0,8,1.0,0.5,0.375,0.125,0.0,0.0,0.0,0.875,0.125,0.0,0.125,0.0,1.625,0.14285714285714285,0.484375,0.0,0.0
TR183*0102*2000*02_A4,30.0,18,1.0,0.3888888888888889,0.2777777777777778,0.1111111111111111,0.05555555555555555,0.05555555555555555,0.1111111111111111,0.6666666666666666,0.16666666666666666,0.16666666666666666,0.3333333333333333,0.2222222222222222,2.4444444444444446,0.5,2.8024691358024687,0.05555555555555555,0.3333333333333333
TR184*0102*2000*02_A1,22.0,7,1.0,0.8571428571428571,0.0,0.14285714285714285,0.0,0.0,0.0,0.8571428571428571,0.14285714285714285,0.0,0.14285714285714285,0.0,1.2857142857142858,0.16666666666666666,0.489795918367347,0.0,0.0
TR184*0102*2000*02_A3,22.0,8,0.875,0.0,0.42857142857142855,0.42857142857142855,0.0,0.0,0.14285714285714285,0.42857142857142855,0.42857142857142855,0.14285714285714285,0.5714285714285714,0.14285714285714285,3.0,1.3333333333333333,1.7142857142857142,0.125,0.125
TR185*0102*2000*02_A1,26.0,10,1.0,0.5,0.1,0.2,0.0,0.0,0.2,0.6,0.2,0.2,0.4,0.2,2.5,0.6666666666666666,3.65,0.1,0.0
TR185*0102*2000*02_A4,26.0,14,1.0,0.42857142857142855,0.14285714285714285,0.2857142857142857,0.07142857142857142,0.0,0.07142857142857142,0.5714285714285714,0.35714285714285715,0.07142857142857142,0.42857142857142855,0.14285714285714285,2.2857142857142856,0.75,2.061224489795918,0.21428571428571427,0.21428571428571427
TR187*0102*2000*02_A1,30.0,17,1.0,0.35294117647058826,0.17647058823529413,0.35294117647058826,0.0,0.0,0.11764705882352941,0.5294117647058824,0.35294117647058826,0.11764705882352941,0.47058823529411764,0.11764705882352941,2.4705882352941178,0.8888888888888888,2.366782006920415,0.0,0.11764705882352941
TR187*0102*2000*02_A2,30.0,14,0.8571428571428571,0.5833333333333334,0.25,0.16666666666666666,0.0,0.0,0.0,0.8333333333333334,0.16666666666666666,0.0,0.16666666666666666,0.0,1.5833333333333333,0.2,0.576388888888889,0.0,0.21428571428571427
TR189*0102*2000*02_A1,24.0,11,1.0,0.45454545454545453,0.09090909090909091,0.09090909090909091,0.2727272727272727,0.0,0.09090909090909091,0.5454545454545454,0.36363636363636365,0.09090909090909091,0.45454545454545453,0.36363636363636365,2.5454545454545454,0.8333333333333334,2.793388429752066,0.09090909090909091,0.0
TR189*0102*2000*02_A4,24.0,10,0.9,0.2222222222222222,0.4444444444444444,0.3333333333333333,0.0,0.0,0.0,0.6666666666666666,0.3333333333333333,0.0,0.3333333333333333,0.0,2.111111111111111,0.5,0.54320987654321,0.0,0.6
TR194*0102*2000*02_A1,23.0,17,1.0,0.6470588235294118,0.058823529411764705,0.11764705882352941,0.11764705882352941,0.0,0.058823529411764705,0.7058823529411765,0.23529411764705882,0.058823529411764705,0.29411764705882354,0.17647058823529413,1.9411764705882353,0.4166666666666667,2.1730103806228374,0.0,0.058823529411764705
TR194*0102*2000*02_A4,23.0,6,1.0,0.6666666666666666,0.0,0.16666666666666666,0.16666666666666666,0.0,0.0,0.6666666666666666,0.3333333333333333,0.0,0.3333333333333333,0.16666666666666666,1.8333333333333333,0.5,1.4722222222222225,0.0,0.16666666666666666
TR196*0102*2000*02_A1,35.0,11,1.0,0.45454545454545453,0.0,0.2727272727272727,0.18181818181818182,0.0,0.09090909090909091,0.45454545454545453,0.45454545454545453,0.09090909090909091,0.5454545454545454,0.2727272727272727,2.5454545454545454,1.2,2.611570247933884,0.18181818181818182,0.09090909090909091
TR196*0102*2000*02_A3,35.0,9,1.0,0.0,0.2222222222222222,0.2222222222222222,0.4444444444444444,0.1111111111111111,0.0,0.2222222222222222,0.6666666666666666,0.1111111111111111,0.7777777777777778,0.5555555555555556,3.4444444444444446,3.5,0.9135802469135802,0.2222222222222222,0.0
TR199*0102*2000*02_A1,27.0,12,1.0,0.3333333333333333,0.25,0.25,0.08333333333333333,0.0,0.08333333333333333,0.5833333333333334,0.3333333333333333,0.08333333333333333,0.4166666666666667,0.16666666666666666,2.4166666666666665,0.7142857142857143,2.076388888888889,0.0,0.25
TR199*0102*2000*02_A2,27.0,10,1.0,0.2,0.3,0.0,0.4,0.0,0.1,0.5,0.4,0.1,0.5,0.5,3.0,1.0,2.4,0.0,0.2
TR200*0102*2000*02_A1,33.0,14,1.0,0.5,0.0,0.2857142857142857,0.21428571428571427,0.0,0.0,0.5,0.5,0.0,0.5,0.21428571428571427,2.2142857142857144,1.0,1.5969387755102038,0.0,0.0
TR200*0102*2000*02_A4,33.0,12,1.0,0.16666666666666666,0.25,0.3333333333333333,0.16666666666666666,0.0,0.08333333333333333,0.4166666666666667,0.5,0.08333333333333333,0.5833333333333334,0.25,2.8333333333333335,1.4,1.8055555555555554,0.3333333333333333,0.25
TR207*0102*2000*02_A1,28.0,16,1.0,0.5625,0.125,0.1875,0.125,0.0,0.0,0.6875,0.3125,0.0,0.3125,0.125,1.875,0.45454545454545453,1.234375,0.0,0.0
TR207*0102*2000*02_A4,28.0,12,1.0,0.16666666666666666,0.25,0.3333333333333333,0.16666666666666666,0.08333333333333333,0.0,0.4166666666666667,0.5,0.08333333333333333,0.5833333333333334,0.25,2.75,1.4,1.3541666666666667,0.25,0.08333333333333333
TR208*0102*2000*02_A1,35.0,16,1.0,0.4375,0.0625,0.25,0.125,0.0,0.125,0.5,0.375,0.125,0.5,0.25,2.5625,1.0,2.87109375,0.0,0.0
TR208*0102*2000*02_A2,35.0,13,1.0,0.3076923076923077,0.46153846153846156,0.15384615384615385,0.0,0.07692307692307693,0.0,0.7692307692307693,0.15384615384615385,0.07692307692307693,0.23076923076923078,0.07692307692307693,2.076923076923077,0.3,1.1479289940828399,0.07692307692307693,0.07692307692307693
TR211*0102*2000*02_A1,31.0,10,1.0,0.3,0.2,0.3,0.2,0.0,0.0,0.5,0.5,0.0,0.5,0.2,2.4,1.0,1.24,0.0,0.1
TR211*0102*2000*02_A4,31.0,18,1.0,0.0,0.4444444444444444,0.2222222222222222,0.2777777777777778,0.05555555555555555,0.0,0.4444444444444444,0.5,0.05555555555555555,0.5555555555555556,0.3333333333333333,2.9444444444444446,1.25,0.9413580246913578,0.1111111111111111,0.05555555555555555
TR214*0102*2000*02_A1,34.0,8,1.0,0.25,0.25,0.5,0.0,0.0,0.0,0.5,0.5,0.0,0.5,0.0,2.25,1.0,0.6875,0.0,0.0
TR214*0102*2000*02_A2,34.0,9,0.8888888888888888,0.0,0.75,0.125,0.125,0.0,0.0,0.75,0.25,0.0,0.25,0.125,2.375,0.3333333333333333,0.484375,0.3333333333333333,0.1111111111111111
TR215*0102*2000*02_A1,24.0,11,1.0,0.36363636363636365,0.2727272727272727,0.36363636363636365,0.0,0.0,0.0,0.6363636363636364,0.36363636363636365,0.0,0.36363636363636365,0.0,2.0,0.5714285714285714,0.7272727272727273,0.09090909090909091,0.18181818181818182
TR215*0102*2000*02_A4,24.0,17,1.0,0.17647058823529413,0.47058823529411764,0.29411764705882354,0.058823529411764705,0.0,0.0,0.6470588235294118,0.35294117647058826,0.0,0.35294117647058826,0.058823529411764705,2.235294117647059,0.5454545454545454,0.6505190311418685,0.058823529411764705,0.4117647058823529
TR219*0102*2000*02_A1,31.0,9,1.0,0.4444444444444444,0.0,0.5555555555555556,0.0,0.0,0.0,0.4444444444444444,0.5555555555555556,0.0,0.5555555555555556,0.0,2.111111111111111,1.25,0.9876543209876544,0.1111111111111111,0.0
TR219*0102*2000*02_A4,31.0,10,1.0,0.4,0.3,0.0,0.3,0.0,0.0,0.7,0.3,0.0,0.3,0.3,2.2,0.42857142857142855,1.56,0.1,0.3
TR228*0102*2000*02_A1,31.0,16,1.0,0.6875,0.125,0.0,0.125,0.0625,0.0,0.8125,0.125,0.0625,0.1875,0.1875,1.75,0.23076923076923078,1.6875,0.0625,0.0
TR228*0102*2000*02_A3,31.0,7,1.0,0.42857142857142855,0.14285714285714285,0.14285714285714285,0.0,0.14285714285714285,0.14285714285714285,0.5714285714285714,0.14285714285714285,0.2857142857142857,0.42857142857142855,0.2857142857142857,2.7142857142857144,0.75,3.6326530612244894,0.14285714285714285,0.0
TR231*0102*2000*02_A1,27.0,5,1.0,0.6,0.0,0.2,0.2,0.0,0.0,0.6,0.4,0.0,0.4,0.2,2.0,0.6666666666666666,1.6,0.0,0.0
TR231*0102*2000*02_A4,27.0,11,1.0,0.2727272727272727,0.45454545454545453,0.09090909090909091,0.0,0.18181818181818182,0.0,0.7272727272727273,0.09090909090909091,0.18181818181818182,0.2727272727272727,0.18181818181818182,2.3636363636363638,0.375,1.8677685950413225,0.18181818181818182,0.36363636363636365
TR233*0102*2000*02_A1,33.0,10,1.0,0.3,0.1,0.0,0.5,0.0,0.1,0.4,0.5,0.1,0.6,0.6,3.1,1.5,2.69,0.0,0.1
TR233*0102*2000*02_A4,33.0,13,0.9230769230769231,0.16666666666666666,0.25,0.4166666666666667,0.08333333333333333,0.0,0.08333333333333333,0.4166666666666667,0.5,0.08333333333333333,0.5833333333333334,0.16666666666666666,2.75,1.4,1.6875,0.15384615384615385,0.07692307692307693
TR21*0102*2000*02_A1,26.0,8,1.0,0.625,0.0,0.25,0.125,0.0,0.0,0.625,0.375,0.0,0.375,0.125,1.875,0.6,1.359375,0.125,0.0
TR21*0102*2000*02_A2,26.0,6,1.0,0.16666666666666666,0.3333333333333333,0.3333333333333333,0.16666666666666666,0.0,0.0,0.5,0.5,0.0,0.5,0.16666666666666666,2.5,1.0,0.9166666666666666,0.0,0.16666666666666666
TR23*0102*2000*02_A1,12.0,7,1.0,0.5714285714285714,0.2857142857142857,0.0,0.14285714285714285,0.0,0.0,0.8571428571428571,0.14285714285714285,0.0,0.14285714285714285,0.14285714285714285,1.7142857142857142,0.16666666666666666,1.0612244897959182,0.0,0.14285714285714285
TR23*0102*2000*02_A4,12.0,3,1.0,0.3333333333333333,0.0,0.0,0.0,0.3333333333333333,0.3333333333333333,0.3333333333333333,0.0,0.6666666666666666,0.6666666666666666,0.6666666666666666,4.0,2.0,4.666666666666667,0.3333333333333333,0.0
TR25*0102*2000*02_A1,29.0,4,1.0,0.25,0.0,0.5,0.0,0.0,0.25,0.25,0.5,0.25,0.75,0.25,3.25,3.0,3.1875,0.5,0.0
TR25*0102*2000*02_A4,29.0,7,1.0,0.14285714285714285,0.2857142857142857,0.14285714285714285,0.14285714285714285,0.0,0.2857142857142857,0.42857142857142855,0.2857142857142857,0.2857142857142857,0.5714285714285714,0.42857142857142855,3.4285714285714284,1.3333333333333333,3.387755102040817,0.2857142857142857,0.14285714285714285
TR36*0102*2000*02_A1,24.0,10,1.0,0.3,0.1,0.2,0.2,0.0,0.2,0.4,0.4,0.2,0.6,0.4,3.1,1.5,3.29,0.1,0.1
TR36*0102*2000*02_A2,24.0,12,1.0,0.08333333333333333,0.16666666666666666,0.3333333333333333,0.25,0.0,0.16666666666666666,0.25,0.5833333333333334,0.16666666666666666,0.75,0.4166666666666667,3.4166666666666665,3.0,2.076388888888889,0.0,0.08333333333333333
TR240*0102*2000*02_A1,26.0,10,1.0,0.4,0.0,0.5,0.0,0.0,0.1,0.4,0.5,0.1,0.6,0.1,2.5,1.5,2.25,0.0,0.0
TR240*0102*2000*02_A4,26.0,10,1.0,0.4,0.5,0.0,0.1,0.0,0.0,0.9,0.1,0.0,0.1,0.1,1.8,0.1111111111111111,0.7600000000000001,0.0,0.0
TR247*0102*2000*02_A1,25.0,14,1.0,0.35714285714285715,0.07142857142857142,0.2857142857142857,0.14285714285714285,0.07142857142857142,0.07142857142857142,0.42857142857142855,0.42857142857142855,0.14285714285714285,0.5714285714285714,0.2857142857142857,2.7142857142857144,1.3333333333333333,2.489795918367347,0.0,0.0
TR247*0102*2000*02_A4,25.0,6,1.0,0.3333333333333333,0.16666666666666666,0.16666666666666666,0.16666666666666666,0.16666666666666666,0.0,0.5,0.3333333333333333,0.16666666666666666,0.5,0.3333333333333333,2.6666666666666665,1.0,2.222222222222222,0.3333333333333333,0.0
TR284*0102*2000*02_A1,33.0,11,1.0,0.5454545454545454,0.0,0.2727272727272727,0.18181818181818182,0.0,0.0,0.5454545454545454,0.45454545454545453,0.0,0.45454545454545453,0.18181818181818182,2.090909090909091,0.8333333333333334,1.537190082644628,0.0,0.0
TR284*0102*2000*02_A4,33.0,8,1.0,0.125,0.25,0.375,0.0,0.125,0.125,0.375,0.375,0.25,0.625,0.25,3.125,1.6666666666666667,2.359375,0.5,0.375
TR289*0102*2000*02_A1,31.0,9,1.0,0.3333333333333333,0.1111111111111111,0.1111111111111111,0.3333333333333333,0.0,0.1111111111111111,0.4444444444444444,0.4444444444444444,0.1111111111111111,0.5555555555555556,0.4444444444444444,2.888888888888889,1.25,2.765432098765432,0.0,0.1111111111111111
TR289*0102*2000*02_A4,31.0,7,0.8571428571428571,0.5,0.3333333333333333,0.0,0.0,0.16666666666666666,0.0,0.8333333333333334,0.0,0.16666666666666666,0.16666666666666666,0.16666666666666666,2.0,0.2,2.0,0.2857142857142857,0.2857142857142857
TR384*0102*2000*02_A1,28.0,9,1.0,0.6666666666666666,0.0,0.1111111111111111,0.2222222222222222,0.0,0.0,0.6666666666666666,0.3333333333333333,0.0,0.3333333333333333,0.2222222222222222,1.8888888888888888,0.5,1.654320987654321,0.0,0.0
TR384*0102*2000*02_A4,28.0,15,1.0,0.4666666666666667,0.2,0.13333333333333333,0.06666666666666667,0.13333333333333333,0.0,0.6666666666666666,0.2,0.13333333333333333,0.3333333333333333,0.2,2.2,0.5,2.026666666666667,0.13333333333333333,0.2
TR396*0102*2000*02_A1,31.0,8,1.0,0.625,0.125,0.125,0.0,0.0,0.125,0.75,0.125,0.125,0.25,0.125,2.0,0.3333333333333333,2.75,0.125,0.0
TR396*0102*2000*02_A4,31.0,4,1.0,0.25,0.25,0.25,0.0,0.25,0.0,0.5,0.25,0.25,0.5,0.25,2.75,1.0,2.1875,0.25,0.25
TR397*0102*2000*02_A1,25.0,9,1.0,1.0,0.0,0.0,0.0,0.0,0.0,1.0,0.0,0.0,0.0,0.0,1.0,0.0,0.0,0.1111111111111111,0.0
TR397*0102*2000*02_A4,25.0,6,0.8333333333333334,0.4,0.4,0.0,0.2,0.0,0.0,0.8,0.2,0.0,0.2,0.2,2.0,0.25,1.2,0.16666666666666666,0.16666666666666666
TR406*0102*2000*02_A1,27.0,16,0.9375,0.5333333333333333,0.13333333333333333,0.06666666666666667,0.13333333333333333,0.0,0.13333333333333333,0.6666666666666666,0.2,0.13333333333333333,0.3333333333333333,0.26666666666666666,2.3333333333333335,0.5,3.155555555555556,0.0625,0.125
TR406*0102*2000*02_A3,27.0,6,0.8333333333333334,0.0,0.4,0.4,0.0,0.2,0.0,0.4,0.4,0.2,0.6,0.2,3.0,1.5,1.2,0.16666666666666666,0.16666666666666666
TR2*0102*2000*01_A1,29.0,6,1.0,0.8333333333333334,0.0,0.16666666666666666,0.0,0.0,0.0,0.8333333333333334,0.16666666666666666,0.0,0.16666666666666666,0.0,1.3333333333333333,0.2,0.5555555555555556,0.0,0.0
TR2*0102*2000*01_A3,29.0,8,1.0,0.375,0.0,0.5,0.125,0.0,0.0,0.375,0.625,0.0,0.625,0.125,2.375,1.6666666666666667,1.234375,0.125,0.25
TR6*0102*2000*01_A1,30.0,9,1.0,0.2222222222222222,0.2222222222222222,0.3333333333333333,0.2222222222222222,0.0,0.0,0.4444444444444444,0.5555555555555556,0.0,0.5555555555555556,0.2222222222222222,2.5555555555555554,1.25,1.1358024691358024,0.1111111111111111,0.2222222222222222
TR6*0102*2000*01_A2,30.0,7,0.8571428571428571,0.16666666666666666,0.0,0.8333333333333334,0.0,0.0,0.0,0.16666666666666666,0.8333333333333334,0.0,0.8333333333333334,0.0,2.6666666666666665,5.0,0.5555555555555555,0.0,0.14285714285714285
TR9*0102*2000*01_A1,21.0,5,1.0,0.4,0.2,0.2,0.2,0.0,0.0,0.6,0.4,0.0,0.4,0.2,2.2,0.6666666666666666,1.3599999999999999,0.2,0.0
TR9*0102*2000*01_A3,21.0,5,1.0,0.2,0.2,0.2,0.4,0.0,0.0,0.4,0.6,0.0,0.6,0.4,2.8,1.5,1.3599999999999999,0.0,0.2
TR10*0102*2000*01_A1,23.0,8,1.0,0.125,0.25,0.25,0.125,0.125,0.125,0.375,0.375,0.25,0.625,0.375,3.25,1.6666666666666667,2.4375,0.25,0.125
TR10*0102*2000*01_A4,23.0,11,1.0,0.2727272727272727,0.2727272727272727,0.36363636363636365,0.09090909090909091,0.0,0.0,0.5454545454545454,0.45454545454545453,0.0,0.45454545454545453,0.09090909090909091,2.272727272727273,0.8333333333333334,0.9256198347107438,0.09090909090909091,0.09090909090909091
TR12*0102*2000*01_A1,15.0,2,1.0,0.5,0.0,0.0,0.5,0.0,0.0,0.5,0.5,0.0,0.5,0.5,2.5,1.0,2.25,0.0,0.0
TR12*0102*2000*01_A4,15.0,5,1.0,0.2,0.2,0.4,0.2,0.0,0.0,0.4,0.6,0.0,0.6,0.2,2.6,1.5,1.04,0.4,0.2
TR14*0102*2000*01_A1,32.0,7,1.0,0.2857142857142857,0.2857142857142857,0.0,0.42857142857142855,0.0,0.0,0.5714285714285714,0.42857142857142855,0.0,0.42857142857142855,0.42857142857142855,2.5714285714285716,0.75,1.6734693877551021,0.0,0.2857142857142857
TR14*0102*2000*01_A2,32.0,5,0.8,0.25,0.25,0.0,0.25,0.0,0.25,0.5,0.25,0.25,0.5,0.5,3.25,1.0,3.6875,0.0,0.2
TR18*0102*2000*01_A1,33.0,11,1.0,0.45454545454545453,0.09090909090909091,0.18181818181818182,0.2727272727272727,0.0,0.0,0.5454545454545454,0.45454545454545453,0.0,0.45454545454545453,0.2727272727272727,2.272727272727273,0.8333333333333334,1.652892561983471,0.09090909090909091,0.09090909090909091
TR18*0102*2000*01_A2,33.0,7,0.8571428571428571,0.16666666666666666,0.3333333333333333,0.3333333333333333,0.0,0.0,0.16666666666666666,0.5,0.3333333333333333,0.16666666666666666,0.5,0.16666666666666666,2.8333333333333335,1.0,2.4722222222222223,0.14285714285714285,0.14285714285714285
TR19*0102*2000*01_A1,22.0,3,0.6666666666666666,0.0,0.0,0.5,0.5,0.0,0.0,0.0,1.0,0.0,1.0,0.5,3.5,nan,0.25,0.3333333333333333,0.3333333333333333
TR19*0102*2000*01_A2,22.0,13,1.0,0.23076923076923078,0.15384615384615385,0.46153846153846156,0.15384615384615385,0.0,0.0,0.38461538461538464,0.6153846153846154,0.0,0.6153846153846154,0.15384615384615385,2.5384615384615383,1.6,1.017751479289941,0.07692307692307693,0.15384615384615385
TR20*0102*2000*01_A1,30.0,11,1.0,0.18181818181818182,0.09090909090909091,0.36363636363636365,0.2727272727272727,0.09090909090909091,0.0,0.2727272727272727,0.6363636363636364,0.09090909090909091,0.7272727272727273,0.36363636363636365,3.0,2.6666666666666665,1.4545454545454546,0.0,0.0
TR20*0102*2000*01_A2,30.0,13,0.9230769230769231,0.0,0.16666666666666666,0.5,0.25,0.08333333333333333,0.0,0.16666666666666666,0.75,0.08333333333333333,0.8333333333333334,0.3333333333333333,3.25,5.0,0.6875,0.15384615384615385,0.15384615384615385
TR417*0102*2000*01_A1,31.0,11,1.0,0.18181818181818182,0.18181818181818182,0.45454545454545453,0.18181818181818182,0.0,0.0,0.36363636363636365,0.6363636363636364,0.0,0.6363636363636364,0.18181818181818182,2.6363636363636362,1.75,0.9586776859504131,0.09090909090909091,0.0
TR417*0102*2000*01_A2,31.0,14,0.8571428571428571,0.16666666666666666,0.16666666666666666,0.5,0.0,0.16666666666666666,0.0,0.3333333333333333,0.5,0.16666666666666666,0.6666666666666666,0.16666666666666666,2.8333333333333335,2.0,1.4722222222222225,0.35714285714285715,0.21428571428571427
TR419*0102*2000*01_A1,20.0,5,1.0,0.2,0.0,0.2,0.4,0.2,0.0,0.2,0.6,0.2,0.8,0.6,3.4,4.0,1.8399999999999999,0.2,0.2
TR419*0102*2000*01_A4,20.0,10,1.0,0.0,0.3,0.3,0.2,0.1,0.1,0.3,0.5,0.2,0.7,0.4,3.4,2.3333333333333335,1.64,0.1,0.2
TR420*0102*2000*01_A1,33.0,10,1.0,0.3,0.2,0.2,0.3,0.0,0.0,0.5,0.5,0.0,0.5,0.3,2.5,1.0,1.45,0.0,0.1
TR420*0102*2000*01_A4,33.0,10,1.0,0.2,0.4,0.2,0.0,0.1,0.1,0.6,0.2,0.2,0.4,0.2,2.7,0.6666666666666666,2.41,0.3,0.2
TR422*0102*2000*01_A1,26.0,11,1.0,0.0,0.36363636363636365,0.18181818181818182,0.45454545454545453,0.0,0.0,0.36363636363636365,0.6363636363636364,0.0,0.6363636363636364,0.45454545454545453,3.090909090909091,1.75,0.8099173553719008,0.2727272727272727,0.09090909090909091
TR422*0102*2000*01_A2,26.0,9,1.0,0.2222222222222222,0.1111111111111111,0.4444444444444444,0.1111111111111111,0.1111111111111111,0.0,0.3333333333333333,0.5555555555555556,0.1111111111111111,0.6666666666666666,0.2222222222222222,2.7777777777777777,2.0,1.506172839506173,0.1111111111111111,0.0
TR426*0102*2000*01_A1,27.0,17,0.9411764705882353,0.125,0.25,0.4375,0.1875,0.0,0.0,0.375,0.625,0.0,0.625,0.1875,2.6875,1.6666666666666667,0.83984375,0.23529411764705882,0.17647058823529413
TR426*0102*2000*01_A3,27.0,7,1.0,0.14285714285714285,0.0,0.42857142857142855,0.42857142857142855,0.0,0.0,0.14285714285714285,0.8571428571428571,0.0,0.8571428571428571,0.42857142857142855,3.142857142857143,6.0,0.9795918367346939,0.0,0.42857142857142855
TR428*0102*2000*01_A1,30.0,12,0.9166666666666666,0.2727272727272727,0.09090909090909091,0.36363636363636365,0.2727272727272727,0.0,0.0,0.36363636363636365,0.6363636363636364,0.0,0.6363636363636364,0.2727272727272727,2.6363636363636362,1.75,1.3223140495867767,0.25,0.08333333333333333
TR428*0102*2000*01_A2,30.0,15,0.9333333333333333,0.35714285714285715,0.14285714285714285,0.35714285714285715,0.07142857142857142,0.07142857142857142,0.0,0.5,0.42857142857142855,0.07142857142857142,0.5,0.14285714285714285,2.357142857142857,1.0,1.5153061224489797,0.13333333333333333,0.2
TR429*0102*2000*01_A1,30.0,9,1.0,0.3333333333333333,0.1111111111111111,0.2222222222222222,0.3333333333333333,0.0,0.0,0.4444444444444444,0.5555555555555556,0.0,0.5555555555555556,0.3333333333333333,2.5555555555555554,1.25,1.5802469135802468,0.2222222222222222,0.0
TR429*0102*2000*01_A4,30.0,9,1.0,0.1111111111111111,0.3333333333333333,0.2222222222222222,0.2222222222222222,0.0,0.1111111111111111,0.4444444444444444,0.4444444444444444,0.1111111111111111,0.5555555555555556,0.3333333333333333,3.0,1.25,2.0,0.1111111111111111,0.1111111111111111
TR432*0102*2000*01_A1,24.0,8,1.0,0.5,0.0,0.25,0.125,0.0,0.125,0.5,0.375,0.125,0.5,0.25,2.5,1.0,3.0,0.0,0.125
TR432*0102*2000*01_A3,24.0,11,0.9090909090909091,0.3,0.1,0.4,0.2,0.0,0.0,0.4,0.6,0.0,0.6,0.2,2.5,1.5,1.25,0.09090909090909091,0.36363636363636365
TR434*0102*2000*01_A1,15.0,6,1.0,0.5,0.16666666666666666,0.16666666666666666,0.16666666666666666,0.0,0.0,0.6666666666666666,0.3333333333333333,0.0,0.3333333333333333,0.16666666666666666,2.0,0.5,1.3333333333333333,0.16666666666666666,0.16666666666666666
TR434*0102*2000*01_A4,15.0,6,1.0,0.3333333333333333,0.16666666666666666,0.5,0.0,0.0,0.0,0.5,0.5,0.0,0.5,0.0,2.1666666666666665,1.0,0.8055555555555555,0.0,0.16666666666666666
TR435*0102*2000*01_A1,36.0,15,0.9333333333333333,0.14285714285714285,0.21428571428571427,0.14285714285714285,0.35714285714285715,0.14285714285714285,0.0,0.35714285714285715,0.5,0.14285714285714285,0.6428571428571429,0.5,3.142857142857143,1.8,1.6938775510204083,0.2,0.13333333333333333
TR435*0102*2000*01_A2,36.0,17,1.0,0.058823529411764705,0.058823529411764705,0.17647058823529413,0.5882352941176471,0.11764705882352941,0.0,0.11764705882352941,0.7647058823529411,0.11764705882352941,0.8823529411764706,0.7058823529411765,3.6470588235294117,7.5,0.9342560553633218,0.23529411764705882,0.058823529411764705
TR437*0102*2000*01_A1,24.0,10,0.9,0.0,0.0,0.4444444444444444,0.4444444444444444,0.0,0.1111111111111111,0.0,0.8888888888888888,0.1111111111111111,1.0,0.5555555555555556,3.7777777777777777,nan,0.8395061728395062,0.2,0.3
TR437*0102*2000*01_A4,24.0,16,1.0,0.0625,0.25,0.3125,0.375,0.0,0.0,0.3125,0.6875,0.0,0.6875,0.375,3.0,2.2,0.875,0.0,0.0625
TR439*0102*2000*01_A1,22.0,4,1.0,0.25,0.0,0.0,0.75,0.0,0.0,0.25,0.75,0.0,0.75,0.75,3.25,3.0,1.6875,0.0,0.0
TR439*0102*2000*01_A4,22.0,9,0.8888888888888888,0.125,0.5,0.0,0.25,0.0,0.125,0.625,0.25,0.125,0.375,0.375,2.875,0.6,2.359375,0.0,0.1111111111111111
TR440*0102*2000*01_A1,25.0,9,1.0,0.1111111111111111,0.1111111111111111,0.3333333333333333,0.4444444444444444,0.0,0.0,0.2222222222222222,0.7777777777777778,0.0,0.7777777777777778,0.4444444444444444,3.111111111111111,3.5,0.9876543209876544,0.0,0.2222222222222222
TR440*0102*2000*01_A4,25.0,3,1.0,0.0,0.3333333333333333,0.3333333333333333,0.3333333333333333,0.0,0.0,0.3333333333333333,0.6666666666666666,0.0,0.6666666666666666,0.3333333333333333,3.0,2.0,0.6666666666666666,0.0,0.0
TR441*0102*2000*01_A1,33.0,15,1.0,0.2,0.2,0.2,0.4,0.0,0.0,0.4,0.6,0.0,0.6,0.4,2.8,1.5,1.36,0.13333333333333333,0.13333333333333333
TR441*0102*2000*01_A4,33.0,12,1.0,0.16666666666666666,0.3333333333333333,0.16666666666666666,0.3333333333333333,0.0,0.0,0.5,0.5,0.0,0.5,0.3333333333333333,2.6666666666666665,1.0,1.222222222222222,0.08333333333333333,0.16666666666666666
TR444*0102*2000*01_A1,20.0,8,0.875,0.5714285714285714,0.0,0.2857142857142857,0.14285714285714285,0.0,0.0,0.5714285714285714,0.42857142857142855,0.0,0.42857142857142855,0.14285714285714285,2.0,0.75,1.4285714285714286,0.125,0.125
TR444*0102*2000*01_A2,20.0,11,0.9090909090909091,0.2,0.1,0.4,0.1,0.1,0.1,0.3,0.5,0.2,0.7,0.3,3.1,2.3333333333333335,2.29,0.18181818181818182,0.18181818181818182
TR445*0102*2000*01_A1,25.0,9,1.0,0.1111111111111111,0.0,0.4444444444444444,0.4444444444444444,0.0,0.0,0.1111111111111111,0.8888888888888888,0.0,0.8888888888888888,0.4444444444444444,3.2222222222222223,8.0,0.8395061728395062,0.1111111111111111,0.1111111111111111
TR445*0102*2000*01_A4,25.0,9,1.0,0.2222222222222222,0.1111111111111111,0.4444444444444444,0.2222222222222222,0.0,0.0,0.3333333333333333,0.6666666666666666,0.0,0.6666666666666666,0.2222222222222222,2.6666666666666665,2.0,1.1111111111111112,0.1111111111111111,0.1111111111111111
TR448*0102*2000*01_A1,24.0,8,1.0,0.125,0.0,0.25,0.625,0.0,0.0,0.125,0.875,0.0,0.875,0.625,3.375,7.0,0.984375,0.25,0.0
TR448*0102*2000*01_A2,24.0,13,0.6923076923076923,0.4444444444444444,0.0,0.5555555555555556,0.0,0.0,0.0,0.4444444444444444,0.5555555555555556,0.0,0.5555555555555556,0.0,2.111111111111111,1.25,0.9876543209876544,0.3076923076923077,0.3076923076923077
TR450*0102*2000*01_A1,28.0,8,1.0,0.375,0.0,0.125,0.5,0.0,0.0,0.375,0.625,0.0,0.625,0.5,2.75,1.6666666666666667,1.9375,0.0,0.25
TR450*0102*2000*01_A4,28.0,6,1.0,0.3333333333333333,0.5,0.16666666666666666,0.0,0.0,0.0,0.8333333333333334,0.16666666666666666,0.0,0.16666666666666666,0.0,1.8333333333333333,0.2,0.47222222222222215,0.0,0.16666666666666666
TR452*0102*2000*01_A1,37.0,10,1.0,0.4,0.1,0.3,0.2,0.0,0.0,0.5,0.5,0.0,0.5,0.2,2.3,1.0,1.41,0.1,0.1
TR452*0102*2000*01_A2,37.0,17,1.0,0.058823529411764705,0.23529411764705882,0.35294117647058826,0.29411764705882354,0.058823529411764705,0.0,0.29411764705882354,0.6470588235294118,0.058823529411764705,0.7058823529411765,0.35294117647058826,3.0588235294117645,2.4,0.9965397923875433,0.23529411764705882,0.058823529411764705
TR455*0102*2000*01_A1,24.0,8,0.875,0.0,0.42857142857142855,0.0,0.42857142857142855,0.0,0.14285714285714285,0.42857142857142855,0.42857142857142855,0.14285714285714285,0.5714285714285714,0.5714285714285714,3.4285714285714284,1.3333333333333333,1.959183673469388,0.0,0.375
TR455*0102*2000*01_A4,24.0,6,1.0,0.3333333333333333,0.0,0.3333333333333333,0.3333333333333333,0.0,0.0,0.3333333333333333,0.6666666666666666,0.0,0.6666666666666666,0.3333333333333333,2.6666666666666665,2.0,1.5555555555555554,0.16666666666666666,0.16666666666666666
TR457*0102*2000*01_A1,24.0,6,1.0,0.5,0.16666666666666666,0.16666666666666666,0.16666666666666666,0.0,0.0,0.6666666666666666,0.3333333333333333,0.0,0.3333333333333333,0.16666666666666666,2.0,0.5,1.3333333333333333,0.0,0.16666666666666666
TR457*0102*2000*01_A2,24.0,13,1.0,0.15384615384615385,0.3076923076923077,0.15384615384615385,0.23076923076923078,0.15384615384615385,0.0,0.46153846153846156,0.38461538461538464,0.15384615384615385,0.5384615384615384,0.38461538461538464,2.923076923076923,1.1666666666666667,1.7633136094674553,0.23076923076923078,0.07692307692307693
TR460*0102*2000*01_A1,24.0,10,1.0,0.0,0.1,0.4,0.5,0.0,0.0,0.1,0.9,0.0,0.9,0.5,3.4,9.0,0.44000000000000006,0.0,0.1
TR460*0102*2000*01_A3,24.0,7,1.0,0.0,0.14285714285714285,0.0,0.7142857142857143,0.0,0.14285714285714285,0.14285714285714285,0.7142857142857143,0.14285714285714285,0.8571428571428571,0.8571428571428571,4.0,6.0,1.1428571428571428,0.0,0.14285714285714285
TR461*0102*2000*01_A1,16.0,6,0.8333333333333334,0.4,0.0,0.2,0.4,0.0,0.0,0.4,0.6,0.0,0.6,0.4,2.6,1.5,1.8400000000000003,0.0,0.16666666666666666
TR461*0102*2000*01_A4,16.0,6,1.0,0.16666666666666666,0.16666666666666666,0.16666666666666666,0.0,0.0,0.5,0.3333333333333333,0.16666666666666666,0.5,0.6666666666666666,0.5,4.0,2.0,4.333333333333333,0.16666666666666666,0.0
TR462*0102*2000*01_A1,26.0,8,1.0,0.375,0.125,0.25,0.25,0.0,0.0,0.5,0.5,0.0,0.5,0.25,2.375,1.0,1.484375,0.125,0.0
TR462*0102*2000*01_A2,26.0,5,1.0,0.2,0.0,0.4,0.2,0.0,0.2,0.2,0.6,0.2,0.8,0.4,3.4,4.0,2.6399999999999997,0.0,0.0
TR463*0102*2000*01_A1,20.0,6,1.0,0.3333333333333333,0.3333333333333333,0.16666666666666666,0.16666666666666666,0.0,0.0,0.6666666666666666,0.3333333333333333,0.0,0.3333333333333333,0.16666666666666666,2.1666666666666665,0.5,1.1388888888888888,0.16666666666666666,0.0
TR463*0102*2000*01_A3,20.0,9,1.0,0.1111111111111111,0.2222222222222222,0.4444444444444444,0.1111111111111111,0.1111111111111111,0.0,0.3333333333333333,0.5555555555555556,0.1111111111111111,0.6666666666666666,0.2222222222222222,2.888888888888889,2.0,1.2098765432098766,0.0,0.1111111111111111
TR464*0102*2000*01_A1,23.0,9,0.7777777777777778,0.2857142857142857,0.42857142857142855,0.0,0.2857142857142857,0.0,0.0,0.7142857142857143,0.2857142857142857,0.0,0.2857142857142857,0.2857142857142857,2.2857142857142856,0.4,1.346938775510204,0.1111111111111111,0.3333333333333333
TR464*0102*2000*01_A4,23.0,11,1.0,0.18181818181818182,0.18181818181818182,0.2727272727272727,0.2727272727272727,0.0,0.09090909090909091,0.36363636363636365,0.5454545454545454,0.09090909090909091,0.6363636363636364,0.36363636363636365,3.0,1.75,2.0,0.18181818181818182,0.0
TR466*0102*2000*01_A1,24.0,10,1.0,0.4,0.0,0.4,0.2,0.0,0.0,0.4,0.6,0.0,0.6,0.2,2.4,1.5,1.44,0.0,0.2
TR466*0102*2000*01_A2,24.0,7,1.0,0.14285714285714285,0.14285714285714285,0.2857142857142857,0.14285714285714285,0.14285714285714285,0.14285714285714285,0.2857142857142857,0.42857142857142855,0.2857142857142857,0.7142857142857143,0.42857142857142855,3.4285714285714284,2.5,2.5306122448979593,0.14285714285714285,0.0
TR470*0102*2000*01_A1,25.0,6,1.0,0.16666666666666666,0.0,0.5,0.16666666666666666,0.0,0.16666666666666666,0.16666666666666666,0.6666666666666666,0.16666666666666666,0.8333333333333334,0.3333333333333333,3.3333333333333335,5.0,2.2222222222222228,0.0,0.3333333333333333
TR470*0102*2000*01_A2,25.0,16,1.0,0.25,0.3125,0.3125,0.125,0.0,0.0,0.5625,0.4375,0.0,0.4375,0.125,2.3125,0.7777777777777778,0.96484375,0.0625,0.125
TR473*0102*2000*01_A1,22.0,7,1.0,0.2857142857142857,0.2857142857142857,0.0,0.2857142857142857,0.0,0.14285714285714285,0.5714285714285714,0.2857142857142857,0.14285714285714285,0.42857142857142855,0.42857142857142855,2.857142857142857,0.75,2.9795918367346945,0.0,0.2857142857142857
TR473*0102*2000*01_A4,22.0,11,1.0,0.2727272727272727,0.2727272727272727,0.36363636363636365,0.09090909090909091,0.0,0.0,0.5454545454545454,0.45454545454545453,0.0,0.45454545454545453,0.09090909090909091,2.272727272727273,0.8333333333333334,0.9256198347107438,0.0,0.09090909090909091
TR474*0102*2000*01_A1,32.0,6,1.0,0.16666666666666666,0.0,0.0,0.8333333333333334,0.0,0.0,0.16666666666666666,0.8333333333333334,0.0,0.8333333333333334,0.8333333333333334,3.5,5.0,1.25,0.3333333333333333,0.16666666666666666
TR474*0102*2000*01_A2,32.0,6,1.0,0.16666666666666666,0.16666666666666666,0.3333333333333333,0.3333333333333333,0.0,0.0,0.3333333333333333,0.6666666666666666,0.0,0.6666666666666666,0.3333333333333333,2.8333333333333335,2.0,1.1388888888888888,0.0,0.16666666666666666
TR476*0102*2000*01_A1,33.0,13,1.0,0.15384615384615385,0.23076923076923078,0.23076923076923078,0.38461538461538464,0.0,0.0,0.38461538461538464,0.6153846153846154,0.0,0.6153846153846154,0.38461538461538464,2.8461538461538463,1.6,1.2071005917159763,0.15384615384615385,0.23076923076923078
TR476*0102*2000*01_A2,33.0,23,1.0,0.21739130434782608,0.13043478260869565,0.43478260869565216,0.13043478260869565,0.043478260869565216,0.043478260869565216,0.34782608695652173,0.5652173913043478,0.08695652173913043,0.6521739130434783,0.21739130434782608,2.782608695652174,1.875,1.6483931947069943,0.08695652173913043,0.043478260869565216
TR477*0102*2000*01_A1,23.0,21,1.0,0.14285714285714285,0.19047619047619047,0.2857142857142857,0.38095238095238093,0.0,0.0,0.3333333333333333,0.6666666666666666,0.0,0.6666666666666666,0.38095238095238093,2.9047619047619047,2.0,1.1337868480725624,0.14285714285714285,0.09523809523809523
TR477*0102*2000*01_A4,23.0,13,0.9230769230769231,0.0,0.16666666666666666,0.4166666666666667,0.4166666666666667,0.0,0.0,0.16666666666666666,0.8333333333333334,0.0,0.8333333333333334,0.4166666666666667,3.25,5.0,0.5208333333333334,0.07692307692307693,0.23076923076923078
TR479*0102*2000*01_A1,30.0,10,1.0,0.4,0.2,0.2,0.1,0.1,0.0,0.6,0.3,0.1,0.4,0.2,2.3,0.6666666666666666,1.8099999999999998,0.0,0.2
TR479*0102*2000*01_A2,30.0,18,1.0,0.16666666666666666,0.2222222222222222,0.2222222222222222,0.1111111111111111,0.05555555555555555,0.2222222222222222,0.3888888888888889,0.3333333333333333,0.2777777777777778,0.6111111111111112,0.3888888888888889,3.3333333333333335,1.5714285714285714,3.1111111111111116,0.16666666666666666,0.3333333333333333
TR481*0102*2000*01_A1,28.0,10,0.8,0.0,0.0,0.625,0.25,0.125,0.0,0.0,0.875,0.125,1.0,0.375,3.5,nan,0.5,0.2,0.2
TR481*0102*2000*01_A2,28.0,18,1.0,0.16666666666666666,0.3333333333333333,0.3333333333333333,0.1111111111111111,0.05555555555555555,0.0,0.5,0.4444444444444444,0.05555555555555555,0.5,0.16666666666666666,2.5555555555555554,1.0,1.1358024691358024,0.1111111111111111,0.16666666666666666
TR483*0102*2000*01_A1,25.0,12,0.9166666666666666,0.18181818181818182,0.18181818181818182,0.2727272727272727,0.2727272727272727,0.0,0.09090909090909091,0.36363636363636365,0.5454545454545454,0.09090909090909091,0.6363636363636364,0.36363636363636365,3.0,1.75,2.0,0.08333333333333333,0.16666666666666666
TR483*0102*2000*01_A3,25.0,9,1.0,0.2222222222222222,0.0,0.4444444444444444,0.2222222222222222,0.0,0.1111111111111111,0.2222222222222222,0.6666666666666666,0.1111111111111111,0.7777777777777778,0.3333333333333333,3.111111111111111,3.5,2.0987654320987654,0.0,0.1111111111111111
TR484*0102*2000*01_A1,37.0,13,1.0,0.0,0.15384615384615385,0.3076923076923077,0.5384615384615384,0.0,0.0,0.15384615384615385,0.8461538461538461,0.0,0.8461538461538461,0.5384615384615384,3.3846153846153846,5.5,0.5443786982248521,0.07692307692307693,0.07692307692307693
TR484*0102*2000*01_A3,37.0,11,1.0,0.09090909090909091,0.2727272727272727,0.45454545454545453,0.18181818181818182,0.0,0.0,0.36363636363636365,0.6363636363636364,0.0,0.6363636363636364,0.18181818181818182,2.727272727272727,1.75,0.7438016528925618,0.0,0.18181818181818182
TR490*0102*2000*01_A1,20.0,7,1.0,0.14285714285714285,0.42857142857142855,0.14285714285714285,0.2857142857142857,0.0,0.0,0.5714285714285714,0.42857142857142855,0.0,0.42857142857142855,0.2857142857142857,2.5714285714285716,0.75,1.1020408163265307,0.0,0.14285714285714285
TR490*0102*2000*01_A4,20.0,7,1.0,0.0,0.14285714285714285,0.2857142857142857,0.2857142857142857,0.14285714285714285,0.14285714285714285,0.14285714285714285,0.5714285714285714,0.2857142857142857,0.8571428571428571,0.5714285714285714,3.857142857142857,6.0,1.551020408163265,0.0,0.14285714285714285
TR492*0102*2000*01_A1,26.0,15,0.9333333333333333,0.0,0.42857142857142855,0.2857142857142857,0.2857142857142857,0.0,0.0,0.42857142857142855,0.5714285714285714,0.0,0.5714285714285714,0.2857142857142857,2.857142857142857,1.3333333333333333,0.6938775510204083,0.4,0.13333333333333333
TR492*0102*2000*01_A4,26.0,9,1.0,0.5555555555555556,0.2222222222222222,0.1111111111111111,0.1111111111111111,0.0,0.0,0.7777777777777778,0.2222222222222222,0.0,0.2222222222222222,0.1111111111111111,1.7777777777777777,0.2857142857142857,1.0617283950617287,0.1111111111111111,0.1111111111111111
TR82*0102*2000*01_A1,30.0,7,1.0,0.14285714285714285,0.2857142857142857,0.5714285714285714,0.0,0.0,0.0,0.42857142857142855,0.5714285714285714,0.0,0.5714285714285714,0.0,2.4285714285714284,1.3333333333333333,0.5306122448979592,0.14285714285714285,0.2857142857142857
TR82*0102*2000*01_A4,30.0,16,1.0,0.0625,0.25,0.375,0.125,0.1875,0.0,0.3125,0.5,0.1875,0.6875,0.3125,3.125,2.2,1.359375,0.0625,0.0625
TR494*0102*2000*01_A1,33.0,10,1.0,0.2,0.2,0.3,0.3,0.0,0.0,0.4,0.6,0.0,0.6,0.3,2.7,1.5,1.21,0.1,0.1
TR494*0102*2000*01_A4,33.0,7,1.0,0.14285714285714285,0.14285714285714285,0.2857142857142857,0.2857142857142857,0.14285714285714285,0.0,0.2857142857142857,0.5714285714285714,0.14285714285714285,0.7142857142857143,0.42857142857142855,3.142857142857143,2.5,1.5510204081632655,0.0,0.0
TR498*0102*2000*01_A1,23.0,10,1.0,0.2,0.1,0.4,0.2,0.1,0.0,0.3,0.6,0.1,0.7,0.3,2.9,2.3333333333333335,1.49,0.3,0.2
TR498*0102*2000*01_A2,23.0,8,0.875,0.2857142857142857,0.0,0.2857142857142857,0.0,0.42857142857142855,0.0,0.2857142857142857,0.2857142857142857,0.42857142857142855,0.7142857142857143,0.42857142857142855,3.2857142857142856,2.5,2.7755102040816326,0.375,0.125
TR500*0102*2000*01_A1,25.0,12,1.0,0.3333333333333333,0.08333333333333333,0.3333333333333333,0.25,0.0,0.0,0.4166666666666667,0.5833333333333334,0.0,0.5833333333333334,0.25,2.5,1.4,1.4166666666666667,0.08333333333333333,0.08333333333333333
TR500*0102*2000*01_A2,25.0,10,0.9,0.1111111111111111,0.3333333333333333,0.4444444444444444,0.0,0.1111111111111111,0.0,0.4444444444444444,0.4444444444444444,0.1111111111111111,0.5555555555555556,0.1111111111111111,2.6666666666666665,1.25,1.1111111111111114,0.1,0.2
TR503*0102*2000*01_A1,32.0,13,0.9230769230769231,0.3333333333333333,0.16666666666666666,0.16666666666666666,0.16666666666666666,0.08333333333333333,0.08333333333333333,0.5,0.3333333333333333,0.16666666666666666,0.5,0.3333333333333333,2.75,1.0,2.6875,0.23076923076923078,0.3076923076923077
TR503*0102*2000*01_A2,32.0,10,1.0,0.3,0.2,0.4,0.1,0.0,0.0,0.5,0.5,0.0,0.5,0.1,2.3,1.0,1.01,0.2,0.1
TR504*0102*2000*01_A1,21.0,11,1.0,0.09090909090909091,0.09090909090909091,0.2727272727272727,0.36363636363636365,0.0,0.18181818181818182,0.18181818181818182,0.6363636363636364,0.18181818181818182,0.8181818181818182,0.5454545454545454,3.6363636363636362,4.5,2.0495867768595044,0.0,0.09090909090909091
TR504*0102*2000*01_A2,21.0,11,1.0,0.36363636363636365,0.18181818181818182,0.2727272727272727,0.0,0.0,0.18181818181818182,0.5454545454545454,0.2727272727272727,0.18181818181818182,0.45454545454545453,0.18181818181818182,2.6363636363636362,0.8333333333333334,3.1404958677685944,0.0,0.0
TR511*0102*2000*01_A1,32.0,10,1.0,0.4,0.3,0.1,0.1,0.1,0.0,0.7,0.2,0.1,0.3,0.2,2.2,0.42857142857142855,1.7600000000000002,0.0,0.2
TR511*0102*2000*01_A4,32.0,9,1.0,0.0,0.4444444444444444,0.1111111111111111,0.4444444444444444,0.0,0.0,0.4444444444444444,0.5555555555555556,0.0,0.5555555555555556,0.4444444444444444,3.0,1.25,0.8888888888888888,0.0,0.1111111111111111
TR512*0102*2000*01_A1,27.0,12,1.0,0.08333333333333333,0.08333333333333333,0.4166666666666667,0.25,0.0,0.16666666666666666,0.16666666666666666,0.6666666666666666,0.16666666666666666,0.8333333333333334,0.4166666666666667,3.5,5.0,1.9166666666666667,0.08333333333333333,0.08333333333333333
TR512*0102*2000*01_A4,27.0,15,1.0,0.26666666666666666,0.2,0.4,0.06666666666666667,0.06666666666666667,0.0,0.4666666666666667,0.4666666666666667,0.06666666666666667,0.5333333333333333,0.13333333333333333,2.466666666666667,1.1428571428571428,1.3155555555555556,0.06666666666666667,0.26666666666666666
TR513*0102*2000*01_A1,25.0,3,1.0,0.0,0.3333333333333333,0.3333333333333333,0.3333333333333333,0.0,0.0,0.3333333333333333,0.6666666666666666,0.0,0.6666666666666666,0.3333333333333333,3.0,2.0,0.6666666666666666,0.0,0.0
TR513*0102*2000*01_A3,25.0,10,1.0,0.3,0.1,0.4,0.2,0.0,0.0,0.4,0.6,0.0,0.6,0.2,2.5,1.5,1.25,0.3,0.1
TR519*0102*2000*01_A1,13.0,9,1.0,0.2222222222222222,0.0,0.4444444444444444,0.1111111111111111,0.0,0.2222222222222222,0.2222222222222222,0.5555555555555556,0.2222222222222222,0.7777777777777778,0.3333333333333333,3.3333333333333335,3.5,2.8888888888888893,0.1111111111111111,0.1111111111111111
TR519*0102*2000*01_A3,13.0,5,1.0,0.0,0.2,0.6,0.2,0.0,0.0,0.2,0.8,0.0,0.8,0.2,3.0,4.0,0.4,0.0,0.4
TR523*0102*2000*01_A1,31.0,9,1.0,0.1111111111111111,0.0,0.0,0.8888888888888888,0.0,0.0,0.1111111111111111,0.8888888888888888,0.0,0.8888888888888888,0.8888888888888888,3.6666666666666665,8.0,0.8888888888888888,0.0,0.2222222222222222
TR523*0102*2000*01_A3,31.0,9,1.0,0.0,0.1111111111111111,0.4444444444444444,0.3333333333333333,0.1111111111111111,0.0,0.1111111111111111,0.7777777777777778,0.1111111111111111,0.8888888888888888,0.4444444444444444,3.4444444444444446,8.0,0.691358024691358,0.1111111111111111,0.3333333333333333
TR526*0102*2000*01_A1,34.0,7,1.0,0.14285714285714285,0.14285714285714285,0.2857142857142857,0.2857142857142857,0.14285714285714285,0.0,0.2857142857142857,0.5714285714285714,0.14285714285714285,0.7142857142857143,0.42857142857142855,3.142857142857143,2.5,1.5510204081632655,0.14285714285714285,0.2857142857142857
TR526*0102*2000*01_A2,34.0,7,1.0,0.2857142857142857,0.14285714285714285,0.14285714285714285,0.0,0.14285714285714285,0.2857142857142857,0.42857142857142855,0.14285714285714285,0.42857142857142855,0.5714285714285714,0.42857142857142855,3.4285714285714284,1.3333333333333333,4.244897959183674,0.14285714285714285,0.14285714285714285
TR528*0102*2000*01_A1,27.0,5,1.0,0.4,0.0,0.2,0.4,0.0,0.0,0.4,0.6,0.0,0.6,0.4,2.6,1.5,1.8400000000000003,0.0,0.0
TR528*0102*2000*01_A4,27.0,8,0.875,0.0,0.2857142857142857,0.42857142857142855,0.2857142857142857,0.0,0.0,0.2857142857142857,0.7142857142857143,0.0,0.7142857142857143,0.2857142857142857,3.0,2.5,0.5714285714285714,0.0,0.125
TR530*0102*2000*01_A1,22.0,5,1.0,0.4,0.2,0.2,0.2,0.0,0.0,0.6,0.4,0.0,0.4,0.2,2.2,0.6666666666666666,1.3599999999999999,0.2,0.0
TR530*0102*2000*01_A4,22.0,13,1.0,0.23076923076923078,0.3076923076923077,0.3076923076923077,0.15384615384615385,0.0,0.0,0.5384615384615384,0.46153846153846156,0.0,0.46153846153846156,0.15384615384615385,2.3846153846153846,0.8571428571428571,1.0059171597633136,0.15384615384615385,0.23076923076923078
TR532*0102*2000*01_A1,31.0,8,1.0,0.125,0.125,0.25,0.5,0.0,0.0,0.25,0.75,0.0,0.75,0.5,3.125,3.0,1.109375,0.125,0.125
TR532*0102*2000*01_A2,31.0,8,1.0,0.25,0.125,0.375,0.25,0.0,0.0,0.375,0.625,0.0,0.625,0.25,2.625,1.6666666666666667,1.234375,0.0,0.25
TR539*0102*2000*01_A1,25.0,6,0.5,0.3333333333333333,0.0,0.0,0.6666666666666666,0.0,0.0,0.3333333333333333,0.6666666666666666,0.0,0.6666666666666666,0.6666666666666666,3.0,2.0,2.0,0.0,0.5
TR539*0102*2000*01_A2,25.0,11,0.9090909090909091,0.3,0.0,0.1,0.4,0.2,0.0,0.3,0.5,0.2,0.7,0.6,3.2,2.3333333333333335,2.3600000000000003,0.09090909090909091,0.09090909090909091
TR541*0102*2000*01_A1,28.0,7,1.0,0.14285714285714285,0.5714285714285714,0.2857142857142857,0.0,0.0,0.0,0.7142857142857143,0.2857142857142857,0.0,0.2857142857142857,0.0,2.142857142857143,0.4,0.4081632653061225,0.2857142857142857,0.14285714285714285
TR541*0102*2000*01_A2,28.0,16,1.0,0.125,0.3125,0.1875,0.25,0.0,0.125,0.4375,0.4375,0.125,0.5625,0.375,3.0625,1.2857142857142858,2.18359375,0.125,0.1875
TR542*0102*2000*01_A1,21.0,8,0.875,0.2857142857142857,0.14285714285714285,0.2857142857142857,0.0,0.0,0.2857142857142857,0.42857142857142855,0.2857142857142857,0.2857142857142857,0.5714285714285714,0.2857142857142857,3.142857142857143,1.3333333333333333,3.8367346938775504,0.25,0.375
TR542*0102*2000*01_A4,21.0,10,1.0,0.2,0.3,0.1,0.1,0.0,0.3,0.5,0.2,0.3,0.5,0.4,3.3,1.0,3.8099999999999996,0.1,0.1
TR546*0102*2000*01_A1,21.0,3,1.0,0.0,0.3333333333333333,0.0,0.3333333333333333,0.0,0.3333333333333333,0.3333333333333333,0.3333333333333333,0.3333333333333333,0.6666666666666666,0.6666666666666666,4.0,2.0,2.6666666666666665,0.0,0.0
TR546*0102*2000*01_A4,21.0,7,1.0,0.0,0.14285714285714285,0.5714285714285714,0.14285714285714285,0.14285714285714285,0.0,0.14285714285714285,0.7142857142857143,0.14285714285714285,0.8571428571428571,0.2857142857142857,3.2857142857142856,6.0,0.7755102040816327,0.14285714285714285,0.14285714285714285
TR549*0102*2000*01_A1,22.0,7,1.0,0.14285714285714285,0.42857142857142855,0.14285714285714285,0.2857142857142857,0.0,0.0,0.5714285714285714,0.42857142857142855,0.0,0.42857142857142855,0.2857142857142857,2.5714285714285716,0.75,1.1020408163265307,0.14285714285714285,0.14285714285714285
TR549*0102*2000*01_A4,22.0,5,1.0,0.6,0.0,0.4,0.0,0.0,0.0,0.6,0.4,0.0,0.4,0.0,1.8,0.6666666666666666,0.9600000000000002,0.0,0.0
TR551*0102*2000*01_A1,25.0,13,1.0,0.23076923076923078,0.07692307692307693,0.38461538461538464,0.23076923076923078,0.07692307692307693,0.0,0.3076923076923077,0.6153846153846154,0.07692307692307693,0.6923076923076923,0.3076923076923077,2.8461538461538463,2.25,1.5147928994082838,0.0,0.07692307692307693
TR551*0102*2000*01_A2,25.0,17,0.9411764705882353,0.0625,0.125,0.375,0.1875,0.0625,0.1875,0.1875,0.5625,0.25,0.8125,0.4375,3.625,4.333333333333333,2.109375,0.17647058823529413,0.17647058823529413
TR552*0102*2000*01_A1,34.0,14,1.0,0.14285714285714285,0.35714285714285715,0.14285714285714285,0.2857142857142857,0.0,0.07142857142857142,0.5,0.42857142857142855,0.07142857142857142,0.5,0.35714285714285715,2.857142857142857,1.0,1.8367346938775513,0.21428571428571427,0.21428571428571427
TR552*0102*2000*01_A2,34.0,18,0.9444444444444444,0.17647058823529413,0.23529411764705882,0.4117647058823529,0.058823529411764705,0.11764705882352941,0.0,0.4117647058823529,0.47058823529411764,0.11764705882352941,0.5882352941176471,0.17647058823529413,2.7058823529411766,1.4285714285714286,1.384083044982699,0.16666666666666666,0.16666666666666666
TR555*0102*2000*01_A1,29.0,7,1.0,0.2857142857142857,0.2857142857142857,0.0,0.42857142857142855,0.0,0.0,0.5714285714285714,0.42857142857142855,0.0,0.42857142857142855,0.42857142857142855,2.5714285714285716,0.75,1.6734693877551021,0.0,0.42857142857142855
TR555*0102*2000*01_A2,29.0,6,1.0,0.16666666666666666,0.0,0.6666666666666666,0.0,0.0,0.16666666666666666,0.16666666666666666,0.6666666666666666,0.16666666666666666,0.8333333333333334,0.16666666666666666,3.1666666666666665,5.0,2.138888888888889,0.16666666666666666,0.0
TR85*0102*2000*01_A1,24.0,7,0.8571428571428571,0.0,0.16666666666666666,0.16666666666666666,0.6666666666666666,0.0,0.0,0.16666666666666666,0.8333333333333334,0.0,0.8333333333333334,0.6666666666666666,3.5,5.0,0.5833333333333334,0.0,0.14285714285714285
TR85*0102*2000*01_A4,24.0,6,1.0,0.0,0.5,0.16666666666666666,0.16666666666666666,0.0,0.16666666666666666,0.5,0.3333333333333333,0.16666666666666666,0.5,0.3333333333333333,3.1666666666666665,1.0,2.138888888888889,0.16666666666666666,0.3333333333333333
TR40*0102*2000*01_A1,23.0,10,1.0,0.1,0.2,0.2,0.3,0.1,0.1,0.3,0.5,0.2,0.7,0.5,3.4,2.3333333333333335,2.04,0.2,0.2
TR40*0102*2000*01_A2,23.0,9,1.0,0.4444444444444444,0.0,0.3333333333333333,0.1111111111111111,0.0,0.1111111111111111,0.4444444444444444,0.4444444444444444,0.1111111111111111,0.5555555555555556,0.2222222222222222,2.5555555555555554,1.25,2.6913580246913584,0.0,0.0
TR41*0102*2000*01_A1,25.0,9,1.0,0.2222222222222222,0.2222222222222222,0.2222222222222222,0.2222222222222222,0.1111111111111111,0.0,0.4444444444444444,0.4444444444444444,0.1111111111111111,0.5555555555555556,0.3333333333333333,2.7777777777777777,1.25,1.7283950617283952,0.1111111111111111,0.1111111111111111
TR41*0102*2000*01_A2,25.0,9,1.0,0.2222222222222222,0.1111111111111111,0.4444444444444444,0.0,0.2222222222222222,0.0,0.3333333333333333,0.4444444444444444,0.2222222222222222,0.6666666666666666,0.2222222222222222,2.888888888888889,2.0,1.8765432098765433,0.2222222222222222,0.0
TR43*0102*2000*01_A1,28.0,9,1.0,0.0,0.2222222222222222,0.2222222222222222,0.3333333333333333,0.1111111111111111,0.1111111111111111,0.2222222222222222,0.5555555555555556,0.2222222222222222,0.7777777777777778,0.5555555555555556,3.6666666666666665,3.5,1.5555555555555554,0.3333333333333333,0.1111111111111111
TR43*0102*2000*01_A2,28.0,10,0.9,0.1111111111111111,0.1111111111111111,0.2222222222222222,0.3333333333333333,0.2222222222222222,0.0,0.2222222222222222,0.5555555555555556,0.2222222222222222,0.7777777777777778,0.5555555555555556,3.4444444444444446,3.5,1.5802469135802468,0.3,0.2
TR45*0102*2000*01_A1,27.0,7,1.0,0.14285714285714285,0.2857142857142857,0.42857142857142855,0.0,0.0,0.14285714285714285,0.42857142857142855,0.42857142857142855,0.14285714285714285,0.5714285714285714,0.14285714285714285,2.857142857142857,1.3333333333333333,2.122448979591837,0.14285714285714285,0.2857142857142857
TR45*0102*2000*01_A4,27.0,2,1.0,0.0,0.0,1.0,0.0,0.0,0.0,0.0,1.0,0.0,1.0,0.0,3.0,nan,0.0,0.0,0.0
TR47*0102*2000*01_A1,29.0,11,1.0,0.09090909090909091,0.09090909090909091,0.5454545454545454,0.18181818181818182,0.09090909090909091,0.0,0.18181818181818182,0.7272727272727273,0.09090909090909091,0.8181818181818182,0.2727272727272727,3.090909090909091,4.5,0.9917355371900826,0.18181818181818182,0.09090909090909091
TR47*0102*2000*01_A4,29.0,12,1.0,0.3333333333333333,0.25,0.16666666666666666,0.16666666666666666,0.0,0.08333333333333333,0.5833333333333334,0.3333333333333333,0.08333333333333333,0.4166666666666667,0.25,2.5,0.7142857142857143,2.25,0.0,0.3333333333333333
TR48*0102*2000*01_A1,25.0,7,1.0,0.14285714285714285,0.14285714285714285,0.14285714285714285,0.5714285714285714,0.0,0.0,0.2857142857142857,0.7142857142857143,0.0,0.7142857142857143,0.5714285714285714,3.142857142857143,2.5,1.2653061224489794,0.14285714285714285,0.14285714285714285
TR48*0102*2000*01_A3,25.0,8,1.0,0.0,0.25,0.5,0.125,0.0,0.125,0.25,0.625,0.125,0.75,0.25,3.25,3.0,1.4375,0.0,0.25
TR51*0102*2000*01_A1,22.0,8,1.0,0.0,0.25,0.375,0.375,0.0,0.0,0.25,0.75,0.0,0.75,0.375,3.125,3.0,0.609375,0.25,0.0
TR51*0102*2000*01_A4,22.0,5,1.0,0.0,0.6,0.2,0.2,0.0,0.0,0.6,0.4,0.0,0.4,0.2,2.6,0.6666666666666666,0.64,0.0,0.0
TR53*0102*2000*01_A1,19.0,11,1.0,0.36363636363636365,0.09090909090909091,0.36363636363636365,0.18181818181818182,0.0,0.0,0.45454545454545453,0.5454545454545454,0.0,0.5454545454545454,0.18181818181818182,2.3636363636363638,1.2,1.322314049586777,0.09090909090909091,0.0
TR53*0102*2000*01_A4,19.0,13,1.0,0.15384615384615385,0.46153846153846156,0.23076923076923078,0.15384615384615385,0.0,0.0,0.6153846153846154,0.38461538461538464,0.0,0.38461538461538464,0.15384615384615385,2.3846153846153846,0.625,0.8520710059171599,0.0,0.07692307692307693
TR55*0102*2000*01_A1,31.0,11,1.0,0.0,0.18181818181818182,0.36363636363636365,0.36363636363636365,0.09090909090909091,0.0,0.18181818181818182,0.7272727272727273,0.09090909090909091,0.8181818181818182,0.45454545454545453,3.3636363636363638,4.5,0.7768595041322314,0.18181818181818182,0.09090909090909091
TR55*0102*2000*01_A4,31.0,13,1.0,0.15384615384615385,0.3076923076923077,0.3076923076923077,0.15384615384615385,0.0,0.07692307692307693,0.46153846153846156,0.46153846153846156,0.07692307692307693,0.5384615384615384,0.23076923076923078,2.769230769230769,1.1666666666666667,1.7159763313609468,0.07692307692307693,0.07692307692307693
TR56*0102*2000*01_A1,38.0,8,1.0,0.125,0.0,0.25,0.5,0.125,0.0,0.125,0.75,0.125,0.875,0.625,3.5,7.0,1.25,0.125,0.0
TR56*0102*2000*01_A2,38.0,12,0.9166666666666666,0.09090909090909091,0.18181818181818182,0.18181818181818182,0.2727272727272727,0.18181818181818182,0.09090909090909091,0.2727272727272727,0.45454545454545453,0.2727272727272727,0.7272727272727273,0.5454545454545454,3.5454545454545454,2.6666666666666665,2.0661157024793386,0.16666666666666666,0.3333333333333333
TR57*0102*2000*01_A1,34.0,9,1.0,0.2222222222222222,0.2222222222222222,0.2222222222222222,0.2222222222222222,0.0,0.1111111111111111,0.4444444444444444,0.4444444444444444,0.1111111111111111,0.5555555555555556,0.3333333333333333,2.888888888888889,1.25,2.3209876543209877,0.2222222222222222,0.2222222222222222
TR57*0102*2000*01_A2,34.0,13,1.0,0.23076923076923078,0.23076923076923078,0.46153846153846156,0.07692307692307693,0.0,0.0,0.46153846153846156,0.5384615384615384,0.0,0.5384615384615384,0.07692307692307693,2.3846153846153846,1.1666666666666667,0.8520710059171598,0.0,0.15384615384615385
TR561*0102*2000*01_A1,25.0,6,0.8333333333333334,0.2,0.2,0.4,0.2,0.0,0.0,0.4,0.6,0.0,0.6,0.2,2.6,1.5,1.0400000000000003,0.16666666666666666,0.3333333333333333
TR561*0102*2000*01_A2,25.0,10,1.0,0.2,0.0,0.5,0.2,0.0,0.1,0.2,0.7,0.1,0.8,0.3,3.1,4.0,1.8900000000000001,0.0,0.0
TR564*0102*2000*01_A1,31.0,9,1.0,0.0,0.2222222222222222,0.4444444444444444,0.3333333333333333,0.0,0.0,0.2222222222222222,0.7777777777777778,0.0,0.7777777777777778,0.3333333333333333,3.111111111111111,3.5,0.54320987654321,0.1111111111111111,0.1111111111111111
TR564*0102*2000*01_A4,31.0,12,1.0,0.3333333333333333,0.16666666666666666,0.16666666666666666,0.25,0.08333333333333333,0.0,0.5,0.4166666666666667,0.08333333333333333,0.5,0.3333333333333333,2.5833333333333335,1.0,1.9097222222222225,0.0,0.0
TR565*0102*2000*01_A1,27.0,6,1.0,0.0,0.3333333333333333,0.3333333333333333,0.3333333333333333,0.0,0.0,0.3333333333333333,0.6666666666666666,0.0,0.6666666666666666,0.3333333333333333,3.0,2.0,0.6666666666666666,0.16666666666666666,0.16666666666666666
TR565*0102*2000*01_A4,27.0,15,1.0,0.13333333333333333,0.3333333333333333,0.4,0.06666666666666667,0.0,0.06666666666666667,0.4666666666666667,0.4666666666666667,0.06666666666666667,0.5333333333333333,0.13333333333333333,2.6666666666666665,1.1428571428571428,1.422222222222222,0.06666666666666667,0.0
TR566*0102*2000*01_A1,22.0,7,1.0,0.2857142857142857,0.2857142857142857,0.14285714285714285,0.0,0.0,0.2857142857142857,0.5714285714285714,0.14285714285714285,0.2857142857142857,0.42857142857142855,0.2857142857142857,3.0,0.75,4.0,0.14285714285714285,0.14285714285714285
TR566*0102*2000*01_A5a,22.0,7,1.0,0.42857142857142855,0.2857142857142857,0.2857142857142857,0.0,0.0,0.0,0.7142857142857143,0.2857142857142857,0.0,0.2857142857142857,0.0,1.8571428571428572,0.4,0.6938775510204082,0.0,0.14285714285714285
TR571*0102*2000*01_A1,24.0,9,1.0,0.2222222222222222,0.1111111111111111,0.2222222222222222,0.2222222222222222,0.2222222222222222,0.0,0.3333333333333333,0.4444444444444444,0.2222222222222222,0.6666666666666666,0.4444444444444444,3.111111111111111,2.0,2.0987654320987654,0.1111111111111111,0.0
TR571*0102*2000*01_A4,24.0,3,1.0,0.0,0.6666666666666666,0.0,0.3333333333333333,0.0,0.0,0.6666666666666666,0.3333333333333333,0.0,0.3333333333333333,0.3333333333333333,2.6666666666666665,0.5,0.8888888888888888,0.3333333333333333,0.0
TR572*0102*2000*01_A1,28.0,10,1.0,0.2,0.0,0.2,0.5,0.1,0.0,0.2,0.7,0.1,0.8,0.6,3.3,4.0,1.61,0.0,0.0
TR572*0102*2000*01_A3,28.0,11,0.9090909090909091,0.0,0.1,0.5,0.4,0.0,0.0,0.1,0.9,0.0,0.9,0.4,3.3,9.0,0.41000000000000003,0.0,0.36363636363636365
TR573*0102*2000*01_A1,27.0,8,1.0,0.25,0.25,0.125,0.375,0.0,0.0,0.5,0.5,0.0,0.5,0.375,2.625,1.0,1.484375,0.25,0.0
TR573*0102*2000*01_A2,27.0,15,1.0,0.13333333333333333,0.06666666666666667,0.6,0.06666666666666667,0.0,0.13333333333333333,0.2,0.6666666666666666,0.13333333333333333,0.8,0.2,3.1333333333333333,4.0,1.8488888888888888,0.13333333333333333,0.06666666666666667
TR574*0102*2000*01_A1,27.0,7,1.0,0.2857142857142857,0.2857142857142857,0.2857142857142857,0.14285714285714285,0.0,0.0,0.5714285714285714,0.42857142857142855,0.0,0.42857142857142855,0.14285714285714285,2.2857142857142856,0.75,1.0612244897959184,0.0,0.14285714285714285
TR574*0102*2000*01_A2,27.0,13,0.8461538461538461,0.2727272727272727,0.2727272727272727,0.18181818181818182,0.0,0.18181818181818182,0.09090909090909091,0.5454545454545454,0.18181818181818182,0.2727272727272727,0.45454545454545453,0.2727272727272727,2.8181818181818183,0.8333333333333334,2.87603305785124,0.38461538461538464,0.23076923076923078
TR575*0102*2000*01_A1,22.0,5,1.0,0.4,0.0,0.2,0.2,0.0,0.2,0.4,0.4,0.2,0.6,0.4,3.0,1.5,3.6,0.0,0.0
TR575*0102*2000*01_A2,22.0,7,1.0,0.14285714285714285,0.14285714285714285,0.5714285714285714,0.14285714285714285,0.0,0.0,0.2857142857142857,0.7142857142857143,0.0,0.7142857142857143,0.14285714285714285,2.7142857142857144,2.5,0.7755102040816328,0.14285714285714285,0.14285714285714285
TR579*0102*2000*01_A1,27.0,10,1.0,0.1,0.2,0.4,0.2,0.0,0.1,0.3,0.6,0.1,0.7,0.3,3.1,2.3333333333333335,1.6900000000000002,0.2,0.0
TR579*0102*2000*01_A4,27.0,6,1.0,0.16666666666666666,0.16666666666666666,0.5,0.16666666666666666,0.0,0.0,0.3333333333333333,0.6666666666666666,0.0,0.6666666666666666,0.16666666666666666,2.6666666666666665,2.0,0.8888888888888888,0.0,0.16666666666666666
TR589*0102*2000*01_A1,28.0,11,1.0,0.0,0.09090909090909091,0.36363636363636365,0.36363636363636365,0.0,0.18181818181818182,0.09090909090909091,0.7272727272727273,0.18181818181818182,0.9090909090909091,0.5454545454545454,3.8181818181818183,10.0,1.421487603305785,0.09090909090909091,0.2727272727272727
TR589*0102*2000*01_A4,28.0,5,1.0,0.0,0.4,0.6,0.0,0.0,0.0,0.4,0.6,0.0,0.6,0.0,2.6,1.5,0.24,0.0,0.0
TR590*0102*2000*01_A1,20.0,7,1.0,0.14285714285714285,0.42857142857142855,0.14285714285714285,0.14285714285714285,0.0,0.14285714285714285,0.5714285714285714,0.2857142857142857,0.14285714285714285,0.42857142857142855,0.2857142857142857,2.857142857142857,0.75,2.408163265306122,0.0,0.14285714285714285
TR590*0102*2000*01_A3,20.0,5,1.0,0.0,0.2,0.8,0.0,0.0,0.0,0.2,0.8,0.0,0.8,0.0,2.8,4.0,0.15999999999999998,0.0,0.0
TR594*0102*2000*01_A1,27.0,9,1.0,0.2222222222222222,0.1111111111111111,0.4444444444444444,0.2222222222222222,0.0,0.0,0.3333333333333333,0.6666666666666666,0.0,0.6666666666666666,0.2222222222222222,2.6666666666666665,2.0,1.1111111111111112,0.2222222222222222,0.0
TR594*0102*2000*01_A2,27.0,5,1.0,0.2,0.2,0.4,0.0,0.2,0.0,0.4,0.4,0.2,0.6,0.2,2.8,1.5,1.7600000000000002,0.2,0.0
TR88*0102*2000*01_A1,23.0,4,1.0,0.0,0.75,0.25,0.0,0.0,0.0,0.75,0.25,0.0,0.25,0.0,2.25,0.3333333333333333,0.1875,0.0,0.25
TR88*0102*2000*01_A2,23.0,6,1.0,0.16666666666666666,0.16666666666666666,0.3333333333333333,0.3333333333333333,0.0,0.0,0.3333333333333333,0.6666666666666666,0.0,0.6666666666666666,0.3333333333333333,2.8333333333333335,2.0,1.1388888888888888,0.0,0.0
TR600*0102*2000*01_A1,28.0,13,1.0,0.38461538461538464,0.23076923076923078,0.23076923076923078,0.15384615384615385,0.0,0.0,0.6153846153846154,0.38461538461538464,0.0,0.38461538461538464,0.15384615384615385,2.1538461538461537,0.625,1.2071005917159763,0.23076923076923078,0.23076923076923078
TR600*0102*2000*01_A2,28.0,4,1.0,0.25,0.25,0.25,0.25,0.0,0.0,0.5,0.5,0.0,0.5,0.25,2.5,1.0,1.25,0.0,0.25
TR603*0102*2000*01_A1,33.0,7,1.0,0.2857142857142857,0.2857142857142857,0.2857142857142857,0.0,0.0,0.14285714285714285,0.5714285714285714,0.2857142857142857,0.14285714285714285,0.42857142857142855,0.14285714285714285,2.5714285714285716,0.75,2.5306122448979593,0.14285714285714285,0.2857142857142857
TR603*0102*2000*01_A2,33.0,13,1.0,0.07692307692307693,0.0,0.6153846153846154,0.23076923076923078,0.07692307692307693,0.0,0.07692307692307693,0.8461538461538461,0.07692307692307693,0.9230769230769231,0.3076923076923077,3.230769230769231,12.0,0.7928994082840236,0.15384615384615385,0.15384615384615385
TR610*0102*2000*01_A1,29.0,6,1.0,0.16666666666666666,0.16666666666666666,0.3333333333333333,0.16666666666666666,0.0,0.16666666666666666,0.3333333333333333,0.5,0.16666666666666666,0.6666666666666666,0.3333333333333333,3.1666666666666665,2.0,2.4722222222222228,0.16666666666666666,0.16666666666666666
TR610*0102*2000*01_A4,29.0,12,0.9166666666666666,0.09090909090909091,0.18181818181818182,0.36363636363636365,0.2727272727272727,0.09090909090909091,0.0,0.2727272727272727,0.6363636363636364,0.09090909090909091,0.7272727272727273,0.36363636363636365,3.090909090909091,2.6666666666666665,1.1735537190082643,0.08333333333333333,0.16666666666666666
TR612*0102*2000*01_A1,31.0,10,1.0,0.0,0.3,0.3,0.3,0.0,0.1,0.3,0.6,0.1,0.7,0.4,3.3,2.3333333333333335,1.41,0.2,0.2
TR612*0102*2000*01_A5,31.0,10,1.0,0.4,0.3,0.1,0.2,0.0,0.0,0.7,0.3,0.0,0.3,0.2,2.1,0.42857142857142855,1.29,0.1,0.1
TR614*0102*2000*01_A1,18.0,3,1.0,0.0,0.0,0.3333333333333333,0.3333333333333333,0.0,0.3333333333333333,0.0,0.6666666666666666,0.3333333333333333,1.0,0.6666666666666666,4.333333333333333,nan,1.5555555555555554,0.0,0.0
TR614*0102*2000*01_A2,18.0,7,1.0,0.42857142857142855,0.2857142857142857,0.2857142857142857,0.0,0.0,0.0,0.7142857142857143,0.2857142857142857,0.0,0.2857142857142857,0.0,1.8571428571428572,0.4,0.6938775510204082,0.0,0.2857142857142857
TR616*0102*2000*01_A1,21.0,10,1.0,0.3,0.1,0.4,0.2,0.0,0.0,0.4,0.6,0.0,0.6,0.2,2.5,1.5,1.25,0.1,0.1
TR616*0102*2000*01_A4,21.0,9,1.0,0.1111111111111111,0.1111111111111111,0.5555555555555556,0.2222222222222222,0.0,0.0,0.2222222222222222,0.7777777777777778,0.0,0.7777777777777778,0.2222222222222222,2.888888888888889,3.5,0.7654320987654322,0.1111111111111111,0.0
TR621*0102*2000*01_A1,29.0,8,1.0,0.125,0.125,0.375,0.375,0.0,0.0,0.25,0.75,0.0,0.75,0.375,3.0,3.0,1.0,0.125,0.125
TR621*0102*2000*01_A4,29.0,10,1.0,0.1,0.5,0.4,0.0,0.0,0.0,0.6,0.4,0.0,0.4,0.0,2.3,0.6666666666666666,0.41,0.1,0.0
TR628*0102*2000*01_A1,28.0,11,1.0,0.2727272727272727,0.36363636363636365,0.0,0.36363636363636365,0.0,0.0,0.6363636363636364,0.36363636363636365,0.0,0.36363636363636365,0.36363636363636365,2.4545454545454546,0.5714285714285714,1.5206611570247934,0.0,0.0
TR628*0102*2000*01_A4,28.0,9,0.7777777777777778,0.0,0.7142857142857143,0.14285714285714285,0.0,0.14285714285714285,0.0,0.7142857142857143,0.14285714285714285,0.14285714285714285,0.2857142857142857,0.14285714285714285,2.5714285714285716,0.4,1.1020408163265307,0.1111111111111111,0.5555555555555556
TR629*0102*2000*01_A1,32.0,6,1.0,0.0,0.0,0.3333333333333333,0.5,0.0,0.16666666666666666,0.0,0.8333333333333334,0.16666666666666666,1.0,0.6666666666666666,4.0,nan,1.0,0.3333333333333333,0.16666666666666666
TR629*0102*2000*01_A4,32.0,6,1.0,0.0,0.3333333333333333,0.16666666666666666,0.3333333333333333,0.16666666666666666,0.0,0.3333333333333333,0.5,0.16666666666666666,0.6666666666666666,0.5,3.3333333333333335,2.0,1.2222222222222225,0.0,0.0
TR631*0102*2000*01_A1,28.0,7,1.0,0.0,0.42857142857142855,0.42857142857142855,0.14285714285714285,0.0,0.0,0.42857142857142855,0.5714285714285714,0.0,0.5714285714285714,0.14285714285714285,2.7142857142857144,1.3333333333333333,0.48979591836734704,0.14285714285714285,0.2857142857142857
TR631*0102*2000*01_A2,28.0,7,1.0,0.14285714285714285,0.0,0.5714285714285714,0.0,0.0,0.2857142857142857,0.14285714285714285,0.5714285714285714,0.2857142857142857,0.8571428571428571,0.2857142857142857,3.5714285714285716,6.0,2.816326530612245,0.14285714285714285,0.14285714285714285
TR637*0102*2000*01_A1,24.0,7,1.0,0.42857142857142855,0.14285714285714285,0.0,0.42857142857142855,0.0,0.0,0.5714285714285714,0.42857142857142855,0.0,0.42857142857142855,0.42857142857142855,2.4285714285714284,0.75,1.959183673469388,0.14285714285714285,0.0
TR637*0102*2000*01_A2,24.0,14,0.8571428571428571,0.08333333333333333,0.25,0.5833333333333334,0.0,0.08333333333333333,0.0,0.3333333333333333,0.5833333333333334,0.08333333333333333,0.6666666666666666,0.08333333333333333,2.75,2.0,0.8541666666666666,0.21428571428571427,0.21428571428571427
TR640*0102*2000*01_A1,33.0,9,1.0,0.0,0.3333333333333333,0.3333333333333333,0.3333333333333333,0.0,0.0,0.3333333333333333,0.6666666666666666,0.0,0.6666666666666666,0.3333333333333333,3.0,2.0,0.6666666666666666,0.1111111111111111,0.0
TR640*0102*2000*01_A2,33.0,10,1.0,0.1,0.3,0.5,0.1,0.0,0.0,0.4,0.6,0.0,0.6,0.1,2.6,1.5,0.64,0.0,0.0
TR641*0102*2000*01_A1,22.0,10,0.9,0.0,0.3333333333333333,0.1111111111111111,0.5555555555555556,0.0,0.0,0.3333333333333333,0.6666666666666666,0.0,0.6666666666666666,0.5555555555555556,3.2222222222222223,2.0,0.8395061728395061,0.1,0.3
TR641*0102*2000*01_A2,22.0,10,1.0,0.2,0.0,0.6,0.0,0.2,0.0,0.2,0.6,0.2,0.8,0.2,3.0,4.0,1.6,0.2,0.0
TR642*0102*2000*01_A1,27.0,7,1.0,0.14285714285714285,0.0,0.2857142857142857,0.42857142857142855,0.14285714285714285,0.0,0.14285714285714285,0.7142857142857143,0.14285714285714285,0.8571428571428571,0.5714285714285714,3.4285714285714284,6.0,1.3877551020408165,0.0,0.14285714285714285
TR642*0102*2000*01_A4,27.0,12,1.0,0.4166666666666667,0.0,0.4166666666666667,0.16666666666666666,0.0,0.0,0.4166666666666667,0.5833333333333334,0.0,0.5833333333333334,0.16666666666666666,2.3333333333333335,1.4,1.388888888888889,0.08333333333333333,0.0
TR643*0102*2000*01_A1,24.0,5,1.0,0.4,0.2,0.0,0.4,0.0,0.0,0.6,0.4,0.0,0.4,0.4,2.4,0.6666666666666666,1.8400000000000003,0.0,0.2
TR643*0102*2000*01_A2,24.0,6,1.0,0.5,0.0,0.3333333333333333,0.0,0.16666666666666666,0.0,0.5,0.3333333333333333,0.16666666666666666,0.5,0.16666666666666666,2.3333333333333335,1.0,2.2222222222222223,0.0,0.0
TR648*0102*2000*01_A1,20.0,6,1.0,0.16666666666666666,0.3333333333333333,0.16666666666666666,0.16666666666666666,0.16666666666666666,0.0,0.5,0.3333333333333333,0.16666666666666666,0.5,0.3333333333333333,2.8333333333333335,1.0,1.8055555555555556,0.16666666666666666,0.16666666666666666
TR648*0102*2000*01_A2,20.0,11,1.0,0.09090909090909091,0.2727272727272727,0.45454545454545453,0.0,0.09090909090909091,0.09090909090909091,0.36363636363636365,0.45454545454545453,0.18181818181818182,0.6363636363636364,0.18181818181818182,3.0,1.75,1.8181818181818181,0.09090909090909091,0.09090909090909091
TR650*0102*2000*01_A1,21.0,9,1.0,0.4444444444444444,0.3333333333333333,0.1111111111111111,0.1111111111111111,0.0,0.0,0.7777777777777778,0.2222222222222222,0.0,0.2222222222222222,0.1111111111111111,1.8888888888888888,0.2857142857142857,0.9876543209876544,0.1111111111111111,0.2222222222222222
TR650*0102*2000*01_A4,21.0,8,1.0,0.0,0.25,0.625,0.125,0.0,0.0,0.25,0.75,0.0,0.75,0.125,2.875,3.0,0.359375,0.0,0.25
TR652*0102*2000*01_A1,24.0,4,1.0,0.0,0.5,0.25,0.25,0.0,0.0,0.5,0.5,0.0,0.5,0.25,2.75,1.0,0.6875,0.0,0.25
TR652*0102*2000*01_A2,24.0,6,1.0,0.16666666666666666,0.16666666666666666,0.5,0.16666666666666666,0.0,0.0,0.3333333333333333,0.6666666666666666,0.0,0.6666666666666666,0.16666666666666666,2.6666666666666665,2.0,0.8888888888888888,0.16666666666666666,0.0
TR91*0102*2000*01_A1,26.0,12,1.0,0.16666666666666666,0.25,0.3333333333333333,0.25,0.0,0.0,0.4166666666666667,0.5833333333333334,0.0,0.5833333333333334,0.25,2.6666666666666665,1.4,1.0555555555555556,0.08333333333333333,0.3333333333333333
TR91*0102*2000*01_A4,26.0,9,1.0,0.2222222222222222,0.5555555555555556,0.0,0.2222222222222222,0.0,0.0,0.7777777777777778,0.2222222222222222,0.0,0.2222222222222222,0.2222222222222222,2.2222222222222223,0.2857142857142857,1.0617283950617287,0.0,0.0
TR656*0102*2000*01_A1,33.0,8,0.875,0.5714285714285714,0.0,0.14285714285714285,0.14285714285714285,0.0,0.14285714285714285,0.5714285714285714,0.2857142857142857,0.14285714285714285,0.42857142857142855,0.2857142857142857,2.4285714285714284,0.75,3.3877551020408165,0.125,0.125
TR656*0102*2000*01_A2,33.0,14,0.9285714285714286,0.15384615384615385,0.3076923076923077,0.23076923076923078,0.23076923076923078,0.07692307692307693,0.0,0.46153846153846156,0.46153846153846156,0.07692307692307693,0.5384615384615384,0.3076923076923077,2.769230769230769,1.1666666666666667,1.4082840236686391,0.07142857142857142,0.07142857142857142
TR657*0102*2000*01_A1,28.0,6,1.0,0.3333333333333333,0.0,0.3333333333333333,0.3333333333333333,0.0,0.0,0.3333333333333333,0.6666666666666666,0.0,0.6666666666666666,0.3333333333333333,2.6666666666666665,2.0,1.5555555555555554,0.0,0.0
TR657*0102*2000*01_A4,28.0,16,1.0,0.1875,0.3125,0.3125,0.125,0.0,0.0625,0.5,0.4375,0.0625,0.5,0.1875,2.625,1.0,1.609375,0.0,0.125
TR659*0102*2000*01_A1,30.0,9,1.0,0.4444444444444444,0.2222222222222222,0.1111111111111111,0.1111111111111111,0.1111111111111111,0.0,0.6666666666666666,0.2222222222222222,0.1111111111111111,0.3333333333333333,0.2222222222222222,2.2222222222222223,0.5,1.9506172839506175,0.1111111111111111,0.0
TR659*0102*2000*01_A4,30.0,9,1.0,0.1111111111111111,0.4444444444444444,0.3333333333333333,0.1111111111111111,0.0,0.0,0.5555555555555556,0.4444444444444444,0.0,0.4444444444444444,0.1111111111111111,2.4444444444444446,0.8,0.691358024691358,0.0,0.1111111111111111
TR660*0102*2000*01_A1,35.0,12,1.0,0.16666666666666666,0.08333333333333333,0.16666666666666666,0.5,0.0,0.08333333333333333,0.25,0.6666666666666666,0.08333333333333333,0.75,0.5833333333333334,3.3333333333333335,3.0,1.888888888888889,0.16666666666666666,0.08333333333333333
TR660*0102*2000*01_A2,35.0,11,0.9090909090909091,0.5,0.1,0.4,0.0,0.0,0.0,0.6,0.4,0.0,0.4,0.0,1.9,0.6666666666666666,0.89,0.0,0.09090909090909091
TR661*0102*2000*01_A1,34.0,7,0.8571428571428571,0.0,0.3333333333333333,0.3333333333333333,0.3333333333333333,0.0,0.0,0.3333333333333333,0.6666666666666666,0.0,0.6666666666666666,0.3333333333333333,3.0,2.0,0.6666666666666666,0.0,0.2857142857142857
TR661*0102*2000*01_A2,34.0,6,1.0,0.16666666666666666,0.16666666666666666,0.16666666666666666,0.16666666666666666,0.3333333333333333,0.0,0.3333333333333333,0.3333333333333333,0.3333333333333333,0.6666666666666666,0.5,3.3333333333333335,2.0,2.2222222222222223,0.16666666666666666,0.0
TR666*0102*2000*01_A1,25.0,9,1.0,0.1111111111111111,0.2222222222222222,0.3333333333333333,0.3333333333333333,0.0,0.0,0.3333333333333333,0.6666666666666666,0.0,0.6666666666666666,0.3333333333333333,2.888888888888889,2.0,0.9876543209876544,0.1111111111111111,0.4444444444444444
TR666*0102*2000*01_A4,25.0,4,1.0,0.25,0.5,0.25,0.0,0.0,0.0,0.75,0.25,0.0,0.25,0.0,2.0,0.3333333333333333,0.5,0.0,0.0
TR667*0102*2000*01_A1,25.0,12,1.0,0.25,0.5,0.16666666666666666,0.08333333333333333,0.0,0.0,0.75,0.25,0.0,0.25,0.08333333333333333,2.0833333333333335,0.3333333333333333,0.7430555555555555,0.25,0.3333333333333333
TR667*0102*2000*01_A3,25.0,8,1.0,0.125,0.125,0.5,0.125,0.0,0.125,0.25,0.625,0.125,0.75,0.25,3.125,3.0,1.859375,0.125,0.375
TR672*0102*2000*01_A1,34.0,8,1.0,0.25,0.375,0.25,0.125,0.0,0.0,0.625,0.375,0.0,0.375,0.125,2.25,0.6,0.9375,0.25,0.125
TR672*0102*2000*01_A2,34.0,10,1.0,0.2,0.4,0.2,0.2,0.0,0.0,0.6,0.4,0.0,0.4,0.2,2.4,0.6666666666666666,1.04,0.1,0.2
TR673*0102*2000*01_A1,28.0,13,1.0,0.07692307692307693,0.3076923076923077,0.07692307692307693,0.15384615384615385,0.15384615384615385,0.23076923076923078,0.38461538461538464,0.23076923076923078,0.38461538461538464,0.6153846153846154,0.5384615384615384,3.6923076923076925,1.6,2.9822485207100593,0.0,0.07692307692307693
TR673*0102*2000*01_A4,28.0,12,1.0,0.16666666666666666,0.08333333333333333,0.25,0.3333333333333333,0.08333333333333333,0.08333333333333333,0.25,0.5833333333333334,0.16666666666666666,0.75,0.5,3.3333333333333335,3.0,2.055555555555556,0.0,0.0
TR674*0102*2000*01_A1,29.0,14,1.0,0.14285714285714285,0.2857142857142857,0.14285714285714285,0.2857142857142857,0.0,0.14285714285714285,0.42857142857142855,0.42857142857142855,0.14285714285714285,0.5714285714285714,0.42857142857142855,3.142857142857143,1.3333333333333333,2.408163265306123,0.07142857142857142,0.2857142857142857
TR674*0102*2000*01_A2,29.0,11,1.0,0.18181818181818182,0.18181818181818182,0.09090909090909091,0.18181818181818182,0.18181818181818182,0.18181818181818182,0.36363636363636365,0.2727272727272727,0.36363636363636365,0.6363636363636364,0.5454545454545454,3.5454545454545454,1.75,3.15702479338843,0.2727272727272727,0.0
TR677*0102*2000*01_A1,21.0,7,1.0,0.14285714285714285,0.42857142857142855,0.2857142857142857,0.0,0.0,0.14285714285714285,0.5714285714285714,0.2857142857142857,0.14285714285714285,0.42857142857142855,0.14285714285714285,2.7142857142857144,0.75,2.2040816326530606,0.0,0.14285714285714285
TR677*0102*2000*01_A2,21.0,9,1.0,0.1111111111111111,0.0,0.6666666666666666,0.1111111111111111,0.1111111111111111,0.0,0.1111111111111111,0.7777777777777778,0.1111111111111111,0.8888888888888888,0.2222222222222222,3.111111111111111,8.0,0.9876543209876544,0.0,0.1111111111111111
TR678*0102*2000*01_A1,31.0,10,1.0,0.1,0.2,0.4,0.3,0.0,0.0,0.3,0.7,0.0,0.7,0.3,2.9,2.3333333333333335,0.89,0.1,0.1
TR678*0102*2000*01_A4,31.0,16,0.9375,0.2,0.26666666666666666,0.3333333333333333,0.13333333333333333,0.0,0.06666666666666667,0.4666666666666667,0.4666666666666667,0.06666666666666667,0.5333333333333333,0.2,2.6666666666666665,1.1428571428571428,1.6888888888888889,0.0,0.125
TR681*0102*2000*01_A1,25.0,11,1.0,0.18181818181818182,0.18181818181818182,0.2727272727272727,0.18181818181818182,0.18181818181818182,0.0,0.36363636363636365,0.45454545454545453,0.18181818181818182,0.6363636363636364,0.36363636363636365,3.0,1.75,1.8181818181818181,0.18181818181818182,0.0
TR681*0102*2000*01_A5a,25.0,11,1.0,0.45454545454545453,0.45454545454545453,0.09090909090909091,0.0,0.0,0.0,0.9090909090909091,0.09090909090909091,0.0,0.09090909090909091,0.0,1.6363636363636365,0.1,0.4132231404958677,0.0,0.18181818181818182
TR684*0102*2000*01_A1,26.0,10,1.0,0.0,0.1,0.3,0.3,0.3,0.0,0.1,0.6,0.3,0.9,0.6,3.8,9.0,0.96,0.2,0.0
TR684*0102*2000*01_A4,26.0,8,1.0,0.25,0.125,0.25,0.25,0.125,0.0,0.375,0.5,0.125,0.625,0.375,2.875,1.6666666666666667,1.859375,0.125,0.0
TR687*0102*2000*01_A1,28.0,10,1.0,0.1,0.2,0.3,0.3,0.1,0.0,0.3,0.6,0.1,0.7,0.4,3.1,2.3333333333333335,1.29,0.1,0.3
TR687*0102*2000*01_A3,28.0,14,1.0,0.14285714285714285,0.07142857142857142,0.5,0.2857142857142857,0.0,0.0,0.21428571428571427,0.7857142857142857,0.0,0.7857142857142857,0.2857142857142857,2.9285714285714284,3.6666666666666665,0.9234693877551022,0.14285714285714285,0.2857142857142857
TR688*0102*2000*01_A1,26.0,6,1.0,0.16666666666666666,0.3333333333333333,0.0,0.16666666666666666,0.0,0.3333333333333333,0.5,0.16666666666666666,0.3333333333333333,0.5,0.5,3.5,1.0,3.9166666666666665,0.16666666666666666,0.16666666666666666
TR688*0102*2000*01_A4,26.0,9,1.0,0.0,0.2222222222222222,0.4444444444444444,0.0,0.2222222222222222,0.1111111111111111,0.2222222222222222,0.4444444444444444,0.3333333333333333,0.7777777777777778,0.3333333333333333,3.5555555555555554,3.5,1.8024691358024691,0.1111111111111111,0.1111111111111111
TR689*0102*2000*01_A1,20.0,5,1.0,0.0,0.0,0.4,0.4,0.2,0.0,0.0,0.8,0.2,1.0,0.6,3.8,nan,0.5599999999999999,0.4,0.2
TR689*0102*2000*01_A3,20.0,10,1.0,0.0,0.2,0.4,0.3,0.1,0.0,0.2,0.7,0.1,0.8,0.4,3.3,4.0,0.8099999999999999,0.1,0.3
TR690*0102*2000*01_A1,28.0,9,0.8888888888888888,0.0,0.25,0.375,0.375,0.0,0.0,0.25,0.75,0.0,0.75,0.375,3.125,3.0,0.609375,0.1111111111111111,0.3333333333333333
TR690*0102*2000*01_A2,28.0,13,0.9230769230769231,0.08333333333333333,0.25,0.4166666666666667,0.16666666666666666,0.0,0.08333333333333333,0.3333333333333333,0.5833333333333334,0.08333333333333333,0.6666666666666666,0.25,3.0,2.0,1.5,0.0,0.07692307692307693
TR691*0102*2000*01_A1,23.0,5,1.0,0.2,0.2,0.0,0.4,0.2,0.0,0.4,0.4,0.2,0.6,0.6,3.2,1.5,2.16,0.0,0.0
TR691*0102*2000*01_A4,23.0,8,1.0,0.5,0.125,0.25,0.0,0.125,0.0,0.625,0.25,0.125,0.375,0.125,2.125,0.6,1.859375,0.125,0.25
TR696*0102*2000*01_A1,28.0,8,1.0,0.5,0.0,0.125,0.375,0.0,0.0,0.5,0.5,0.0,0.5,0.375,2.375,1.0,1.984375,0.0,0.125
TR696*0102*2000*01_A2,28.0,14,1.0,0.14285714285714285,0.07142857142857142,0.5714285714285714,0.14285714285714285,0.07142857142857142,0.0,0.21428571428571427,0.7142857142857143,0.07142857142857142,0.7857142857142857,0.21428571428571427,2.9285714285714284,3.6666666666666665,1.066326530612245,0.07142857142857142,0.14285714285714285
TR697*0102*2000*01_A1,26.0,9,1.0,0.1111111111111111,0.5555555555555556,0.0,0.2222222222222222,0.1111111111111111,0.0,0.6666666666666666,0.2222222222222222,0.1111111111111111,0.3333333333333333,0.3333333333333333,2.6666666666666665,0.5,1.5555555555555558,0.1111111111111111,0.4444444444444444
TR697*0102*2000*01_A2,26.0,11,1.0,0.45454545454545453,0.09090909090909091,0.18181818181818182,0.18181818181818182,0.0,0.09090909090909091,0.5454545454545454,0.36363636363636365,0.09090909090909091,0.45454545454545453,0.2727272727272727,2.4545454545454546,0.8333333333333334,2.611570247933884,0.09090909090909091,0.18181818181818182
TR63*0102*2000*01_A1,20.0,7,1.0,0.5714285714285714,0.14285714285714285,0.14285714285714285,0.14285714285714285,0.0,0.0,0.7142857142857143,0.2857142857142857,0.0,0.2857142857142857,0.14285714285714285,1.8571428571428572,0.4,1.2653061224489794,0.0,0.0
TR63*0102*2000*01_A4,20.0,11,1.0,0.45454545454545453,0.2727272727272727,0.2727272727272727,0.0,0.0,0.0,0.7272727272727273,0.2727272727272727,0.0,0.2727272727272727,0.0,1.8181818181818181,0.375,0.694214876033058,0.0,0.18181818181818182
TR64*0102*2000*01_A1,9.0,5,1.0,0.2,0.2,0.2,0.2,0.0,0.2,0.4,0.4,0.2,0.6,0.4,3.2,1.5,2.96,0.0,0.0
TR64*0102*2000*01_A2,9.0,17,1.0,0.29411764705882354,0.23529411764705882,0.35294117647058826,0.0,0.058823529411764705,0.058823529411764705,0.5294117647058824,0.35294117647058826,0.11764705882352941,0.47058823529411764,0.11764705882352941,2.4705882352941178,0.8888888888888888,1.8961937716262975,0.058823529411764705,0.11764705882352941
TR66*0102*2000*01_A1,27.0,9,1.0,0.3333333333333333,0.1111111111111111,0.1111111111111111,0.2222222222222222,0.1111111111111111,0.1111111111111111,0.4444444444444444,0.3333333333333333,0.2222222222222222,0.5555555555555556,0.4444444444444444,3.0,1.25,3.111111111111111,0.1111111111111111,0.0
TR66*0102*2000*01_A4,27.0,18,1.0,0.3888888888888889,0.05555555555555555,0.3333333333333333,0.0,0.16666666666666666,0.05555555555555555,0.4444444444444444,0.3333333333333333,0.2222222222222222,0.5555555555555556,0.2222222222222222,2.6666666666666665,1.25,2.6666666666666665,0.1111111111111111,0.1111111111111111
TR68*0102*2000*01_A1,30.0,10,1.0,0.3,0.1,0.2,0.4,0.0,0.0,0.4,0.6,0.0,0.6,0.4,2.7,1.5,1.61,0.1,0.2
TR68*0102*2000*01_A4,30.0,9,1.0,0.2222222222222222,0.5555555555555556,0.1111111111111111,0.0,0.1111111111111111,0.0,0.7777777777777778,0.1111111111111111,0.1111111111111111,0.2222222222222222,0.1111111111111111,2.2222222222222223,0.2857142857142857,1.2839506172839508,0.3333333333333333,0.0
TR72*0102*2000*01_A1,24.0,12,1.0,0.08333333333333333,0.25,0.3333333333333333,0.3333333333333333,0.0,0.0,0.3333333333333333,0.6666666666666666,0.0,0.6666666666666666,0.3333333333333333,2.9166666666666665,2.0,0.9097222222222222,0.08333333333333333,0.16666666666666666
TR72*0102*2000*01_A4,24.0,18,1.0,0.16666666666666666,0.3333333333333333,0.3888888888888889,0.05555555555555555,0.0,0.05555555555555555,0.5,0.4444444444444444,0.05555555555555555,0.5,0.1111111111111111,2.5555555555555554,1.0,1.3580246913580247,0.05555555555555555,0.1111111111111111
TR74*0102*2000*01_A1,30.0,8,1.0,0.125,0.25,0.125,0.375,0.125,0.0,0.375,0.5,0.125,0.625,0.5,3.125,1.6666666666666667,1.609375,0.0,0.375
TR74*0102*2000*01_A4,30.0,7,1.0,0.14285714285714285,0.14285714285714285,0.42857142857142855,0.14285714285714285,0.0,0.14285714285714285,0.2857142857142857,0.5714285714285714,0.14285714285714285,0.7142857142857143,0.2857142857142857,3.142857142857143,2.5,2.122448979591837,0.0,0.0
TR77*0102*2000*01_A1,28.0,4,1.0,0.0,0.0,0.25,0.5,0.25,0.0,0.0,0.75,0.25,1.0,0.75,4.0,nan,0.5,0.25,0.0
TR77*0102*2000*01_A2,28.0,15,0.9333333333333333,0.14285714285714285,0.21428571428571427,0.42857142857142855,0.14285714285714285,0.07142857142857142,0.0,0.35714285714285715,0.5714285714285714,0.07142857142857142,0.6428571428571429,0.21428571428571427,2.7857142857142856,1.8,1.1683673469387756,0.13333333333333333,0.13333333333333333
TR700*0102*2000*01_A1,31.0,10,0.9,0.0,0.3333333333333333,0.2222222222222222,0.4444444444444444,0.0,0.0,0.3333333333333333,0.6666666666666666,0.0,0.6666666666666666,0.4444444444444444,3.111111111111111,2.0,0.7654320987654322,0.2,0.3
TR700*0102*2000*01_A2,31.0,10,1.0,0.2,0.0,0.7,0.0,0.0,0.1,0.2,0.7,0.1,0.8,0.1,2.9,4.0,1.6900000000000002,0.0,0.0
TR702*0102*2000*01_A1,26.0,14,1.0,0.14285714285714285,0.2857142857142857,0.35714285714285715,0.14285714285714285,0.0,0.07142857142857142,0.42857142857142855,0.5,0.07142857142857142,0.5714285714285714,0.21428571428571427,2.7857142857142856,1.3333333333333333,1.5969387755102038,0.2857142857142857,0.07142857142857142
TR702*0102*2000*01_A2,26.0,14,1.0,0.14285714285714285,0.2857142857142857,0.2857142857142857,0.0,0.07142857142857142,0.21428571428571427,0.42857142857142855,0.2857142857142857,0.2857142857142857,0.5714285714285714,0.2857142857142857,3.2142857142857144,1.3333333333333333,3.0255102040816326,0.14285714285714285,0.0
TR703*0102*2000*01_A1,30.0,4,1.0,0.5,0.0,0.25,0.25,0.0,0.0,0.5,0.5,0.0,0.5,0.25,2.25,1.0,1.6875,0.0,0.0
TR703*0102*2000*01_A4,30.0,10,1.0,0.1,0.2,0.4,0.2,0.0,0.1,0.3,0.6,0.1,0.7,0.3,3.1,2.3333333333333335,1.6900000000000002,0.1,0.0
TR705*0102*2000*01_A1,23.0,11,1.0,0.45454545454545453,0.18181818181818182,0.09090909090909091,0.2727272727272727,0.0,0.0,0.6363636363636364,0.36363636363636365,0.0,0.36363636363636365,0.2727272727272727,2.1818181818181817,0.5714285714285714,1.6033057851239667,0.18181818181818182,0.0
TR705*0102*2000*01_A4,23.0,4,1.0,0.0,0.75,0.0,0.25,0.0,0.0,0.75,0.25,0.0,0.25,0.25,2.5,0.3333333333333333,0.75,0.0,0.0
TR706*0102*2000*01_A1,25.0,4,1.0,0.25,0.25,0.25,0.25,0.0,0.0,0.5,0.5,0.0,0.5,0.25,2.5,1.0,1.25,0.0,0.25
TR706*0102*2000*01_A4,25.0,9,1.0,0.1111111111111111,0.3333333333333333,0.1111111111111111,0.2222222222222222,0.2222222222222222,0.0,0.4444444444444444,0.3333333333333333,0.2222222222222222,0.5555555555555556,0.4444444444444444,3.111111111111111,1.25,1.8765432098765433,0.1111111111111111,0.2222222222222222
TR707*0102*2000*01_A1,33.0,11,1.0,0.18181818181818182,0.2727272727272727,0.45454545454545453,0.09090909090909091,0.0,0.0,0.45454545454545453,0.5454545454545454,0.0,0.5454545454545454,0.09090909090909091,2.4545454545454546,1.2,0.793388429752066,0.0,0.2727272727272727
TR707*0102*2000*01_A4,33.0,10,1.0,0.0,0.3,0.3,0.4,0.0,0.0,0.3,0.7,0.0,0.7,0.4,3.1,2.3333333333333335,0.69,0.3,0.2
TR709*0102*2000*01_A1,26.0,4,1.0,0.0,0.5,0.25,0.0,0.25,0.0,0.5,0.25,0.25,0.5,0.25,3.0,1.0,1.5,0.0,0.5
TR709*0102*2000*01_A2,26.0,12,1.0,0.3333333333333333,0.3333333333333333,0.16666666666666666,0.08333333333333333,0.08333333333333333,0.0,0.6666666666666666,0.25,0.08333333333333333,0.3333333333333333,0.16666666666666666,2.25,0.5,1.5208333333333333,0.16666666666666666,0.16666666666666666
TR712*0102*2000*01_A1,29.0,4,1.0,0.0,0.5,0.5,0.0,0.0,0.0,0.5,0.5,0.0,0.5,0.0,2.5,1.0,0.25,0.0,0.25
TR712*0102*2000*01_A4,29.0,7,1.0,0.42857142857142855,0.14285714285714285,0.14285714285714285,0.14285714285714285,0.0,0.14285714285714285,0.5714285714285714,0.2857142857142857,0.14285714285714285,0.42857142857142855,0.2857142857142857,2.5714285714285716,0.75,3.102040816326531,0.14285714285714285,0.14285714285714285
TR714*0102*2000*01_A1,31.0,13,1.0,0.0,0.15384615384615385,0.23076923076923078,0.5384615384615384,0.07692307692307693,0.0,0.15384615384615385,0.7692307692307693,0.07692307692307693,0.8461538461538461,0.6153846153846154,3.5384615384615383,5.5,0.7100591715976332,0.07692307692307693,0.15384615384615385
TR714*0102*2000*01_A2,31.0,13,1.0,0.23076923076923078,0.07692307692307693,0.5384615384615384,0.07692307692307693,0.07692307692307693,0.0,0.3076923076923077,0.6153846153846154,0.07692307692307693,0.6923076923076923,0.15384615384615385,2.6923076923076925,2.25,1.289940828402367,0.07692307692307693,0.15384615384615385
TR1*0102*2000*01_A1,31.0,9,1.0,0.1111111111111111,0.0,0.4444444444444444,0.4444444444444444,0.0,0.0,0.1111111111111111,0.8888888888888888,0.0,0.8888888888888888,0.4444444444444444,3.2222222222222223,8.0,0.8395061728395062,0.1111111111111111,0.1111111111111111
TR1*0102*2000*01_A2,31.0,13,1.0,0.23076923076923078,0.46153846153846156,0.15384615384615385,0.15384615384615385,0.0,0.0,0.6923076923076923,0.3076923076923077,0.0,0.3076923076923077,0.15384615384615385,2.230769230769231,0.4444444444444444,0.9467455621301777,0.15384615384615385,0.15384615384615385
TR721*0102*2000*01_A1,27.0,9,1.0,0.1111111111111111,0.3333333333333333,0.1111111111111111,0.2222222222222222,0.1111111111111111,0.1111111111111111,0.4444444444444444,0.3333333333333333,0.2222222222222222,0.5555555555555556,0.4444444444444444,3.2222222222222223,1.25,2.3950617283950617,0.0,0.1111111111111111
TR721*0102*2000*01_A3,27.0,7,1.0,0.0,0.42857142857142855,0.2857142857142857,0.14285714285714285,0.14285714285714285,0.0,0.42857142857142855,0.42857142857142855,0.14285714285714285,0.5714285714285714,0.2857142857142857,3.0,1.3333333333333333,1.1428571428571428,0.0,0.42857142857142855
TR726*0102*2000*01_A1,32.0,8,1.0,0.25,0.0,0.375,0.375,0.0,0.0,0.25,0.75,0.0,0.75,0.375,2.875,3.0,1.359375,0.125,0.125
TR726*0102*2000*01_A4,32.0,17,1.0,0.23529411764705882,0.058823529411764705,0.5294117647058824,0.17647058823529413,0.0,0.0,0.29411764705882354,0.7058823529411765,0.0,0.7058823529411765,0.17647058823529413,2.6470588235294117,2.4,1.0519031141868513,0.058823529411764705,0.058823529411764705
TR729*0102*2000*01_A1,26.0,7,1.0,0.42857142857142855,0.42857142857142855,0.14285714285714285,0.0,0.0,0.0,0.8571428571428571,0.14285714285714285,0.0,0.14285714285714285,0.0,1.7142857142857142,0.16666666666666666,0.489795918367347,0.0,0.2857142857142857
TR729*0102*2000*01_A2,26.0,9,1.0,0.1111111111111111,0.4444444444444444,0.2222222222222222,0.2222222222222222,0.0,0.0,0.5555555555555556,0.4444444444444444,0.0,0.4444444444444444,0.2222222222222222,2.5555555555555554,0.8,0.9135802469135802,0.0,0.1111111111111111
TR736*0102*2000*01_A1,25.0,2,1.0,0.0,0.5,0.0,0.5,0.0,0.0,0.5,0.5,0.0,0.5,0.5,3.0,1.0,1.0,0.0,0.0
TR736*0102*2000*01_A4,25.0,8,1.0,0.25,0.25,0.375,0.125,0.0,0.0,0.5,0.5,0.0,0.5,0.125,2.375,1.0,0.984375,0.0,0.125
TR739*0102*2000*01_A1,29.0,9,1.0,0.2222222222222222,0.2222222222222222,0.2222222222222222,0.1111111111111111,0.1111111111111111,0.1111111111111111,0.4444444444444444,0.3333333333333333,0.2222222222222222,0.5555555555555556,0.3333333333333333,3.0,1.25,2.6666666666666665,0.0,0.0
TR739*0102*2000*01_A3,29.0,9,1.0,0.3333333333333333,0.3333333333333333,0.2222222222222222,0.1111111111111111,0.0,0.0,0.6666666666666666,0.3333333333333333,0.0,0.3333333333333333,0.1111111111111111,2.111111111111111,0.5,0.9876543209876544,0.0,0.1111111111111111
TR741*0102*2000*01_A1,31.0,11,1.0,0.18181818181818182,0.2727272727272727,0.09090909090909091,0.45454545454545453,0.0,0.0,0.45454545454545453,0.5454545454545454,0.0,0.5454545454545454,0.45454545454545453,2.8181818181818183,1.2,1.421487603305785,0.09090909090909091,0.2727272727272727
TR741*0102*2000*01_A2,31.0,10,1.0,0.3,0.1,0.5,0.1,0.0,0.0,0.4,0.6,0.0,0.6,0.1,2.4,1.5,1.0399999999999998,0.0,0.4
TR742*0102*2000*01_A1,26.0,7,1.0,0.2857142857142857,0.14285714285714285,0.2857142857142857,0.2857142857142857,0.0,0.0,0.42857142857142855,0.5714285714285714,0.0,0.5714285714285714,0.2857142857142857,2.5714285714285716,1.3333333333333333,1.3877551020408165,0.2857142857142857,0.14285714285714285
TR742*0102*2000*01_A2,26.0,7,1.0,0.14285714285714285,0.5714285714285714,0.14285714285714285,0.0,0.14285714285714285,0.0,0.7142857142857143,0.14285714285714285,0.14285714285714285,0.2857142857142857,0.14285714285714285,2.4285714285714284,0.4,1.3877551020408163,0.0,0.42857142857142855
TR743*0102*2000*01_A1,36.0,7,1.0,0.0,0.14285714285714285,0.2857142857142857,0.14285714285714285,0.2857142857142857,0.14285714285714285,0.14285714285714285,0.42857142857142855,0.42857142857142855,0.8571428571428571,0.5714285714285714,4.0,6.0,1.7142857142857142,0.0,0.14285714285714285
TR743*0102*2000*01_A5b,36.0,4,0.75,0.0,0.0,0.3333333333333333,0.3333333333333333,0.0,0.3333333333333333,0.0,0.6666666666666666,0.3333333333333333,1.0,0.6666666666666666,4.333333333333333,nan,1.5555555555555554,0.0,0.5
TR744*0102*2000*01_A1,24.0,7,0.8571428571428571,0.16666666666666666,0.3333333333333333,0.5,0.0,0.0,0.0,0.5,0.5,0.0,0.5,0.0,2.3333333333333335,1.0,0.5555555555555555,0.0,0.7142857142857143
TR744*0102*2000*01_A4,24.0,8,0.875,0.5714285714285714,0.2857142857142857,0.0,0.14285714285714285,0.0,0.0,0.8571428571428571,0.14285714285714285,0.0,0.14285714285714285,0.14285714285714285,1.7142857142857142,0.16666666666666666,1.0612244897959182,0.0,0.25
TR747*0102*2000*01_A1,30.0,8,1.0,0.25,0.25,0.0,0.375,0.0,0.125,0.5,0.375,0.125,0.5,0.5,3.0,1.0,2.75,0.125,0.125
TR747*0102*2000*01_A4,30.0,11,0.9090909090909091,0.4,0.1,0.4,0.1,0.0,0.0,0.5,0.5,0.0,0.5,0.1,2.2,1.0,1.1600000000000001,0.0,0.09090909090909091
TR750*0102*2000*01_A1,36.0,11,1.0,0.09090909090909091,0.2727272727272727,0.2727272727272727,0.2727272727272727,0.0,0.09090909090909091,0.36363636363636365,0.5454545454545454,0.09090909090909091,0.6363636363636364,0.36363636363636365,3.090909090909091,1.75,1.7190082644628097,0.18181818181818182,0.09090909090909091
TR750*0102*2000*01_A4,36.0,9,1.0,0.2222222222222222,0.2222222222222222,0.1111111111111111,0.3333333333333333,0.0,0.1111111111111111,0.4444444444444444,0.4444444444444444,0.1111111111111111,0.5555555555555556,0.4444444444444444,3.0,1.25,2.4444444444444446,0.1111111111111111,0.1111111111111111
TR751*0102*2000*01_A1,20.0,6,1.0,0.3333333333333333,0.16666666666666666,0.3333333333333333,0.16666666666666666,0.0,0.0,0.5,0.5,0.0,0.5,0.16666666666666666,2.3333333333333335,1.0,1.2222222222222225,0.16666666666666666,0.16666666666666666
TR751*0102*2000*01_A2,20.0,11,1.0,0.09090909090909091,0.2727272727272727,0.36363636363636365,0.09090909090909091,0.09090909090909091,0.09090909090909091,0.36363636363636365,0.45454545454545453,0.18181818181818182,0.6363636363636364,0.2727272727272727,3.090909090909091,1.75,1.9008264462809918,0.09090909090909091,0.09090909090909091
TR753*0102*2000*01_A1,37.0,6,0.8333333333333334,0.0,0.4,0.0,0.4,0.0,0.2,0.4,0.4,0.2,0.6,0.6,3.6,1.5,2.24,0.3333333333333333,0.16666666666666666
TR753*0102*2000*01_A2,37.0,18,1.0,0.1111111111111111,0.16666666666666666,0.3333333333333333,0.2777777777777778,0.1111111111111111,0.0,0.2777777777777778,0.6111111111111112,0.1111111111111111,0.7222222222222222,0.3888888888888889,3.111111111111111,2.6,1.3209876543209877,0.16666666666666666,0.1111111111111111
TR754*0102*2000*01_A1,34.0,13,1.0,0.07692307692307693,0.3076923076923077,0.38461538461538464,0.23076923076923078,0.0,0.0,0.38461538461538464,0.6153846153846154,0.0,0.6153846153846154,0.23076923076923078,2.769230769230769,1.6,0.7928994082840237,0.15384615384615385,0.15384615384615385
TR754*0102*2000*01_A4,34.0,10,1.0,0.4,0.4,0.0,0.1,0.1,0.0,0.8,0.1,0.1,0.2,0.2,2.1,0.25,1.69,0.1,0.1
TR755*0102*2000*01_A1,36.0,19,0.9473684210526315,0.2777777777777778,0.2222222222222222,0.2222222222222222,0.2222222222222222,0.0,0.05555555555555555,0.5,0.4444444444444444,0.05555555555555555,0.5,0.2777777777777778,2.611111111111111,1.0,1.904320987654321,0.05263157894736842,0.2631578947368421
TR755*0102*2000*01_A2,36.0,16,1.0,0.25,0.3125,0.4375,0.0,0.0,0.0,0.5625,0.4375,0.0,0.4375,0.0,2.1875,0.7777777777777778,0.65234375,0.25,0.375
TR758*0102*2000*01_A1,24.0,4,1.0,0.25,0.0,0.25,0.5,0.0,0.0,0.25,0.75,0.0,0.75,0.5,3.0,3.0,1.5,0.0,0.0
TR758*0102*2000*01_A2,24.0,12,0.9166666666666666,0.2727272727272727,0.09090909090909091,0.36363636363636365,0.18181818181818182,0.09090909090909091,0.0,0.36363636363636365,0.5454545454545454,0.09090909090909091,0.6363636363636364,0.2727272727272727,2.727272727272727,1.75,1.652892561983471,0.08333333333333333,0.25
TR793*0102*2000*01_A1,18.0,3,1.0,0.3333333333333333,0.0,0.0,0.6666666666666666,0.0,0.0,0.3333333333333333,0.6666666666666666,0.0,0.6666666666666666,0.6666666666666666,3.0,2.0,2.0,0.0,0.0
TR793*0102*2000*01_A4,18.0,5,1.0,0.0,0.6,0.0,0.2,0.2,0.0,0.6,0.2,0.2,0.4,0.4,3.0,0.6666666666666666,1.6,0.2,0.0
TR794*0102*2000*01_A1,14.0,12,1.0,0.3333333333333333,0.08333333333333333,0.3333333333333333,0.16666666666666666,0.0,0.08333333333333333,0.4166666666666667,0.5,0.08333333333333333,0.5833333333333334,0.25,2.6666666666666665,1.4,2.222222222222222,0.25,0.08333333333333333
TR794*0102*2000*01_A2,14.0,9,1.0,0.3333333333333333,0.1111111111111111,0.4444444444444444,0.1111111111111111,0.0,0.0,0.4444444444444444,0.5555555555555556,0.0,0.5555555555555556,0.1111111111111111,2.3333333333333335,1.25,1.1111111111111112,0.0,0.0
TR797*0102*2000*01_A1,24.0,5,1.0,0.0,0.2,0.8,0.0,0.0,0.0,0.2,0.8,0.0,0.8,0.0,2.8,4.0,0.15999999999999998,0.2,0.2
TR797*0102*2000*01_A2,24.0,10,1.0,0.4,0.1,0.2,0.0,0.1,0.2,0.5,0.2,0.3,0.5,0.3,2.9,1.0,3.8900000000000006,0.4,0.1
TR801*0102*2000*01_A1,21.0,6,1.0,0.16666666666666666,0.3333333333333333,0.0,0.3333333333333333,0.0,0.16666666666666666,0.5,0.3333333333333333,0.16666666666666666,0.5,0.5,3.1666666666666665,1.0,2.805555555555556,0.0,0.0
TR801*0102*2000*01_A3,21.0,7,1.0,0.42857142857142855,0.2857142857142857,0.14285714285714285,0.14285714285714285,0.0,0.0,0.7142857142857143,0.2857142857142857,0.0,0.2857142857142857,0.14285714285714285,2.0,0.4,1.1428571428571428,0.0,0.2857142857142857
TR802*0102*2000*01_A1,36.0,10,1.0,0.1,0.1,0.3,0.3,0.1,0.1,0.2,0.6,0.2,0.8,0.5,3.5,4.0,1.85,0.1,0.0
TR802*0102*2000*01_A4,36.0,7,1.0,0.0,0.5714285714285714,0.14285714285714285,0.14285714285714285,0.14285714285714285,0.0,0.5714285714285714,0.2857142857142857,0.14285714285714285,0.42857142857142855,0.2857142857142857,2.857142857142857,0.75,1.2653061224489797,0.14285714285714285,0.0
TR803*0102*2000*01_A1,27.0,10,1.0,0.0,0.0,0.8,0.2,0.0,0.0,0.0,1.0,0.0,1.0,0.2,3.2,nan,0.15999999999999998,0.1,0.0
TR803*0102*2000*01_A4,27.0,12,1.0,0.16666666666666666,0.3333333333333333,0.3333333333333333,0.16666666666666666,0.0,0.0,0.5,0.5,0.0,0.5,0.16666666666666666,2.5,1.0,0.9166666666666666,0.08333333333333333,0.0
TR805*0102*2000*01_A1,14.0,4,0.75,0.0,0.3333333333333333,0.6666666666666666,0.0,0.0,0.0,0.3333333333333333,0.6666666666666666,0.0,0.6666666666666666,0.0,2.6666666666666665,2.0,0.22222222222222224,0.25,0.5
TR805*0102*2000*01_A3,14.0,6,1.0,0.0,0.3333333333333333,0.5,0.16666666666666666,0.0,0.0,0.3333333333333333,0.6666666666666666,0.0,0.6666666666666666,0.16666666666666666,2.8333333333333335,2.0,0.47222222222222215,0.0,0.3333333333333333
TR807*0102*2000*01_A1,37.0,16,1.0,0.1875,0.125,0.5,0.1875,0.0,0.0,0.3125,0.6875,0.0,0.6875,0.1875,2.6875,2.2,0.96484375,0.125,0.3125
TR807*0102*2000*01_A4,37.0,18,1.0,0.16666666666666666,0.3888888888888889,0.16666666666666666,0.2222222222222222,0.0,0.05555555555555555,0.5555555555555556,0.3888888888888889,0.05555555555555555,0.4444444444444444,0.2777777777777778,2.6666666666666665,0.8,1.6666666666666667,0.05555555555555555,0.2222222222222222
TR810*0102*2000*01_A1,22.0,5,1.0,0.6,0.0,0.2,0.0,0.2,0.0,0.6,0.2,0.2,0.4,0.2,2.2,0.6666666666666666,2.56,0.0,0.0
TR810*0102*2000*01_A4,22.0,5,1.0,0.4,0.2,0.0,0.4,0.0,0.0,0.6,0.4,0.0,0.4,0.4,2.4,0.6666666666666666,1.8400000000000003,0.0,0.2
TR811*0102*2000*01_A1,35.0,4,1.0,0.0,0.5,0.25,0.25,0.0,0.0,0.5,0.5,0.0,0.5,0.25,2.75,1.0,0.6875,0.25,0.5
TR811*0102*2000*01_A4,35.0,9,1.0,0.1111111111111111,0.2222222222222222,0.4444444444444444,0.1111111111111111,0.1111111111111111,0.0,0.3333333333333333,0.5555555555555556,0.1111111111111111,0.6666666666666666,0.2222222222222222,2.888888888888889,2.0,1.2098765432098766,0.0,0.2222222222222222
TR812*0102*2000*01_A1,24.0,6,1.0,0.0,0.3333333333333333,0.0,0.6666666666666666,0.0,0.0,0.3333333333333333,0.6666666666666666,0.0,0.6666666666666666,0.6666666666666666,3.3333333333333335,2.0,0.888888888888889,0.16666666666666666,0.16666666666666666
TR812*0102*2000*01_A4,24.0,9,1.0,0.2222222222222222,0.3333333333333333,0.2222222222222222,0.1111111111111111,0.0,0.1111111111111111,0.5555555555555556,0.3333333333333333,0.1111111111111111,0.4444444444444444,0.2222222222222222,2.6666666666666665,0.8,2.2222222222222223,0.0,0.2222222222222222
TR813*0102*2000*01_A1,25.0,10,1.0,0.4,0.0,0.3,0.3,0.0,0.0,0.4,0.6,0.0,0.6,0.3,2.5,1.5,1.65,0.0,0.2
TR813*0102*2000*01_A4,25.0,20,0.95,0.2631578947368421,0.3684210526315789,0.21052631578947367,0.15789473684210525,0.0,0.0,0.631578947368421,0.3684210526315789,0.0,0.3684210526315789,0.15789473684210525,2.263157894736842,0.5833333333333334,1.03601108033241,0.0,0.05
TR818*0102*2000*01_A1,30.0,15,0.9333333333333333,0.2857142857142857,0.2857142857142857,0.14285714285714285,0.2857142857142857,0.0,0.0,0.5714285714285714,0.42857142857142855,0.0,0.42857142857142855,0.2857142857142857,2.4285714285714284,0.75,1.3877551020408163,0.06666666666666667,0.26666666666666666
TR818*0102*2000*01_A2,30.0,15,1.0,0.2,0.06666666666666667,0.6,0.06666666666666667,0.0,0.06666666666666667,0.26666666666666666,0.6666666666666666,0.06666666666666667,0.7333333333333333,0.13333333333333333,2.8,2.75,1.4933333333333332,0.13333333333333333,0.2
TR819*0102*2000*01_A1,22.0,2,1.0,0.5,0.5,0.0,0.0,0.0,0.0,1.0,0.0,0.0,0.0,0.0,1.5,0.0,0.25,0.0,0.0
TR819*0102*2000*01_A4,22.0,16,1.0,0.125,0.3125,0.25,0.25,0.0625,0.0,0.4375,0.5,0.0625,0.5625,0.3125,2.8125,1.2857142857142858,1.27734375,0.0,0.1875
TR821*0102*2000*01_A1,30.0,10,1.0,0.0,0.2,0.2,0.6,0.0,0.0,0.2,0.8,0.0,0.8,0.6,3.4,4.0,0.64,0.0,0.3
TR821*0102*2000*01_A3,30.0,10,1.0,0.0,0.2,0.5,0.2,0.0,0.1,0.2,0.7,0.1,0.8,0.3,3.3,4.0,1.21,0.0,0.2
TR822*0102*2000*01_A1,28.0,7,1.0,0.14285714285714285,0.2857142857142857,0.14285714285714285,0.2857142857142857,0.14285714285714285,0.0,0.42857142857142855,0.42857142857142855,0.14285714285714285,0.5714285714285714,0.42857142857142855,3.0,1.3333333333333333,1.7142857142857142,0.2857142857142857,0.14285714285714285
TR822*0102*2000*01_A2,28.0,4,1.0,0.25,0.25,0.5,0.0,0.0,0.0,0.5,0.5,0.0,0.5,0.0,2.25,1.0,0.6875,0.0,0.25
TR827*0102*2000*01_A1,27.0,6,1.0,0.16666666666666666,0.0,0.16666666666666666,0.6666666666666666,0.0,0.0,0.16666666666666666,0.8333333333333334,0.0,0.8333333333333334,0.6666666666666666,3.3333333333333335,5.0,1.2222222222222225,0.3333333333333333,0.0
TR827*0102*2000*01_A3,27.0,8,0.875,0.14285714285714285,0.2857142857142857,0.2857142857142857,0.2857142857142857,0.0,0.0,0.42857142857142855,0.5714285714285714,0.0,0.5714285714285714,0.2857142857142857,2.7142857142857144,1.3333333333333333,1.0612244897959184,0.0,0.25
TR835*0102*2000*01_A1,25.0,9,1.0,0.0,0.2222222222222222,0.2222222222222222,0.5555555555555556,0.0,0.0,0.2222222222222222,0.7777777777777778,0.0,0.7777777777777778,0.5555555555555556,3.3333333333333335,3.5,0.6666666666666666,0.0,0.4444444444444444
TR835*0102*2000*01_A4,25.0,7,1.0,0.7142857142857143,0.0,0.14285714285714285,0.14285714285714285,0.0,0.0,0.7142857142857143,0.2857142857142857,0.0,0.2857142857142857,0.14285714285714285,1.7142857142857142,0.4,1.3469387755102038,0.0,0.0
TR836*0102*2000*01_A1,23.0,18,0.9444444444444444,0.058823529411764705,0.47058823529411764,0.29411764705882354,0.17647058823529413,0.0,0.0,0.5294117647058824,0.47058823529411764,0.0,0.47058823529411764,0.17647058823529413,2.588235294117647,0.8888888888888888,0.7128027681660899,0.05555555555555555,0.2222222222222222
TR836*0102*2000*01_A4,23.0,13,1.0,0.0,0.07692307692307693,0.38461538461538464,0.5384615384615384,0.0,0.0,0.07692307692307693,0.9230769230769231,0.0,0.9230769230769231,0.5384615384615384,3.4615384615384617,12.0,0.4023668639053255,0.15384615384615385,0.15384615384615385
TR842*0102*2000*01_A1,22.0,18,1.0,0.16666666666666666,0.2222222222222222,0.3333333333333333,0.2222222222222222,0.05555555555555555,0.0,0.3888888888888889,0.5555555555555556,0.05555555555555555,0.6111111111111112,0.2777777777777778,2.7777777777777777,1.5714285714285714,1.2839506172839505,0.1111111111111111,0.16666666666666666
TR842*0102*2000*01_A3,22.0,17,0.9411764705882353,0.1875,0.125,0.375,0.25,0.0,0.0625,0.3125,0.625,0.0625,0.6875,0.3125,2.9375,2.2,1.68359375,0.0,0.23529411764705882
TR844*0102*2000*01_A1,26.0,11,1.0,0.18181818181818182,0.18181818181818182,0.2727272727272727,0.18181818181818182,0.18181818181818182,0.0,0.36363636363636365,0.45454545454545453,0.18181818181818182,0.6363636363636364,0.36363636363636365,3.0,1.75,1.8181818181818181,0.18181818181818182,0.0
TR844*0102*2000*01_A2,26.0,12,1.0,0.25,0.08333333333333333,0.25,0.16666666666666666,0.08333333333333333,0.16666666666666666,0.3333333333333333,0.4166666666666667,0.25,0.6666666666666666,0.4166666666666667,3.25,2.0,3.0208333333333335,0.16666666666666666,0.0
TR845*0102*2000*01_A1,30.0,12,1.0,0.0,0.16666666666666666,0.4166666666666667,0.25,0.08333333333333333,0.08333333333333333,0.16666666666666666,0.6666666666666666,0.16666666666666666,0.8333333333333334,0.4166666666666667,3.5,5.0,1.25,0.08333333333333333,0.25
TR845*0102*2000*01_A4,30.0,9,1.0,0.4444444444444444,0.2222222222222222,0.2222222222222222,0.1111111111111111,0.0,0.0,0.6666666666666666,0.3333333333333333,0.0,0.3333333333333333,0.1111111111111111,2.0,0.5,1.1111111111111112,0.0,0.1111111111111111
TR846*0102*2000*01_A1,39.0,6,1.0,0.5,0.0,0.0,0.3333333333333333,0.0,0.16666666666666666,0.5,0.3333333333333333,0.16666666666666666,0.5,0.5,2.8333333333333335,1.0,3.8055555555555554,0.0,0.0
TR846*0102*2000*01_A2,39.0,19,0.9473684210526315,0.05555555555555555,0.0,0.5,0.2777777777777778,0.16666666666666666,0.0,0.05555555555555555,0.7777777777777778,0.16666666666666666,0.9444444444444444,0.4444444444444444,3.5,17.0,0.9166666666666666,0.3684210526315789,0.10526315789473684
TR848*0102*2000*01_A1,23.0,2,1.0,0.5,0.0,0.0,0.5,0.0,0.0,0.5,0.5,0.0,0.5,0.5,2.5,1.0,2.25,0.0,0.0
TR848*0102*2000*01_A2,23.0,7,1.0,0.2857142857142857,0.0,0.5714285714285714,0.0,0.0,0.14285714285714285,0.2857142857142857,0.5714285714285714,0.14285714285714285,0.7142857142857143,0.14285714285714285,2.857142857142857,2.5,2.4081632653061225,0.14285714285714285,0.0
TR853*0102*2000*01_A1,26.0,8,1.0,0.125,0.25,0.0,0.25,0.25,0.125,0.375,0.25,0.375,0.625,0.625,3.625,1.6666666666666667,2.734375,0.0,0.125
TR853*0102*2000*01_A4,26.0,8,1.0,0.25,0.375,0.25,0.125,0.0,0.0,0.625,0.375,0.0,0.375,0.125,2.25,0.6,0.9375,0.375,0.0
TR856*0102*2000*01_A1,31.0,8,1.0,0.0,0.125,0.375,0.375,0.125,0.0,0.125,0.75,0.125,0.875,0.5,3.5,7.0,0.75,0.125,0.0
TR856*0102*2000*01_A3,31.0,7,1.0,0.0,0.0,0.5714285714285714,0.2857142857142857,0.0,0.14285714285714285,0.0,0.8571428571428571,0.14285714285714285,1.0,0.42857142857142855,3.7142857142857144,nan,1.0612244897959184,0.2857142857142857,0.0
TR859*0102*2000*01_A1,32.0,8,1.0,0.0,0.0,0.125,0.625,0.0,0.25,0.0,0.75,0.25,1.0,0.875,4.375,nan,0.984375,0.125,0.0
TR859*0102*2000*01_A4,32.0,7,1.0,0.2857142857142857,0.2857142857142857,0.2857142857142857,0.14285714285714285,0.0,0.0,0.5714285714285714,0.42857142857142855,0.0,0.42857142857142855,0.14285714285714285,2.2857142857142856,0.75,1.0612244897959184,0.0,0.2857142857142857
TR861*0102*2000*01_A1,26.0,7,1.0,0.14285714285714285,0.42857142857142855,0.14285714285714285,0.2857142857142857,0.0,0.0,0.5714285714285714,0.42857142857142855,0.0,0.42857142857142855,0.2857142857142857,2.5714285714285716,0.75,1.1020408163265307,0.0,0.2857142857142857
TR861*0102*2000*01_A2,26.0,12,0.9166666666666666,0.09090909090909091,0.6363636363636364,0.2727272727272727,0.0,0.0,0.0,0.7272727272727273,0.2727272727272727,0.0,0.2727272727272727,0.0,2.1818181818181817,0.375,0.33057851239669417,0.08333333333333333,0.3333333333333333
TR867*0102*2000*01_A1,34.0,9,1.0,0.2222222222222222,0.3333333333333333,0.0,0.4444444444444444,0.0,0.0,0.5555555555555556,0.4444444444444444,0.0,0.4444444444444444,0.4444444444444444,2.6666666666666665,0.8,1.5555555555555556,0.0,0.1111111111111111
TR867*0102*2000*01_A4,34.0,11,1.0,0.36363636363636365,0.18181818181818182,0.18181818181818182,0.2727272727272727,0.0,0.0,0.5454545454545454,0.45454545454545453,0.0,0.45454545454545453,0.2727272727272727,2.3636363636363638,0.8333333333333334,1.5041322314049586,0.09090909090909091,0.18181818181818182
TR762*0102*2000*01_A1,26.0,10,1.0,0.4,0.2,0.2,0.2,0.0,0.0,0.6,0.4,0.0,0.4,0.2,2.2,0.6666666666666666,1.3599999999999999,0.1,0.1
TR762*0102*2000*01_A2,26.0,7,0.8571428571428571,0.16666666666666666,0.5,0.16666666666666666,0.0,0.0,0.16666666666666666,0.6666666666666666,0.16666666666666666,0.16666666666666666,0.3333333333333333,0.16666666666666666,2.6666666666666665,0.5,2.555555555555556,0.0,0.2857142857142857
TR873*0102*2000*01_A1,32.0,7,1.0,0.14285714285714285,0.14285714285714285,0.42857142857142855,0.14285714285714285,0.0,0.14285714285714285,0.2857142857142857,0.5714285714285714,0.14285714285714285,0.7142857142857143,0.2857142857142857,3.142857142857143,2.5,2.1224489795918364,0.0,0.14285714285714285
TR873*0102*2000*01_A4,32.0,10,1.0,0.2,0.1,0.6,0.0,0.0,0.1,0.3,0.6,0.1,0.7,0.1,2.8,2.3333333333333335,1.7600000000000002,0.1,0.3
TR882*0102*2000*01_A1,24.0,15,1.0,0.4666666666666667,0.2,0.0,0.3333333333333333,0.0,0.0,0.6666666666666666,0.3333333333333333,0.0,0.3333333333333333,0.3333333333333333,2.2,0.5,1.76,0.06666666666666667,0.06666666666666667
TR882*0102*2000*01_A4,24.0,18,1.0,0.2777777777777778,0.05555555555555555,0.4444444444444444,0.2222222222222222,0.0,0.0,0.3333333333333333,0.6666666666666666,0.0,0.6666666666666666,0.2222222222222222,2.611111111111111,2.0,1.2376543209876543,0.1111111111111111,0.16666666666666666
TR883*0102*2000*01_A1,21.0,9,0.7777777777777778,0.14285714285714285,0.14285714285714285,0.2857142857142857,0.14285714285714285,0.14285714285714285,0.14285714285714285,0.2857142857142857,0.42857142857142855,0.2857142857142857,0.7142857142857143,0.42857142857142855,3.4285714285714284,2.5,2.5306122448979593,0.2222222222222222,0.3333333333333333
TR883*0102*2000*01_A4,21.0,6,1.0,0.6666666666666666,0.16666666666666666,0.16666666666666666,0.0,0.0,0.0,0.8333333333333334,0.16666666666666666,0.0,0.16666666666666666,0.0,1.5,0.2,0.5833333333333334,0.0,0.0
TR884*0102*2000*01_A1,25.0,8,1.0,0.25,0.25,0.25,0.25,0.0,0.0,0.5,0.5,0.0,0.5,0.25,2.5,1.0,1.25,0.0,0.25
TR884*0102*2000*01_A4,25.0,15,0.9333333333333333,0.0,0.21428571428571427,0.2857142857142857,0.2857142857142857,0.14285714285714285,0.07142857142857142,0.21428571428571427,0.5714285714285714,0.21428571428571427,0.7857142857142857,0.5,3.5714285714285716,3.6666666666666665,1.3877551020408168,0.2,0.06666666666666667
TR885*0102*2000*01_A1,30.0,10,1.0,0.1,0.2,0.3,0.3,0.0,0.1,0.3,0.6,0.1,0.7,0.4,3.2,2.3333333333333335,1.7599999999999998,0.2,0.1
TR885*0102*2000*01_A2,30.0,6,1.0,0.3333333333333333,0.0,0.3333333333333333,0.3333333333333333,0.0,0.0,0.3333333333333333,0.6666666666666666,0.0,0.6666666666666666,0.3333333333333333,2.6666666666666665,2.0,1.5555555555555556,0.16666666666666666,0.0
TR886*0102*2000*01_A1,30.0,8,1.0,0.125,0.0,0.125,0.75,0.0,0.0,0.125,0.875,0.0,0.875,0.75,3.5,7.0,1.0,0.0,0.25
TR886*0102*2000*01_A3,30.0,7,1.0,0.2857142857142857,0.14285714285714285,0.2857142857142857,0.14285714285714285,0.14285714285714285,0.0,0.42857142857142855,0.42857142857142855,0.14285714285714285,0.5714285714285714,0.2857142857142857,2.7142857142857144,1.3333333333333333,1.9183673469387752,0.0,0.42857142857142855
TR887*0102*2000*01_A1,23.0,5,1.0,0.2,0.4,0.2,0.2,0.0,0.0,0.6,0.4,0.0,0.4,0.2,2.4,0.6666666666666666,1.0400000000000003,0.0,0.0
TR887*0102*2000*01_A2,23.0,9,1.0,0.1111111111111111,0.1111111111111111,0.5555555555555556,0.1111111111111111,0.0,0.1111111111111111,0.2222222222222222,0.6666666666666666,0.1111111111111111,0.7777777777777778,0.2222222222222222,3.111111111111111,3.5,1.6543209876543208,0.1111111111111111,0.0
TR888*0102*2000*01_A1,23.0,7,0.8571428571428571,0.16666666666666666,0.16666666666666666,0.3333333333333333,0.3333333333333333,0.0,0.0,0.3333333333333333,0.6666666666666666,0.0,0.6666666666666666,0.3333333333333333,2.8333333333333335,2.0,1.1388888888888888,0.0,0.2857142857142857
TR888*0102*2000*01_A4,23.0,11,1.0,0.0,0.36363636363636365,0.36363636363636365,0.18181818181818182,0.09090909090909091,0.0,0.36363636363636365,0.5454545454545454,0.09090909090909091,0.6363636363636364,0.2727272727272727,3.0,1.75,0.9090909090909091,0.18181818181818182,0.18181818181818182
TR889*0102*2000*01_A1,31.0,13,0.9230769230769231,0.08333333333333333,0.4166666666666667,0.16666666666666666,0.25,0.08333333333333333,0.0,0.5,0.4166666666666667,0.08333333333333333,0.5,0.3333333333333333,2.8333333333333335,1.0,1.3055555555555556,0.15384615384615385,0.15384615384615385
TR889*0102*2000*01_A4,31.0,14,1.0,0.2857142857142857,0.21428571428571427,0.35714285714285715,0.14285714285714285,0.0,0.0,0.5,0.5,0.0,0.5,0.14285714285714285,2.357142857142857,1.0,1.086734693877551,0.0,0.14285714285714285
TR890*0102*2000*01_A1,22.0,8,1.0,0.125,0.125,0.25,0.25,0.125,0.125,0.25,0.5,0.25,0.75,0.5,3.5,3.0,2.25,0.25,0.0
TR890*0102*2000*01_A4,22.0,4,1.0,0.0,0.25,0.5,0.0,0.0,0.25,0.25,0.5,0.25,0.75,0.25,3.5,3.0,2.25,0.0,0.0
TR892*0102*2000*01_A1,28.0,11,0.9090909090909091,0.2,0.1,0.1,0.6,0.0,0.0,0.3,0.7,0.0,0.7,0.6,3.1,2.3333333333333335,1.4899999999999998,0.18181818181818182,0.2727272727272727
TR892*0102*2000*01_A2,28.0,11,1.0,0.09090909090909091,0.09090909090909091,0.5454545454545454,0.18181818181818182,0.0,0.09090909090909091,0.18181818181818182,0.7272727272727273,0.09090909090909091,0.8181818181818182,0.2727272727272727,3.1818181818181817,4.5,1.421487603305785,0.09090909090909091,0.0
TR896*0102*2000*01_A1,34.0,14,1.0,0.07142857142857142,0.2857142857142857,0.2857142857142857,0.21428571428571427,0.07142857142857142,0.07142857142857142,0.35714285714285715,0.5,0.14285714285714285,0.6428571428571429,0.35714285714285715,3.142857142857143,1.8,1.6938775510204083,0.21428571428571427,0.14285714285714285
TR896*0102*2000*01_A4,34.0,13,1.0,0.23076923076923078,0.15384615384615385,0.5384615384615384,0.0,0.07692307692307693,0.0,0.38461538461538464,0.5384615384615384,0.07692307692307693,0.6153846153846154,0.07692307692307693,2.5384615384615383,1.6,1.1715976331360947,0.0,0.07692307692307693
TR899*0102*2000*01_A1,24.0,8,1.0,0.125,0.25,0.375,0.25,0.0,0.0,0.375,0.625,0.0,0.625,0.25,2.75,1.6666666666666667,0.9375,0.25,0.125
TR899*0102*2000*01_A2,24.0,8,1.0,0.125,0.125,0.5,0.25,0.0,0.0,0.25,0.75,0.0,0.75,0.25,2.875,3.0,0.859375,0.125,0.125
TR903*0102*2000*01_A1,23.0,4,1.0,0.25,0.0,0.5,0.25,0.0,0.0,0.25,0.75,0.0,0.75,0.25,2.75,3.0,1.1875,0.0,0.0
TR903*0102*2000*01_A2,23.0,11,1.0,0.2727272727272727,0.09090909090909091,0.5454545454545454,0.0,0.09090909090909091,0.0,0.36363636363636365,0.5454545454545454,0.09090909090909091,0.6363636363636364,0.09090909090909091,2.5454545454545454,1.75,1.3388429752066118,0.0,0.0
TR763*0102*2000*01_A1,29.0,14,1.0,0.2857142857142857,0.0,0.2857142857142857,0.35714285714285715,0.0,0.07142857142857142,0.2857142857142857,0.6428571428571429,0.07142857142857142,0.7142857142857143,0.42857142857142855,3.0,2.5,2.142857142857143,0.21428571428571427,0.07142857142857142
TR763*0102*2000*01_A4,29.0,6,1.0,0.0,0.3333333333333333,0.3333333333333333,0.3333333333333333,0.0,0.0,0.3333333333333333,0.6666666666666666,0.0,0.6666666666666666,0.3333333333333333,3.0,2.0,0.6666666666666666,0.16666666666666666,0.0
TR96*0102*2000*01_A1,27.0,10,1.0,0.3,0.1,0.2,0.3,0.1,0.0,0.4,0.5,0.1,0.6,0.4,2.8,1.5,1.9599999999999997,0.0,0.0
TR96*0102*2000*01_A4,27.0,13,1.0,0.15384615384615385,0.23076923076923078,0.0,0.5384615384615384,0.07692307692307693,0.0,0.38461538461538464,0.5384615384615384,0.07692307692307693,0.6153846153846154,0.6153846153846154,3.1538461538461537,1.6,1.6686390532544377,0.0,0.0
TR98*0102*2000*01_A1,26.0,8,1.0,0.375,0.125,0.25,0.25,0.0,0.0,0.5,0.5,0.0,0.5,0.25,2.375,1.0,1.484375,0.125,0.375
TR98*0102*2000*01_A3,26.0,11,1.0,0.09090909090909091,0.18181818181818182,0.18181818181818182,0.5454545454545454,0.0,0.0,0.2727272727272727,0.7272727272727273,0.0,0.7272727272727273,0.5454545454545454,3.1818181818181817,2.6666666666666665,1.0578512396694215,0.2727272727272727,0.18181818181818182
TR103*0102*2000*01_A1,24.0,7,1.0,0.0,0.2857142857142857,0.14285714285714285,0.5714285714285714,0.0,0.0,0.2857142857142857,0.7142857142857143,0.0,0.7142857142857143,0.5714285714285714,3.2857142857142856,2.5,0.7755102040816327,0.0,0.0
TR103*0102*2000*01_A2,24.0,13,1.0,0.07692307692307693,0.23076923076923078,0.46153846153846156,0.0,0.15384615384615385,0.07692307692307693,0.3076923076923077,0.46153846153846156,0.23076923076923078,0.6923076923076923,0.23076923076923078,3.1538461538461537,2.25,1.8224852071005917,0.0,0.07692307692307693
TR104*0102*2000*01_A1,24.0,5,0.8,0.5,0.0,0.0,0.5,0.0,0.0,0.5,0.5,0.0,0.5,0.5,2.5,1.0,2.25,0.0,0.2
TR104*0102*2000*01_A4,24.0,9,1.0,0.2222222222222222,0.4444444444444444,0.2222222222222222,0.0,0.0,0.1111111111111111,0.6666666666666666,0.2222222222222222,0.1111111111111111,0.3333333333333333,0.1111111111111111,2.4444444444444446,0.5,2.0246913580246915,0.2222222222222222,0.2222222222222222
TR105*0102*2000*01_A1,26.0,12,1.0,0.16666666666666666,0.25,0.08333333333333333,0.4166666666666667,0.0,0.08333333333333333,0.4166666666666667,0.5,0.08333333333333333,0.5833333333333334,0.5,3.0833333333333335,1.4,2.076388888888889,0.16666666666666666,0.08333333333333333
TR105*0102*2000*01_A2,26.0,6,0.6666666666666666,0.25,0.0,0.5,0.0,0.25,0.0,0.25,0.5,0.25,0.75,0.25,3.0,3.0,2.0,0.0,0.3333333333333333
TR106*0102*2000*01_A1,23.0,9,1.0,0.1111111111111111,0.5555555555555556,0.1111111111111111,0.2222222222222222,0.0,0.0,0.6666666666666666,0.3333333333333333,0.0,0.3333333333333333,0.2222222222222222,2.4444444444444446,0.5,0.9135802469135802,0.0,0.5555555555555556
TR106*0102*2000*01_A2,23.0,9,1.0,0.3333333333333333,0.5555555555555556,0.1111111111111111,0.0,0.0,0.0,0.8888888888888888,0.1111111111111111,0.0,0.1111111111111111,0.0,1.7777777777777777,0.125,0.3950617283950617,0.0,0.1111111111111111
TR107*0102*2000*01_A1,35.0,11,1.0,0.09090909090909091,0.18181818181818182,0.5454545454545454,0.09090909090909091,0.0,0.09090909090909091,0.2727272727272727,0.6363636363636364,0.09090909090909091,0.7272727272727273,0.18181818181818182,3.0,2.6666666666666665,1.4545454545454546,0.09090909090909091,0.09090909090909091
TR107*0102*2000*01_A4,35.0,18,1.0,0.1111111111111111,0.1111111111111111,0.5555555555555556,0.2222222222222222,0.0,0.0,0.2222222222222222,0.7777777777777778,0.0,0.7777777777777778,0.2222222222222222,2.888888888888889,3.5,0.7654320987654322,0.05555555555555555,0.05555555555555555
TR110*0102*2000*01_A1,35.0,14,1.0,0.21428571428571427,0.21428571428571427,0.21428571428571427,0.14285714285714285,0.07142857142857142,0.14285714285714285,0.42857142857142855,0.35714285714285715,0.21428571428571427,0.5714285714285714,0.35714285714285715,3.0714285714285716,1.3333333333333333,2.780612244897959,0.14285714285714285,0.35714285714285715
TR110*0102*2000*01_A4,35.0,8,0.875,0.0,0.42857142857142855,0.2857142857142857,0.2857142857142857,0.0,0.0,0.42857142857142855,0.5714285714285714,0.0,0.5714285714285714,0.2857142857142857,2.857142857142857,1.3333333333333333,0.6938775510204082,0.0,0.25
TR112*0102*2000*01_A1,36.0,11,0.9090909090909091,0.1,0.2,0.2,0.4,0.1,0.0,0.3,0.6,0.1,0.7,0.5,3.2,2.3333333333333335,1.36,0.0,0.36363636363636365
TR112*0102*2000*01_A3,36.0,9,1.0,0.0,0.1111111111111111,0.3333333333333333,0.4444444444444444,0.0,0.1111111111111111,0.1111111111111111,0.7777777777777778,0.1111111111111111,0.8888888888888888,0.5555555555555556,3.6666666666666665,8.0,1.1111111111111114,0.2222222222222222,0.0
TR764*0102*2000*01_A1,35.0,9,1.0,0.1111111111111111,0.2222222222222222,0.2222222222222222,0.3333333333333333,0.1111111111111111,0.0,0.3333333333333333,0.5555555555555556,0.1111111111111111,0.6666666666666666,0.4444444444444444,3.111111111111111,2.0,1.432098765432099,0.0,0.1111111111111111
TR764*0102*2000*01_A5a,35.0,8,1.0,0.5,0.0,0.125,0.375,0.0,0.0,0.5,0.5,0.0,0.5,0.375,2.375,1.0,1.984375,0.25,0.125
TR904*0102*2000*01_A1,33.0,9,1.0,0.4444444444444444,0.0,0.2222222222222222,0.3333333333333333,0.0,0.0,0.4444444444444444,0.5555555555555556,0.0,0.5555555555555556,0.3333333333333333,2.4444444444444446,1.25,1.8024691358024691,0.0,0.2222222222222222
TR904*0102*2000*01_A4,33.0,19,0.8947368421052632,0.23529411764705882,0.17647058823529413,0.35294117647058826,0.17647058823529413,0.058823529411764705,0.0,0.4117647058823529,0.5294117647058824,0.058823529411764705,0.5882352941176471,0.23529411764705882,2.6470588235294117,1.4285714285714286,1.4048442906574397,0.10526315789473684,0.2631578947368421
TR906*0102*2000*01_A1,26.0,6,1.0,0.3333333333333333,0.16666666666666666,0.0,0.3333333333333333,0.0,0.16666666666666666,0.5,0.3333333333333333,0.16666666666666666,0.5,0.5,3.0,1.0,3.3333333333333335,0.16666666666666666,0.16666666666666666
TR906*0102*2000*01_A2,26.0,8,1.0,0.375,0.25,0.25,0.0,0.0,0.125,0.625,0.25,0.125,0.375,0.125,2.375,0.6,2.484375,0.0,0.0
TR908*0102*2000*01_A1,25.0,7,1.0,0.0,0.42857142857142855,0.14285714285714285,0.42857142857142855,0.0,0.0,0.42857142857142855,0.5714285714285714,0.0,0.5714285714285714,0.42857142857142855,3.0,1.3333333333333333,0.8571428571428571,0.14285714285714285,0.14285714285714285
TR908*0102*2000*01_A2,25.0,7,0.8571428571428571,0.16666666666666666,0.5,0.16666666666666666,0.16666666666666666,0.0,0.0,0.6666666666666666,0.3333333333333333,0.0,0.3333333333333333,0.16666666666666666,2.3333333333333335,0.5,0.8888888888888888,0.0,0.14285714285714285
TR909*0102*2000*01_A1,28.0,10,1.0,0.2,0.2,0.4,0.2,0.0,0.0,0.4,0.6,0.0,0.6,0.2,2.6,1.5,1.04,0.0,0.2
TR909*0102*2000*01_A4,28.0,13,0.9230769230769231,0.3333333333333333,0.08333333333333333,0.3333333333333333,0.16666666666666666,0.08333333333333333,0.0,0.4166666666666667,0.5,0.08333333333333333,0.5833333333333334,0.25,2.5833333333333335,1.4,1.7430555555555556,0.0,0.3076923076923077
TR917*0102*2000*01_A1,29.0,12,1.0,0.25,0.08333333333333333,0.25,0.3333333333333333,0.08333333333333333,0.0,0.3333333333333333,0.5833333333333334,0.08333333333333333,0.6666666666666666,0.4166666666666667,2.9166666666666665,2.0,1.7430555555555556,0.0,0.16666666666666666
TR917*0102*2000*01_A2,29.0,10,1.0,0.2,0.0,0.4,0.3,0.0,0.1,0.2,0.7,0.1,0.8,0.4,3.2,4.0,1.9599999999999997,0.2,0.0
TR918*0102*2000*01_A1,26.0,13,1.0,0.07692307692307693,0.23076923076923078,0.23076923076923078,0.38461538461538464,0.0,0.07692307692307693,0.3076923076923077,0.6153846153846154,0.07692307692307693,0.6923076923076923,0.46153846153846156,3.230769230769231,2.25,1.5621301775147929,0.07692307692307693,0.0
TR918*0102*2000*01_A4,26.0,4,0.75,0.3333333333333333,0.0,0.6666666666666666,0.0,0.0,0.0,0.3333333333333333,0.6666666666666666,0.0,0.6666666666666666,0.0,2.3333333333333335,2.0,0.8888888888888888,0.25,0.25
TR919*0102*2000*01_A1,24.0,15,0.9333333333333333,0.14285714285714285,0.21428571428571427,0.2857142857142857,0.2857142857142857,0.0,0.07142857142857142,0.35714285714285715,0.5714285714285714,0.07142857142857142,0.6428571428571429,0.35714285714285715,3.0,1.8,1.7142857142857142,0.0,0.2
TR919*0102*2000*01_A3,24.0,12,1.0,0.08333333333333333,0.16666666666666666,0.25,0.3333333333333333,0.08333333333333333,0.08333333333333333,0.25,0.5833333333333334,0.16666666666666666,0.75,0.5,3.4166666666666665,3.0,1.7430555555555554,0.16666666666666666,0.16666666666666666
TR920*0102*2000*01_A1,29.0,2,1.0,0.0,0.5,0.0,0.5,0.0,0.0,0.5,0.5,0.0,0.5,0.5,3.0,1.0,1.0,0.0,0.5
TR920*0102*2000*01_A4,29.0,12,1.0,0.0,0.3333333333333333,0.3333333333333333,0.3333333333333333,0.0,0.0,0.3333333333333333,0.6666666666666666,0.0,0.6666666666666666,0.3333333333333333,3.0,2.0,0.6666666666666666,0.08333333333333333,0.08333333333333333
TR921*0102*2000*01_A1,29.0,8,1.0,0.0,0.375,0.125,0.5,0.0,0.0,0.375,0.625,0.0,0.625,0.5,3.125,1.6666666666666667,0.859375,0.0,0.125
TR921*0102*2000*01_A4,29.0,7,1.0,0.2857142857142857,0.0,0.0,0.2857142857142857,0.0,0.42857142857142855,0.2857142857142857,0.2857142857142857,0.42857142857142855,0.7142857142857143,0.7142857142857143,4.0,2.5,4.285714285714286,0.0,0.0
TR922*0102*2000*01_A1,25.0,11,1.0,0.36363636363636365,0.09090909090909091,0.2727272727272727,0.09090909090909091,0.09090909090909091,0.09090909090909091,0.45454545454545453,0.36363636363636365,0.18181818181818182,0.5454545454545454,0.2727272727272727,2.727272727272727,1.2,2.743801652892562,0.18181818181818182,0.0
TR922*0102*2000*01_A2,25.0,6,1.0,0.16666666666666666,0.5,0.3333333333333333,0.0,0.0,0.0,0.6666666666666666,0.3333333333333333,0.0,0.3333333333333333,0.0,2.1666666666666665,0.5,0.47222222222222215,0.16666666666666666,0.16666666666666666
TR765*0102*2000*01_A1,23.0,7,1.0,0.42857142857142855,0.14285714285714285,0.14285714285714285,0.2857142857142857,0.0,0.0,0.5714285714285714,0.42857142857142855,0.0,0.42857142857142855,0.2857142857142857,2.2857142857142856,0.75,1.6326530612244896,0.0,0.0
TR765*0102*2000*01_A2,23.0,5,0.8,0.25,0.25,0.5,0.0,0.0,0.0,0.5,0.5,0.0,0.5,0.0,2.25,1.0,0.6875,0.2,0.2
TR926*0102*2000*01_A1,29.0,8,1.0,0.0,0.25,0.125,0.625,0.0,0.0,0.25,0.75,0.0,0.75,0.625,3.375,3.0,0.734375,0.0,0.125
TR926*0102*2000*01_A4,29.0,16,1.0,0.125,0.125,0.1875,0.4375,0.125,0.0,0.25,0.625,0.125,0.75,0.5625,3.3125,3.0,1.46484375,0.0625,0.0
TR927*0102*2000*01_A1,32.0,6,1.0,0.3333333333333333,0.0,0.3333333333333333,0.3333333333333333,0.0,0.0,0.3333333333333333,0.6666666666666666,0.0,0.6666666666666666,0.3333333333333333,2.6666666666666665,2.0,1.5555555555555554,0.0,0.0
TR927*0102*2000*01_A4,32.0,13,1.0,0.07692307692307693,0.3076923076923077,0.23076923076923078,0.3076923076923077,0.07692307692307693,0.0,0.38461538461538464,0.5384615384615384,0.07692307692307693,0.6153846153846154,0.38461538461538464,3.0,1.6,1.2307692307692308,0.0,0.07692307692307693
TR929*0102*2000*01_A1,27.0,3,1.0,0.0,0.3333333333333333,0.0,0.6666666666666666,0.0,0.0,0.3333333333333333,0.6666666666666666,0.0,0.6666666666666666,0.6666666666666666,3.3333333333333335,2.0,0.8888888888888888,0.0,0.3333333333333333
TR929*0102*2000*01_A4,27.0,5,1.0,0.6,0.2,0.2,0.0,0.0,0.0,0.8,0.2,0.0,0.2,0.0,1.6,0.25,0.64,0.4,0.0
TR931*0102*2000*01_A1,26.0,6,1.0,0.0,0.3333333333333333,0.16666666666666666,0.3333333333333333,0.0,0.16666666666666666,0.3333333333333333,0.5,0.16666666666666666,0.6666666666666666,0.5,3.5,2.0,1.9166666666666667,0.3333333333333333,0.3333333333333333
TR931*0102*2000*01_A2,26.0,6,1.0,0.16666666666666666,0.16666666666666666,0.6666666666666666,0.0,0.0,0.0,0.3333333333333333,0.6666666666666666,0.0,0.6666666666666666,0.0,2.5,2.0,0.5833333333333334,0.0,0.0
TR933*0102*2000*01_A1,31.0,9,1.0,0.2222222222222222,0.2222222222222222,0.0,0.5555555555555556,0.0,0.0,0.4444444444444444,0.5555555555555556,0.0,0.5555555555555556,0.5555555555555556,2.888888888888889,1.25,1.654320987654321,0.1111111111111111,0.1111111111111111
TR933*0102*2000*01_A4,31.0,4,1.0,0.0,0.25,0.5,0.25,0.0,0.0,0.25,0.75,0.0,0.75,0.25,3.0,3.0,0.5,0.0,0.0
TR935*0102*2000*01_A1,24.0,11,1.0,0.0,0.5454545454545454,0.18181818181818182,0.09090909090909091,0.09090909090909091,0.09090909090909091,0.5454545454545454,0.2727272727272727,0.18181818181818182,0.45454545454545453,0.2727272727272727,3.0,0.8333333333333334,1.8181818181818181,0.0,0.18181818181818182
TR935*0102*2000*01_A5b,24.0,8,1.0,0.25,0.25,0.0,0.125,0.25,0.125,0.5,0.125,0.375,0.5,0.5,3.25,1.0,3.4375,0.25,0.375
TR938*0102*2000*01_A1,33.0,10,1.0,0.2,0.2,0.3,0.3,0.0,0.0,0.4,0.6,0.0,0.6,0.3,2.7,1.5,1.21,0.0,0.3
TR938*0102*2000*01_A3,33.0,8,1.0,0.125,0.0,0.625,0.125,0.125,0.0,0.125,0.75,0.125,0.875,0.25,3.125,7.0,1.109375,0.0,0.75
TR766*0102*2000*01_A1,29.0,6,1.0,0.16666666666666666,0.16666666666666666,0.0,0.5,0.0,0.16666666666666666,0.3333333333333333,0.5,0.16666666666666666,0.6666666666666666,0.6666666666666666,3.5,2.0,2.5833333333333335,0.16666666666666666,0.16666666666666666
TR766*0102*2000*01_A4,29.0,16,0.9375,0.4666666666666667,0.06666666666666667,0.4,0.0,0.0,0.06666666666666667,0.5333333333333333,0.4,0.06666666666666667,0.4666666666666667,0.06666666666666667,2.2,0.875,1.8933333333333338,0.0,0.1875
TR942*0102*2000*01_A1,25.0,5,1.0,0.6,0.0,0.0,0.0,0.2,0.2,0.6,0.0,0.4,0.4,0.4,2.8,0.6666666666666666,4.96,0.0,0.0
TR942*0102*2000*01_A2,25.0,17,0.9411764705882353,0.375,0.125,0.3125,0.0625,0.0625,0.0625,0.5,0.375,0.125,0.5,0.1875,2.5,1.0,2.25,0.058823529411764705,0.17647058823529413
TR943*0102*2000*01_A1,35.0,17,1.0,0.058823529411764705,0.11764705882352941,0.23529411764705882,0.47058823529411764,0.058823529411764705,0.058823529411764705,0.17647058823529413,0.7058823529411765,0.11764705882352941,0.8235294117647058,0.5882352941176471,3.5294117647058822,4.666666666666667,1.3079584775086506,0.17647058823529413,0.058823529411764705
TR943*0102*2000*01_A2,35.0,11,1.0,0.18181818181818182,0.18181818181818182,0.36363636363636365,0.18181818181818182,0.09090909090909091,0.0,0.36363636363636365,0.5454545454545454,0.09090909090909091,0.6363636363636364,0.2727272727272727,2.8181818181818183,1.75,1.421487603305785,0.0,0.0
TR944*0102*2000*01_A1,32.0,13,1.0,0.15384615384615385,0.3076923076923077,0.07692307692307693,0.3076923076923077,0.07692307692307693,0.07692307692307693,0.46153846153846156,0.38461538461538464,0.15384615384615385,0.5384615384615384,0.46153846153846156,3.076923076923077,1.1666666666666667,2.2248520710059174,0.0,0.38461538461538464
TR944*0102*2000*01_A3,32.0,9,1.0,0.3333333333333333,0.3333333333333333,0.2222222222222222,0.0,0.1111111111111111,0.0,0.6666666666666666,0.2222222222222222,0.1111111111111111,0.3333333333333333,0.1111111111111111,2.2222222222222223,0.5,1.506172839506173,0.1111111111111111,0.2222222222222222
TR945*0102*2000*01_A1,30.0,7,1.0,0.14285714285714285,0.14285714285714285,0.0,0.42857142857142855,0.0,0.2857142857142857,0.2857142857142857,0.42857142857142855,0.2857142857142857,0.7142857142857143,0.7142857142857143,3.857142857142857,2.5,2.979591836734694,0.14285714285714285,0.14285714285714285
TR945*0102*2000*01_A2,30.0,9,1.0,0.4444444444444444,0.3333333333333333,0.1111111111111111,0.1111111111111111,0.0,0.0,0.7777777777777778,0.2222222222222222,0.0,0.2222222222222222,0.1111111111111111,1.8888888888888888,0.2857142857142857,0.9876543209876544,0.0,0.2222222222222222
TR946*0102*2000*01_A1,23.0,9,1.0,0.1111111111111111,0.2222222222222222,0.3333333333333333,0.0,0.0,0.3333333333333333,0.3333333333333333,0.3333333333333333,0.3333333333333333,0.6666666666666666,0.3333333333333333,3.5555555555555554,2.0,3.3580246913580245,0.2222222222222222,0.2222222222222222
TR946*0102*2000*01_A5b,23.0,6,1.0,0.0,0.16666666666666666,0.16666666666666666,0.5,0.16666666666666666,0.0,0.16666666666666666,0.6666666666666666,0.16666666666666666,0.8333333333333334,0.6666666666666666,3.6666666666666665,5.0,0.8888888888888892,0.0,0.0
TR951*0102*2000*01_A1,30.0,9,1.0,0.1111111111111111,0.3333333333333333,0.3333333333333333,0.2222222222222222,0.0,0.0,0.4444444444444444,0.5555555555555556,0.0,0.5555555555555556,0.2222222222222222,2.6666666666666665,1.25,0.8888888888888888,0.1111111111111111,0.3333333333333333
TR951*0102*2000*01_A2,30.0,5,1.0,0.0,0.0,0.4,0.6,0.0,0.0,0.0,1.0,0.0,1.0,0.6,3.6,nan,0.24,0.0,0.2
TR955*0102*2000*01_A1,30.0,22,1.0,0.045454545454545456,0.18181818181818182,0.36363636363636365,0.22727272727272727,0.13636363636363635,0.045454545454545456,0.22727272727272727,0.5909090909090909,0.18181818181818182,0.7727272727272727,0.4090909090909091,3.3636363636363638,3.4,1.413223140495868,0.0,0.18181818181818182
TR955*0102*2000*01_A4,30.0,16,0.9375,0.26666666666666666,0.26666666666666666,0.26666666666666666,0.2,0.0,0.0,0.5333333333333333,0.4666666666666667,0.0,0.4666666666666667,0.2,2.4,0.875,1.1733333333333333,0.0625,0.125
TR956*0102*2000*01_A1,25.0,4,1.0,0.0,0.5,0.25,0.25,0.0,0.0,0.5,0.5,0.0,0.5,0.25,2.75,1.0,0.6875,0.5,0.25
TR956*0102*2000*01_A4,25.0,8,0.875,0.14285714285714285,0.7142857142857143,0.14285714285714285,0.0,0.0,0.0,0.8571428571428571,0.14285714285714285,0.0,0.14285714285714285,0.0,2.0,0.16666666666666666,0.2857142857142857,0.125,0.25
TR957*0102*2000*01_A1,27.0,12,0.9166666666666666,0.18181818181818182,0.2727272727272727,0.18181818181818182,0.2727272727272727,0.09090909090909091,0.0,0.45454545454545453,0.45454545454545453,0.09090909090909091,0.5454545454545454,0.36363636363636365,2.8181818181818183,1.2,1.6033057851239667,0.08333333333333333,0.3333333333333333
TR957*0102*2000*01_A2,27.0,12,1.0,0.08333333333333333,0.08333333333333333,0.4166666666666667,0.25,0.16666666666666666,0.0,0.16666666666666666,0.6666666666666666,0.16666666666666666,0.8333333333333334,0.4166666666666667,3.3333333333333335,5.0,1.222222222222222,0.0,0.08333333333333333
TR958*0102*2000*01_A1,15.0,6,1.0,0.0,0.5,0.16666666666666666,0.0,0.16666666666666666,0.16666666666666666,0.5,0.16666666666666666,0.3333333333333333,0.5,0.3333333333333333,3.3333333333333335,1.0,2.555555555555556,0.0,0.5
TR958*0102*2000*01_A4,15.0,10,0.9,0.2222222222222222,0.1111111111111111,0.2222222222222222,0.3333333333333333,0.1111111111111111,0.0,0.3333333333333333,0.5555555555555556,0.1111111111111111,0.6666666666666666,0.4444444444444444,3.0,2.0,1.7777777777777777,0.1,0.2
TR767*0102*2000*01_A1,20.0,13,0.9230769230769231,0.16666666666666666,0.3333333333333333,0.25,0.08333333333333333,0.0,0.16666666666666666,0.5,0.3333333333333333,0.16666666666666666,0.5,0.25,2.9166666666666665,1.0,2.576388888888889,0.15384615384615385,0.23076923076923078
TR767*0102*2000*01_A4,20.0,11,1.0,0.18181818181818182,0.09090909090909091,0.18181818181818182,0.45454545454545453,0.0,0.09090909090909091,0.2727272727272727,0.6363636363636364,0.09090909090909091,0.7272727272727273,0.5454545454545454,3.272727272727273,2.6666666666666665,2.0165289256198347,0.18181818181818182,0.18181818181818182
TR963*0102*2000*01_A1,35.0,12,1.0,0.16666666666666666,0.25,0.25,0.25,0.08333333333333333,0.0,0.4166666666666667,0.5,0.08333333333333333,0.5833333333333334,0.3333333333333333,2.8333333333333335,1.4,1.4722222222222223,0.0,0.3333333333333333
TR963*0102*2000*01_A4,35.0,14,1.0,0.07142857142857142,0.35714285714285715,0.35714285714285715,0.21428571428571427,0.0,0.0,0.42857142857142855,0.5714285714285714,0.0,0.5714285714285714,0.21428571428571427,2.7142857142857144,1.3333333333333333,0.7755102040816324,0.0,0.21428571428571427
TR965*0102*2000*01_A1,20.0,5,1.0,0.4,0.2,0.0,0.4,0.0,0.0,0.6,0.4,0.0,0.4,0.4,2.4,0.6666666666666666,1.8399999999999999,0.2,0.2
TR965*0102*2000*01_A2,20.0,4,1.0,0.5,0.0,0.5,0.0,0.0,0.0,0.5,0.5,0.0,0.5,0.0,2.0,1.0,1.0,0.0,0.25
TR966*0102*2000*01_A1,31.0,8,1.0,0.25,0.375,0.25,0.125,0.0,0.0,0.625,0.375,0.0,0.375,0.125,2.25,0.6,0.9375,0.0,0.25
TR966*0102*2000*01_A3,31.0,6,1.0,0.0,0.16666666666666666,0.5,0.3333333333333333,0.0,0.0,0.16666666666666666,0.8333333333333334,0.0,0.8333333333333334,0.3333333333333333,3.1666666666666665,5.0,0.47222222222222215,0.0,0.5
TR970*0102*2000*01_A1,31.0,6,1.0,0.16666666666666666,0.16666666666666666,0.3333333333333333,0.0,0.16666666666666666,0.16666666666666666,0.3333333333333333,0.3333333333333333,0.3333333333333333,0.6666666666666666,0.3333333333333333,3.3333333333333335,2.0,2.888888888888889,0.16666666666666666,0.16666666666666666
TR970*0102*2000*01_A2,31.0,5,1.0,0.4,0.0,0.6,0.0,0.0,0.0,0.4,0.6,0.0,0.6,0.0,2.2,1.5,0.96,0.6,0.6
TR972*0102*2000*01_A1,23.0,9,1.0,0.3333333333333333,0.1111111111111111,0.1111111111111111,0.3333333333333333,0.0,0.1111111111111111,0.4444444444444444,0.4444444444444444,0.1111111111111111,0.5555555555555556,0.4444444444444444,2.888888888888889,1.25,2.7654320987654324,0.0,0.0
TR972*0102*2000*01_A3,23.0,5,1.0,0.0,0.2,0.6,0.2,0.0,0.0,0.2,0.8,0.0,0.8,0.2,3.0,4.0,0.4,0.0,0.2
TR973*0102*2000*01_A1,28.0,11,1.0,0.18181818181818182,0.2727272727272727,0.2727272727272727,0.2727272727272727,0.0,0.0,0.45454545454545453,0.5454545454545454,0.0,0.5454545454545454,0.2727272727272727,2.6363636363636362,1.2,1.140495867768595,0.18181818181818182,0.18181818181818182
TR973*0102*2000*01_A3,28.0,13,0.9230769230769231,0.08333333333333333,0.08333333333333333,0.4166666666666667,0.08333333333333333,0.08333333333333333,0.25,0.16666666666666666,0.5,0.3333333333333333,0.8333333333333334,0.4166666666666667,3.75,5.0,2.5208333333333335,0.07692307692307693,0.15384615384615385
TR975*0102*2000*01_A1,25.0,5,1.0,0.2,0.2,0.2,0.4,0.0,0.0,0.4,0.6,0.0,0.6,0.4,2.8,1.5,1.3599999999999999,0.4,0.0
TR975*0102*2000*01_A4,25.0,6,1.0,0.0,0.0,1.0,0.0,0.0,0.0,0.0,1.0,0.0,1.0,0.0,3.0,nan,0.0,0.0,0.3333333333333333
TR979*0102*2000*01_A1,25.0,7,1.0,0.14285714285714285,0.42857142857142855,0.2857142857142857,0.14285714285714285,0.0,0.0,0.5714285714285714,0.42857142857142855,0.0,0.42857142857142855,0.14285714285714285,2.4285714285714284,0.75,0.816326530612245,0.14285714285714285,0.14285714285714285
TR979*0102*2000*01_A4,25.0,12,1.0,0.3333333333333333,0.3333333333333333,0.25,0.08333333333333333,0.0,0.0,0.6666666666666666,0.3333333333333333,0.0,0.3333333333333333,0.08333333333333333,2.0833333333333335,0.5,0.9097222222222222,0.16666666666666666,0.08333333333333333
TR768*0102*2000*01_A1,35.0,14,1.0,0.21428571428571427,0.2857142857142857,0.2857142857142857,0.14285714285714285,0.0,0.07142857142857142,0.5,0.42857142857142855,0.07142857142857142,0.5,0.21428571428571427,2.642857142857143,1.0,1.801020408163265,0.21428571428571427,0.14285714285714285
TR768*0102*2000*01_A2,35.0,6,1.0,0.3333333333333333,0.16666666666666666,0.16666666666666666,0.16666666666666666,0.16666666666666666,0.0,0.5,0.3333333333333333,0.16666666666666666,0.5,0.3333333333333333,2.6666666666666665,1.0,2.222222222222222,0.16666666666666666,0.0
TR980*0102*2000*01_A1,21.0,9,1.0,0.2222222222222222,0.2222222222222222,0.2222222222222222,0.3333333333333333,0.0,0.0,0.4444444444444444,0.5555555555555556,0.0,0.5555555555555556,0.3333333333333333,2.6666666666666665,1.25,1.3333333333333333,0.1111111111111111,0.2222222222222222
TR980*0102*2000*01_A3,21.0,3,1.0,0.0,0.0,1.0,0.0,0.0,0.0,0.0,1.0,0.0,1.0,0.0,3.0,nan,0.0,0.0,1.0
TR985*0102*2000*01_A1,21.0,5,1.0,0.0,0.4,0.4,0.2,0.0,0.0,0.4,0.6,0.0,0.6,0.2,2.8,1.5,0.5599999999999999,0.2,0.2
TR985*0102*2000*01_A3,21.0,10,1.0,0.3,0.1,0.4,0.1,0.1,0.0,0.4,0.5,0.1,0.6,0.2,2.6,1.5,1.64,0.0,0.4
TR989*0102*2000*01_A1,26.0,12,1.0,0.16666666666666666,0.16666666666666666,0.16666666666666666,0.25,0.0,0.25,0.3333333333333333,0.4166666666666667,0.25,0.6666666666666666,0.5,3.5,2.0,3.0833333333333335,0.16666666666666666,0.16666666666666666
TR989*0102*2000*01_A4,26.0,10,1.0,0.2,0.1,0.3,0.3,0.1,0.0,0.3,0.6,0.1,0.7,0.4,3.0,2.3333333333333335,1.6,0.0,0.1
TR990*0102*2000*01_A1,24.0,9,1.0,0.2222222222222222,0.1111111111111111,0.3333333333333333,0.3333333333333333,0.0,0.0,0.3333333333333333,0.6666666666666666,0.0,0.6666666666666666,0.3333333333333333,2.7777777777777777,2.0,1.2839506172839505,0.2222222222222222,0.0
TR990*0102*2000*01_A4,24.0,4,1.0,0.75,0.0,0.0,0.0,0.25,0.0,0.75,0.0,0.25,0.25,0.25,2.0,0.3333333333333333,3.0,0.0,0.25
TR993*0102*2000*01_A1,23.0,4,1.0,0.0,0.5,0.25,0.0,0.0,0.25,0.5,0.25,0.25,0.5,0.25,3.25,1.0,2.6875,0.0,0.5
TR993*0102*2000*01_A4,23.0,13,1.0,0.23076923076923078,0.07692307692307693,0.38461538461538464,0.3076923076923077,0.0,0.0,0.3076923076923077,0.6923076923076923,0.0,0.6923076923076923,0.3076923076923077,2.769230769230769,2.25,1.2544378698224852,0.0,0.07692307692307693
TR996*0102*2000*01_A1,30.0,12,1.0,0.5,0.08333333333333333,0.08333333333333333,0.25,0.08333333333333333,0.0,0.5833333333333334,0.3333333333333333,0.08333333333333333,0.4166666666666667,0.3333333333333333,2.3333333333333335,0.7142857142857143,2.2222222222222223,0.08333333333333333,0.08333333333333333
TR996*0102*2000*01_A2,30.0,13,1.0,0.15384615384615385,0.15384615384615385,0.46153846153846156,0.15384615384615385,0.07692307692307693,0.0,0.3076923076923077,0.6153846153846154,0.07692307692307693,0.6923076923076923,0.23076923076923078,2.8461538461538463,2.25,1.2071005917159763,0.15384615384615385,0.07692307692307693
TR997*0102*2000*01_A1,30.0,7,1.0,0.2857142857142857,0.2857142857142857,0.14285714285714285,0.2857142857142857,0.0,0.0,0.5714285714285714,0.42857142857142855,0.0,0.42857142857142855,0.2857142857142857,2.4285714285714284,0.75,1.3877551020408163,0.14285714285714285,0.0
TR997*0102*2000*01_A4,30.0,5,1.0,0.2,0.2,0.4,0.2,0.0,0.0,0.4,0.6,0.0,0.6,0.2,2.6,1.5,1.0400000000000003,0.0,0.0
TR769*0102*2000*01_A1,22.0,4,1.0,0.25,0.0,0.0,0.5,0.25,0.0,0.25,0.5,0.25,0.75,0.75,3.5,3.0,2.25,0.25,0.0
TR769*0102*2000*01_A2,22.0,7,0.8571428571428571,0.3333333333333333,0.0,0.3333333333333333,0.16666666666666666,0.0,0.16666666666666666,0.3333333333333333,0.5,0.16666666666666666,0.6666666666666666,0.3333333333333333,3.0,2.0,3.0,0.0,0.2857142857142857
TR1001*0102*2000*01_A1,28.0,10,0.9,0.4444444444444444,0.0,0.3333333333333333,0.2222222222222222,0.0,0.0,0.4444444444444444,0.5555555555555556,0.0,0.5555555555555556,0.2222222222222222,2.3333333333333335,1.25,1.5555555555555554,0.1,0.1
TR1001*0102*2000*01_A4,28.0,9,1.0,0.0,0.3333333333333333,0.2222222222222222,0.1111111111111111,0.2222222222222222,0.1111111111111111,0.3333333333333333,0.3333333333333333,0.3333333333333333,0.6666666666666666,0.4444444444444444,3.5555555555555554,2.0,2.0246913580246915,0.1111111111111111,0.4444444444444444
TR1007*0102*2000*01_A1,25.0,7,1.0,0.2857142857142857,0.0,0.14285714285714285,0.14285714285714285,0.2857142857142857,0.14285714285714285,0.2857142857142857,0.2857142857142857,0.42857142857142855,0.7142857142857143,0.5714285714285714,3.5714285714285716,2.5,3.3877551020408165,0.0,0.0
TR1007*0102*2000*01_A2,25.0,5,1.0,0.6,0.0,0.4,0.0,0.0,0.0,0.6,0.4,0.0,0.4,0.0,1.8,0.6666666666666666,0.9600000000000002,0.0,0.0
TR1008*0102*2000*01_A1,29.0,8,1.0,0.0,0.25,0.125,0.625,0.0,0.0,0.25,0.75,0.0,0.75,0.625,3.375,3.0,0.734375,0.125,0.125
TR1008*0102*2000*01_A2,29.0,17,1.0,0.11764705882352941,0.11764705882352941,0.4117647058823529,0.17647058823529413,0.058823529411764705,0.11764705882352941,0.23529411764705882,0.5882352941176471,0.17647058823529413,0.7647058823529411,0.35294117647058826,3.2941176470588234,3.25,1.972318339100346,0.11764705882352941,0.058823529411764705
TR1010*0102*2000*01_A1,25.0,9,1.0,0.3333333333333333,0.2222222222222222,0.3333333333333333,0.1111111111111111,0.0,0.0,0.5555555555555556,0.4444444444444444,0.0,0.4444444444444444,0.1111111111111111,2.2222222222222223,0.8,1.0617283950617287,0.0,0.3333333333333333
TR1010*0102*2000*01_A2,25.0,13,1.0,0.07692307692307693,0.15384615384615385,0.5384615384615384,0.07692307692307693,0.15384615384615385,0.0,0.23076923076923078,0.6153846153846154,0.15384615384615385,0.7692307692307693,0.23076923076923078,3.076923076923077,3.3333333333333335,1.1479289940828403,0.46153846153846156,0.23076923076923078
TR1011*0102*2000*01_A1,24.0,9,1.0,0.0,0.1111111111111111,0.6666666666666666,0.1111111111111111,0.0,0.1111111111111111,0.1111111111111111,0.7777777777777778,0.1111111111111111,0.8888888888888888,0.2222222222222222,3.3333333333333335,8.0,1.1111111111111112,0.3333333333333333,0.2222222222222222
TR1011*0102*2000*01_A3,24.0,7,1.0,0.14285714285714285,0.14285714285714285,0.7142857142857143,0.0,0.0,0.0,0.2857142857142857,0.7142857142857143,0.0,0.7142857142857143,0.0,2.5714285714285716,2.5,0.5306122448979592,0.0,0.42857142857142855
TR1013*0102*2000*01_A1,30.0,9,1.0,0.2222222222222222,0.1111111111111111,0.3333333333333333,0.3333333333333333,0.0,0.0,0.3333333333333333,0.6666666666666666,0.0,0.6666666666666666,0.3333333333333333,2.7777777777777777,2.0,1.2839506172839505,0.1111111111111111,0.0
TR1013*0102*2000*01_A2,30.0,12,1.0,0.16666666666666666,0.16666666666666666,0.4166666666666667,0.16666666666666666,0.08333333333333333,0.0,0.3333333333333333,0.5833333333333334,0.08333333333333333,0.6666666666666666,0.25,2.8333333333333335,2.0,1.3055555555555558,0.25,0.0
TR1014*0102*2000*01_A1,27.0,13,1.0,0.0,0.38461538461538464,0.38461538461538464,0.23076923076923078,0.0,0.0,0.38461538461538464,0.6153846153846154,0.0,0.6153846153846154,0.23076923076923078,2.8461538461538463,1.6,0.591715976331361,0.07692307692307693,0.07692307692307693
TR1014*0102*2000*01_A4,27.0,9,1.0,0.0,0.1111111111111111,0.3333333333333333,0.4444444444444444,0.1111111111111111,0.0,0.1111111111111111,0.7777777777777778,0.1111111111111111,0.8888888888888888,0.5555555555555556,3.5555555555555554,8.0,0.691358024691358,0.0,0.0
TR1021*0102*2000*01_A1,25.0,8,1.0,0.125,0.25,0.375,0.0,0.125,0.125,0.375,0.375,0.25,0.625,0.25,3.125,1.6666666666666667,2.359375,0.125,0.375
TR1021*0102*2000*01_A2,25.0,11,1.0,0.18181818181818182,0.09090909090909091,0.36363636363636365,0.2727272727272727,0.0,0.09090909090909091,0.2727272727272727,0.6363636363636364,0.09090909090909091,0.7272727272727273,0.36363636363636365,3.090909090909091,2.6666666666666665,1.9008264462809918,0.09090909090909091,0.18181818181818182
TR1022*0102*2000*01_A1,34.0,10,1.0,0.4,0.1,0.4,0.1,0.0,0.0,0.5,0.5,0.0,0.5,0.1,2.2,1.0,1.1600000000000001,0.1,0.1
TR1022*0102*2000*01_A2,34.0,8,1.0,0.125,0.0,0.875,0.0,0.0,0.0,0.125,0.875,0.0,0.875,0.0,2.75,7.0,0.4375,0.125,0.375
TR1023*0102*2000*01_A1,34.0,8,0.875,0.14285714285714285,0.0,0.2857142857142857,0.5714285714285714,0.0,0.0,0.14285714285714285,0.8571428571428571,0.0,0.8571428571428571,0.5714285714285714,3.2857142857142856,6.0,1.0612244897959184,0.25,0.125
TR1023*0102*2000*01_A3,34.0,14,1.0,0.0,0.07142857142857142,0.5714285714285714,0.14285714285714285,0.07142857142857142,0.14285714285714285,0.07142857142857142,0.7142857142857143,0.21428571428571427,0.9285714285714286,0.35714285714285715,3.642857142857143,13.0,1.3724489795918366,0.0,0.42857142857142855
TR1027*0102*2000*01_A1,33.0,6,1.0,0.5,0.0,0.0,0.3333333333333333,0.0,0.16666666666666666,0.5,0.3333333333333333,0.16666666666666666,0.5,0.5,2.8333333333333335,1.0,3.8055555555555554,0.0,0.0
TR1027*0102*2000*01_A5a,33.0,8,1.0,0.5,0.375,0.125,0.0,0.0,0.0,0.875,0.125,0.0,0.125,0.0,1.625,0.14285714285714285,0.484375,0.375,0.0
TR1032*0102*2000*01_A1,24.0,6,1.0,0.16666666666666666,0.16666666666666666,0.5,0.16666666666666666,0.0,0.0,0.3333333333333333,0.6666666666666666,0.0,0.6666666666666666,0.16666666666666666,2.6666666666666665,2.0,0.888888888888889,0.3333333333333333,0.16666666666666666
TR1032*0102*2000*01_A2,24.0,10,1.0,0.3,0.2,0.5,0.0,0.0,0.0,0.5,0.5,0.0,0.5,0.0,2.2,1.0,0.76,0.0,0.2
TR1037*0102*2000*01_A1,31.0,9,1.0,0.1111111111111111,0.1111111111111111,0.4444444444444444,0.2222222222222222,0.0,0.1111111111111111,0.2222222222222222,0.6666666666666666,0.1111111111111111,0.7777777777777778,0.3333333333333333,3.2222222222222223,3.5,1.7283950617283952,0.2222222222222222,0.1111111111111111
TR1037*0102*2000*01_A4,31.0,11,0.8181818181818182,0.2222222222222222,0.1111111111111111,0.3333333333333333,0.2222222222222222,0.0,0.1111111111111111,0.3333333333333333,0.5555555555555556,0.1111111111111111,0.6666666666666666,0.3333333333333333,3.0,2.0,2.2222222222222223,0.0,0.2727272727272727
TR1044*0102*2000*01_A1,30.0,10,1.0,0.3,0.1,0.3,0.1,0.1,0.1,0.4,0.4,0.2,0.6,0.3,2.9,1.5,2.69,0.1,0.1
TR1044*0102*2000*01_A4,30.0,11,1.0,0.45454545454545453,0.18181818181818182,0.18181818181818182,0.18181818181818182,0.0,0.0,0.6363636363636364,0.36363636363636365,0.0,0.36363636363636365,0.18181818181818182,2.090909090909091,0.5714285714285714,1.3553719008264464,0.18181818181818182,0.0
TR115*0102*2000*01_A1,23.0,10,1.0,0.2,0.3,0.3,0.2,0.0,0.0,0.5,0.5,0.0,0.5,0.2,2.5,1.0,1.05,0.2,0.1
TR115*0102*2000*01_A2,23.0,22,0.9545454545454546,0.2857142857142857,0.09523809523809523,0.38095238095238093,0.09523809523809523,0.09523809523809523,0.047619047619047616,0.38095238095238093,0.47619047619047616,0.14285714285714285,0.6190476190476191,0.23809523809523808,2.761904761904762,1.625,2.086167800453515,0.18181818181818182,0.13636363636363635
TR122*0102*2000*01_A1,28.0,8,1.0,0.125,0.125,0.5,0.25,0.0,0.0,0.25,0.75,0.0,0.75,0.25,2.875,3.0,0.859375,0.0,0.125
TR122*0102*2000*01_A2,28.0,8,1.0,0.25,0.125,0.375,0.125,0.125,0.0,0.375,0.5,0.125,0.625,0.25,2.75,1.6666666666666667,1.6875,0.0,0.125
TR124*0102*2000*01_A1,16.0,9,0.8888888888888888,0.375,0.25,0.25,0.125,0.0,0.0,0.625,0.375,0.0,0.375,0.125,2.125,0.6,1.109375,0.1111111111111111,0.1111111111111111
TR124*0102*2000*01_A4,16.0,5,1.0,0.0,0.0,0.6,0.2,0.2,0.0,0.0,0.8,0.2,1.0,0.4,3.6,nan,0.64,0.0,0.0
TR126*0102*2000*01_A1,36.0,9,1.0,0.1111111111111111,0.3333333333333333,0.2222222222222222,0.3333333333333333,0.0,0.0,0.4444444444444444,0.5555555555555556,0.0,0.5555555555555556,0.3333333333333333,2.7777777777777777,1.25,1.0617283950617284,0.1111111111111111,0.4444444444444444
TR126*0102*2000*01_A2,36.0,10,0.9,0.1111111111111111,0.5555555555555556,0.1111111111111111,0.0,0.2222222222222222,0.0,0.6666666666666666,0.1111111111111111,0.2222222222222222,0.3333333333333333,0.2222222222222222,2.6666666666666665,0.5,1.7777777777777777,0.4,0.4
TR128*0102*2000*01_A1,39.0,11,1.0,0.36363636363636365,0.0,0.18181818181818182,0.45454545454545453,0.0,0.0,0.36363636363636365,0.6363636363636364,0.0,0.6363636363636364,0.45454545454545453,2.727272727272727,1.75,1.834710743801653,0.0,0.09090909090909091
TR128*0102*2000*01_A2,39.0,10,1.0,0.2,0.2,0.5,0.0,0.1,0.0,0.4,0.5,0.1,0.6,0.1,2.6,1.5,1.24,0.1,0.0
TR129*0102*2000*01_A1,28.0,11,1.0,0.2727272727272727,0.36363636363636365,0.09090909090909091,0.18181818181818182,0.0,0.09090909090909091,0.6363636363636364,0.2727272727272727,0.09090909090909091,0.36363636363636365,0.2727272727272727,2.5454545454545454,0.5714285714285714,2.2479338842975207,0.18181818181818182,0.09090909090909091
TR129*0102*2000*01_A2,28.0,15,1.0,0.2,0.26666666666666666,0.3333333333333333,0.13333333333333333,0.06666666666666667,0.0,0.4666666666666667,0.4666666666666667,0.06666666666666667,0.5333333333333333,0.2,2.6,1.1428571428571428,1.3066666666666669,0.06666666666666667,0.0
TR130*0102*2000*01_A1,19.0,11,1.0,0.09090909090909091,0.09090909090909091,0.36363636363636365,0.36363636363636365,0.0,0.09090909090909091,0.18181818181818182,0.7272727272727273,0.09090909090909091,0.8181818181818182,0.45454545454545453,3.3636363636363638,4.5,1.5041322314049586,0.09090909090909091,0.0
TR130*0102*2000*01_A2,19.0,3,1.0,0.3333333333333333,0.0,0.3333333333333333,0.3333333333333333,0.0,0.0,0.3333333333333333,0.6666666666666666,0.0,0.6666666666666666,0.3333333333333333,2.6666666666666665,2.0,1.5555555555555554,0.0,0.0
TR131*0102*2000*01_A1,34.0,10,1.0,0.2,0.3,0.2,0.1,0.1,0.1,0.5,0.3,0.2,0.5,0.3,2.9,1.0,2.4899999999999998,0.1,0.2
TR131*0102*2000*01_A5a,34.0,9,1.0,0.5555555555555556,0.0,0.2222222222222222,0.0,0.1111111111111111,0.1111111111111111,0.5555555555555556,0.2222222222222222,0.2222222222222222,0.4444444444444444,0.2222222222222222,2.4444444444444446,0.8,3.3580246913580245,0.0,0.0
TR132*0102*2000*01_A1,26.0,12,1.0,0.16666666666666666,0.16666666666666666,0.4166666666666667,0.25,0.0,0.0,0.3333333333333333,0.6666666666666666,0.0,0.6666666666666666,0.25,2.75,2.0,1.0208333333333333,0.16666666666666666,0.16666666666666666
TR132*0102*2000*01_A2,26.0,9,1.0,0.1111111111111111,0.3333333333333333,0.1111111111111111,0.2222222222222222,0.0,0.2222222222222222,0.4444444444444444,0.3333333333333333,0.2222222222222222,0.5555555555555556,0.4444444444444444,3.3333333333333335,1.25,2.888888888888889,0.3333333333333333,0.0
TR772*0102*2000*01_A1,24.0,4,1.0,0.5,0.0,0.25,0.25,0.0,0.0,0.5,0.5,0.0,0.5,0.25,2.25,1.0,1.6875,0.25,0.25
TR772*0102*2000*01_A3,24.0,8,1.0,0.125,0.25,0.375,0.125,0.0,0.125,0.375,0.5,0.125,0.625,0.25,3.0,1.6666666666666667,2.0,0.0,0.375
TR1049*0102*2000*01_A1,26.0,6,1.0,0.3333333333333333,0.3333333333333333,0.16666666666666666,0.16666666666666666,0.0,0.0,0.6666666666666666,0.3333333333333333,0.0,0.3333333333333333,0.16666666666666666,2.1666666666666665,0.5,1.1388888888888888,0.16666666666666666,0.16666666666666666
TR1049*0102*2000*01_A4,26.0,5,1.0,0.4,0.4,0.2,0.0,0.0,0.0,0.8,0.2,0.0,0.2,0.0,1.8,0.25,0.56,0.0,0.0
TR1052*0102*2000*01_A1,26.0,9,1.0,0.3333333333333333,0.3333333333333333,0.3333333333333333,0.0,0.0,0.0,0.6666666666666666,0.3333333333333333,0.0,0.3333333333333333,0.0,2.0,0.5,0.6666666666666666,0.0,0.1111111111111111
TR1052*0102*2000*01_A4,26.0,15,1.0,0.3333333333333333,0.13333333333333333,0.5333333333333333,0.0,0.0,0.0,0.4666666666666667,0.5333333333333333,0.0,0.5333333333333333,0.0,2.2,1.1428571428571428,0.826666666666667,0.2,0.0
TR1055*0102*2000*01_A1,24.0,5,1.0,0.4,0.0,0.0,0.6,0.0,0.0,0.4,0.6,0.0,0.6,0.6,2.8,1.5,2.16,0.0,0.0
TR1055*0102*2000*01_A4,24.0,12,0.9166666666666666,0.2727272727272727,0.09090909090909091,0.2727272727272727,0.36363636363636365,0.0,0.0,0.36363636363636365,0.6363636363636364,0.0,0.6363636363636364,0.36363636363636365,2.727272727272727,1.75,1.471074380165289,0.0,0.16666666666666666
TR1063*0102*2000*01_A1,29.0,8,0.875,0.0,0.42857142857142855,0.42857142857142855,0.14285714285714285,0.0,0.0,0.42857142857142855,0.5714285714285714,0.0,0.5714285714285714,0.14285714285714285,2.7142857142857144,1.3333333333333333,0.4897959183673469,0.25,0.375
TR1063*0102*2000*01_A2,29.0,7,1.0,0.14285714285714285,0.2857142857142857,0.2857142857142857,0.0,0.0,0.2857142857142857,0.42857142857142855,0.2857142857142857,0.2857142857142857,0.5714285714285714,0.2857142857142857,3.2857142857142856,1.3333333333333333,3.3469387755102042,0.14285714285714285,0.2857142857142857
TR1067*0102*2000*01_A1,26.0,7,1.0,0.14285714285714285,0.2857142857142857,0.14285714285714285,0.2857142857142857,0.0,0.14285714285714285,0.42857142857142855,0.42857142857142855,0.14285714285714285,0.5714285714285714,0.42857142857142855,3.142857142857143,1.3333333333333333,2.4081632653061225,0.0,0.14285714285714285
TR1067*0102*2000*01_A2,26.0,4,1.0,0.25,0.25,0.5,0.0,0.0,0.0,0.5,0.5,0.0,0.5,0.0,2.25,1.0,0.6875,0.0,0.25
TR1068*0102*2000*01_A1,22.0,11,0.9090909090909091,0.1,0.1,0.6,0.2,0.0,0.0,0.2,0.8,0.0,0.8,0.2,2.9,4.0,0.6900000000000001,0.2727272727272727,0.18181818181818182
TR1068*0102*2000*01_A4,22.0,8,1.0,0.125,0.25,0.25,0.375,0.0,0.0,0.375,0.625,0.0,0.625,0.375,2.875,1.6666666666666667,1.109375,0.0,0.125
TR1070*0102*2000*01_A1,21.0,7,1.0,0.14285714285714285,0.14285714285714285,0.2857142857142857,0.42857142857142855,0.0,0.0,0.2857142857142857,0.7142857142857143,0.0,0.7142857142857143,0.42857142857142855,3.0,2.5,1.1428571428571428,0.0,0.14285714285714285
TR1070*0102*2000*01_A4,21.0,10,1.0,0.1,0.4,0.3,0.0,0.2,0.0,0.5,0.3,0.2,0.5,0.2,2.8,1.0,1.5599999999999998,0.0,0.1
TR1073*0102*2000*01_A1,26.0,7,1.0,0.42857142857142855,0.0,0.2857142857142857,0.14285714285714285,0.0,0.14285714285714285,0.42857142857142855,0.42857142857142855,0.14285714285714285,0.5714285714285714,0.2857142857142857,2.7142857142857144,1.3333333333333333,3.061224489795918,0.0,0.14285714285714285
TR1073*0102*2000*01_A2,26.0,10,1.0,0.4,0.1,0.4,0.1,0.0,0.0,0.5,0.5,0.0,0.5,0.1,2.2,1.0,1.16,0.2,0.5
TR1074*0102*2000*01_A1,27.0,12,1.0,0.08333333333333333,0.0,0.4166666666666667,0.3333333333333333,0.08333333333333333,0.08333333333333333,0.08333333333333333,0.75,0.16666666666666666,0.9166666666666666,0.5,3.5833333333333335,11.0,1.409722222222222,0.16666666666666666,0.16666666666666666
TR1074*0102*2000*01_A3,27.0,4,1.0,0.25,0.0,0.5,0.25,0.0,0.0,0.25,0.75,0.0,0.75,0.25,2.75,3.0,1.1875,0.0,0.0
TR1077*0102*2000*01_A1,29.0,5,1.0,0.2,0.4,0.2,0.2,0.0,0.0,0.6,0.4,0.0,0.4,0.2,2.4,0.6666666666666666,1.0400000000000003,0.2,0.2
TR1077*0102*2000*01_A4,29.0,11,1.0,0.45454545454545453,0.09090909090909091,0.2727272727272727,0.09090909090909091,0.09090909090909091,0.0,0.5454545454545454,0.36363636363636365,0.09090909090909091,0.45454545454545453,0.18181818181818182,2.272727272727273,0.8333333333333334,1.8347107438016528,0.18181818181818182,0.36363636363636365
TR1078*0102*2000*01_A1,31.0,12,0.9166666666666666,0.09090909090909091,0.18181818181818182,0.36363636363636365,0.36363636363636365,0.0,0.0,0.2727272727272727,0.7272727272727273,0.0,0.7272727272727273,0.36363636363636365,3.0,2.6666666666666665,0.9090909090909091,0.08333333333333333,0.25
TR1078*0102*2000*01_A4,31.0,11,1.0,0.18181818181818182,0.45454545454545453,0.18181818181818182,0.18181818181818182,0.0,0.0,0.6363636363636364,0.36363636363636365,0.0,0.36363636363636365,0.18181818181818182,2.3636363636363638,0.5714285714285714,0.9586776859504131,0.09090909090909091,0.0
TR1079*0102*2000*01_A1,21.0,8,1.0,0.5,0.25,0.125,0.125,0.0,0.0,0.75,0.25,0.0,0.25,0.125,1.875,0.3333333333333333,1.109375,0.0,0.125
TR1079*0102*2000*01_A4,21.0,13,1.0,0.3076923076923077,0.15384615384615385,0.46153846153846156,0.0,0.07692307692307693,0.0,0.46153846153846156,0.46153846153846156,0.07692307692307693,0.5384615384615384,0.07692307692307693,2.3846153846153846,1.1666666666666667,1.313609467455621,0.0,0.0
TR1080*0102*2000*01_A1,32.0,9,1.0,0.2222222222222222,0.3333333333333333,0.1111111111111111,0.3333333333333333,0.0,0.0,0.5555555555555556,0.4444444444444444,0.0,0.4444444444444444,0.3333333333333333,2.5555555555555554,0.8,1.3580246913580245,0.0,0.3333333333333333
TR1080*0102*2000*01_A4,32.0,13,1.0,0.0,0.23076923076923078,0.38461538461538464,0.23076923076923078,0.07692307692307693,0.07692307692307693,0.23076923076923078,0.6153846153846154,0.15384615384615385,0.7692307692307693,0.38461538461538464,3.3846153846153846,3.3333333333333335,1.313609467455621,0.0,0.07692307692307693
TR1081*0102*2000*01_A1,23.0,10,1.0,0.2,0.1,0.2,0.3,0.1,0.1,0.3,0.5,0.2,0.7,0.5,3.3,2.3333333333333335,2.41,0.0,0.2
TR1081*0102*2000*01_A4,23.0,13,1.0,0.23076923076923078,0.23076923076923078,0.23076923076923078,0.23076923076923078,0.0,0.07692307692307693,0.46153846153846156,0.46153846153846156,0.07692307692307693,0.5384615384615384,0.3076923076923077,2.769230769230769,1.1666666666666667,2.0236686390532546,0.23076923076923078,0.07692307692307693
TR1085*0102*2000*01_A1,35.0,8,1.0,0.25,0.25,0.25,0.25,0.0,0.0,0.5,0.5,0.0,0.5,0.25,2.5,1.0,1.25,0.125,0.25
TR1085*0102*2000*01_A2,35.0,9,1.0,0.2222222222222222,0.1111111111111111,0.3333333333333333,0.2222222222222222,0.1111111111111111,0.0,0.3333333333333333,0.5555555555555556,0.1111111111111111,0.6666666666666666,0.3333333333333333,2.888888888888889,2.0,1.654320987654321,0.1111111111111111,0.0
TR1086*0102*2000*01_A1,29.0,11,1.0,0.09090909090909091,0.18181818181818182,0.36363636363636365,0.2727272727272727,0.0,0.09090909090909091,0.2727272727272727,0.6363636363636364,0.09090909090909091,0.7272727272727273,0.36363636363636365,3.1818181818181817,2.6666666666666665,1.603305785123967,0.09090909090909091,0.09090909090909091
TR1086*0102*2000*01_A4,29.0,9,1.0,0.1111111111111111,0.2222222222222222,0.2222222222222222,0.4444444444444444,0.0,0.0,0.3333333333333333,0.6666666666666666,0.0,0.6666666666666666,0.4444444444444444,3.0,2.0,1.1111111111111112,0.0,0.1111111111111111
TR1087*0102*2000*01_A1,24.0,5,1.0,0.4,0.0,0.0,0.4,0.0,0.2,0.4,0.4,0.2,0.6,0.6,3.2,1.5,3.7600000000000002,0.0,0.0
TR1087*0102*2000*01_A4,24.0,3,1.0,0.3333333333333333,0.0,0.3333333333333333,0.3333333333333333,0.0,0.0,0.3333333333333333,0.6666666666666666,0.0,0.6666666666666666,0.3333333333333333,2.6666666666666665,2.0,1.5555555555555554,0.0,0.0
TR1089*0102*2000*01_A1,28.0,7,1.0,0.2857142857142857,0.2857142857142857,0.2857142857142857,0.14285714285714285,0.0,0.0,0.5714285714285714,0.42857142857142855,0.0,0.42857142857142855,0.14285714285714285,2.2857142857142856,0.75,1.0612244897959184,0.14285714285714285,0.14285714285714285
TR1089*0102*2000*01_A4,28.0,13,1.0,0.0,0.0,0.6153846153846154,0.23076923076923078,0.07692307692307693,0.07692307692307693,0.0,0.8461538461538461,0.15384615384615385,1.0,0.38461538461538464,3.6153846153846154,nan,0.8520710059171598,0.3076923076923077,0.0
TR1091*0102*2000*01_A1,26.0,10,1.0,0.0,0.2,0.4,0.3,0.1,0.0,0.2,0.7,0.1,0.8,0.4,3.3,4.0,0.8099999999999999,0.3,0.1
TR1091*0102*2000*01_A4,26.0,8,1.0,0.0,0.0,0.5,0.125,0.25,0.125,0.0,0.625,0.375,1.0,0.5,4.0,nan,1.25,0.0,0.125
TR1094*0102*2000*01_A1,28.0,11,0.9090909090909091,0.3,0.1,0.2,0.4,0.0,0.0,0.4,0.6,0.0,0.6,0.4,2.7,1.5,1.61,0.0,0.18181818181818182
TR1094*0102*2000*01_A2,28.0,11,1.0,0.2727272727272727,0.0,0.36363636363636365,0.09090909090909091,0.09090909090909091,0.18181818181818182,0.2727272727272727,0.45454545454545453,0.2727272727272727,0.7272727272727273,0.36363636363636365,3.272727272727273,2.6666666666666665,3.107438016528926,0.09090909090909091,0.09090909090909091
TR1096*0102*2000*01_A1,24.0,10,1.0,0.2,0.2,0.2,0.4,0.0,0.0,0.4,0.6,0.0,0.6,0.4,2.8,1.5,1.36,0.1,0.1
TR1096*0102*2000*01_A4,24.0,9,1.0,0.2222222222222222,0.1111111111111111,0.4444444444444444,0.2222222222222222,0.0,0.0,0.3333333333333333,0.6666666666666666,0.0,0.6666666666666666,0.2222222222222222,2.6666666666666665,2.0,1.1111111111111112,0.2222222222222222,0.1111111111111111
TR1097*0102*2000*01_A1,22.0,9,1.0,0.2222222222222222,0.3333333333333333,0.3333333333333333,0.1111111111111111,0.0,0.0,0.5555555555555556,0.4444444444444444,0.0,0.4444444444444444,0.1111111111111111,2.3333333333333335,0.8,0.8888888888888888,0.1111111111111111,0.1111111111111111
TR1097*0102*2000*01_A4,22.0,9,1.0,0.2222222222222222,0.3333333333333333,0.2222222222222222,0.2222222222222222,0.0,0.0,0.5555555555555556,0.4444444444444444,0.0,0.4444444444444444,0.2222222222222222,2.4444444444444446,0.8,1.1358024691358024,0.0,0.0
TR1099*0102*2000*01_A1,28.0,8,1.0,0.375,0.0,0.25,0.25,0.0,0.125,0.375,0.5,0.125,0.625,0.375,2.875,1.6666666666666667,2.859375,0.125,0.25
TR1099*0102*2000*01_A3,28.0,6,1.0,0.16666666666666666,0.0,0.16666666666666666,0.6666666666666666,0.0,0.0,0.16666666666666666,0.8333333333333334,0.0,0.8333333333333334,0.6666666666666666,3.3333333333333335,5.0,1.2222222222222225,0.0,0.16666666666666666
TR1101*0102*2000*01_A1,39.0,8,1.0,0.375,0.0,0.0,0.375,0.125,0.125,0.375,0.375,0.25,0.625,0.625,3.25,1.6666666666666667,3.4375,0.0,0.125
TR1101*0102*2000*01_A4,39.0,15,1.0,0.13333333333333333,0.26666666666666666,0.4,0.06666666666666667,0.13333333333333333,0.0,0.4,0.4666666666666667,0.13333333333333333,0.6,0.2,2.8,1.5,1.36,0.13333333333333333,0.06666666666666667
TR1104*0102*2000*01_A1,28.0,10,1.0,0.2,0.2,0.3,0.2,0.0,0.1,0.4,0.5,0.1,0.6,0.3,2.9,1.5,2.0900000000000003,0.1,0.2
TR1104*0102*2000*01_A2,28.0,9,0.8888888888888888,0.5,0.125,0.125,0.125,0.125,0.0,0.625,0.25,0.125,0.375,0.25,2.25,0.6,2.1875,0.2222222222222222,0.2222222222222222
TR1105*0102*2000*01_A1,21.0,6,1.0,0.5,0.0,0.0,0.16666666666666666,0.0,0.3333333333333333,0.5,0.16666666666666666,0.3333333333333333,0.5,0.5,3.1666666666666665,1.0,5.138888888888888,0.0,0.16666666666666666
TR1105*0102*2000*01_A2,21.0,8,1.0,0.125,0.375,0.5,0.0,0.0,0.0,0.5,0.5,0.0,0.5,0.0,2.375,1.0,0.484375,0.0,0.0
TR1106*0102*2000*01_A1,33.0,12,1.0,0.16666666666666666,0.16666666666666666,0.3333333333333333,0.3333333333333333,0.0,0.0,0.3333333333333333,0.6666666666666666,0.0,0.6666666666666666,0.3333333333333333,2.8333333333333335,2.0,1.138888888888889,0.08333333333333333,0.25
TR1106*0102*2000*01_A4,33.0,11,1.0,0.18181818181818182,0.0,0.36363636363636365,0.18181818181818182,0.09090909090909091,0.18181818181818182,0.18181818181818182,0.5454545454545454,0.2727272727272727,0.8181818181818182,0.45454545454545453,3.5454545454545454,4.5,2.611570247933884,0.09090909090909091,0.09090909090909091
TR1108*0102*2000*01_A1,21.0,8,1.0,0.25,0.375,0.125,0.25,0.0,0.0,0.625,0.375,0.0,0.375,0.25,2.375,0.6,1.234375,0.125,0.125
TR1108*0102*2000*01_A4,21.0,13,1.0,0.07692307692307693,0.46153846153846156,0.3076923076923077,0.07692307692307693,0.0,0.07692307692307693,0.5384615384615384,0.38461538461538464,0.07692307692307693,0.46153846153846156,0.15384615384615385,2.6923076923076925,0.8571428571428571,1.4437869822485208,0.0,0.07692307692307693
TR1110*0102*2000*01_A1,22.0,3,1.0,0.0,0.3333333333333333,0.3333333333333333,0.3333333333333333,0.0,0.0,0.3333333333333333,0.6666666666666666,0.0,0.6666666666666666,0.3333333333333333,3.0,2.0,0.6666666666666666,0.3333333333333333,0.3333333333333333
TR1110*0102*2000*01_A2,22.0,7,1.0,0.42857142857142855,0.14285714285714285,0.42857142857142855,0.0,0.0,0.0,0.5714285714285714,0.42857142857142855,0.0,0.42857142857142855,0.0,2.0,0.75,0.8571428571428571,0.14285714285714285,0.42857142857142855
TR1114*0102*2000*01_A1,34.0,6,1.0,0.0,0.3333333333333333,0.16666666666666666,0.3333333333333333,0.16666666666666666,0.0,0.3333333333333333,0.5,0.16666666666666666,0.6666666666666666,0.5,3.3333333333333335,2.0,1.2222222222222223,0.16666666666666666,0.3333333333333333
TR1114*0102*2000*01_A4,34.0,7,1.0,0.0,0.0,0.5714285714285714,0.2857142857142857,0.14285714285714285,0.0,0.0,0.8571428571428571,0.14285714285714285,1.0,0.42857142857142855,3.5714285714285716,nan,0.5306122448979593,0.0,0.0
TR1115*0102*2000*01_A1,34.0,11,1.0,0.2727272727272727,0.18181818181818182,0.18181818181818182,0.09090909090909091,0.18181818181818182,0.09090909090909091,0.45454545454545453,0.2727272727272727,0.2727272727272727,0.5454545454545454,0.36363636363636365,3.0,1.2,2.909090909090909,0.09090909090909091,0.18181818181818182
TR1115*0102*2000*01_A2,34.0,20,1.0,0.1,0.2,0.3,0.25,0.05,0.1,0.3,0.55,0.15,0.7,0.4,3.25,2.3333333333333335,1.8875,0.05,0.05
TR1116*0102*2000*01_A1,34.0,7,1.0,0.14285714285714285,0.14285714285714285,0.14285714285714285,0.2857142857142857,0.14285714285714285,0.14285714285714285,0.2857142857142857,0.42857142857142855,0.2857142857142857,0.7142857142857143,0.5714285714285714,3.5714285714285716,2.5,2.5306122448979593,0.0,0.2857142857142857
TR1116*0102*2000*01_A2,34.0,11,1.0,0.09090909090909091,0.18181818181818182,0.5454545454545454,0.09090909090909091,0.0,0.09090909090909091,0.2727272727272727,0.6363636363636364,0.09090909090909091,0.7272727272727273,0.18181818181818182,3.0,2.6666666666666665,1.4545454545454546,0.0,0.0
TR1118*0102*2000*01_A1,25.0,8,1.0,0.25,0.0,0.125,0.375,0.0,0.25,0.25,0.5,0.25,0.75,0.625,3.625,3.0,3.234375,0.0,0.25
TR1118*0102*2000*01_A2,25.0,6,1.0,0.3333333333333333,0.3333333333333333,0.16666666666666666,0.0,0.16666666666666666,0.0,0.6666666666666666,0.16666666666666666,0.16666666666666666,0.3333333333333333,0.16666666666666666,2.3333333333333335,0.5,1.888888888888889,0.16666666666666666,0.5
TR1119*0102*2000*01_A1,28.0,10,1.0,0.3,0.2,0.2,0.2,0.0,0.1,0.5,0.4,0.1,0.5,0.3,2.7,1.0,2.41,0.1,0.1
TR1119*0102*2000*01_A4,28.0,13,1.0,0.15384615384615385,0.23076923076923078,0.23076923076923078,0.23076923076923078,0.15384615384615385,0.0,0.38461538461538464,0.46153846153846156,0.15384615384615385,0.6153846153846154,0.38461538461538464,3.0,1.6,1.6923076923076923,0.15384615384615385,0.0
TR1120*0102*2000*01_A1,37.0,16,1.0,0.1875,0.125,0.375,0.1875,0.0625,0.0625,0.3125,0.5625,0.125,0.6875,0.3125,3.0,2.2,1.875,0.0625,0.0
TR1120*0102*2000*01_A5b,37.0,4,1.0,0.0,0.5,0.0,0.25,0.25,0.0,0.5,0.25,0.25,0.5,0.5,3.25,1.0,1.6875,0.25,0.0
TR1121*0102*2000*01_A1,23.0,7,0.8571428571428571,0.0,0.3333333333333333,0.3333333333333333,0.3333333333333333,0.0,0.0,0.3333333333333333,0.6666666666666666,0.0,0.6666666666666666,0.3333333333333333,3.0,2.0,0.6666666666666666,0.14285714285714285,0.42857142857142855
TR1121*0102*2000*01_A3,23.0,13,0.9230769230769231,0.25,0.08333333333333333,0.5,0.16666666666666666,0.0,0.0,0.3333333333333333,0.6666666666666666,0.0,0.6666666666666666,0.16666666666666666,2.5833333333333335,2.0,1.076388888888889,0.07692307692307693,0.6153846153846154
TR1125*0102*2000*01_A1,36.0,9,1.0,0.1111111111111111,0.1111111111111111,0.5555555555555556,0.2222222222222222,0.0,0.0,0.2222222222222222,0.7777777777777778,0.0,0.7777777777777778,0.2222222222222222,2.888888888888889,3.5,0.7654320987654322,0.1111111111111111,0.0
TR1125*0102*2000*01_A2,36.0,10,1.0,0.2,0.2,0.3,0.0,0.3,0.0,0.4,0.3,0.3,0.6,0.3,3.0,1.5,2.2,0.1,0.0
TR1127*0102*2000*01_A1,31.0,11,1.0,0.09090909090909091,0.18181818181818182,0.2727272727272727,0.45454545454545453,0.0,0.0,0.2727272727272727,0.7272727272727273,0.0,0.7272727272727273,0.45454545454545453,3.090909090909091,2.6666666666666665,0.9917355371900825,0.09090909090909091,0.09090909090909091
TR1127*0102*2000*01_A3,31.0,12,1.0,0.16666666666666666,0.25,0.25,0.25,0.08333333333333333,0.0,0.4166666666666667,0.5,0.08333333333333333,0.5833333333333334,0.3333333333333333,2.8333333333333335,1.4,1.4722222222222223,0.08333333333333333,0.16666666666666666
TR1128*0102*2000*01_A1,27.0,16,1.0,0.25,0.125,0.4375,0.125,0.0,0.0625,0.375,0.5625,0.0625,0.625,0.1875,2.6875,1.6666666666666667,1.71484375,0.0,0.0
TR1128*0102*2000*01_A4,27.0,23,1.0,0.34782608695652173,0.08695652173913043,0.17391304347826086,0.21739130434782608,0.043478260869565216,0.13043478260869565,0.43478260869565216,0.391304347826087,0.17391304347826086,0.5652173913043478,0.391304347826087,2.9130434782608696,1.3,3.035916824196598,0.0,0.043478260869565216
TR1129*0102*2000*01_A1,32.0,7,1.0,0.0,0.14285714285714285,0.14285714285714285,0.42857142857142855,0.0,0.2857142857142857,0.14285714285714285,0.5714285714285714,0.2857142857142857,0.8571428571428571,0.7142857142857143,4.142857142857143,6.0,1.8367346938775513,0.0,0.14285714285714285
TR1129*0102*2000*01_A3,32.0,4,1.0,0.0,0.25,0.25,0.25,0.0,0.25,0.25,0.5,0.25,0.75,0.5,3.75,3.0,2.1875,0.0,0.25
TR1131*0102*2000*01_A1,39.0,9,1.0,0.2222222222222222,0.1111111111111111,0.2222222222222222,0.4444444444444444,0.0,0.0,0.3333333333333333,0.6666666666666666,0.0,0.6666666666666666,0.4444444444444444,2.888888888888889,2.0,1.432098765432099,0.1111111111111111,0.2222222222222222
TR1131*0102*2000*01_A4,39.0,13,1.0,0.15384615384615385,0.0,0.23076923076923078,0.5384615384615384,0.07692307692307693,0.0,0.15384615384615385,0.7692307692307693,0.07692307692307693,0.8461538461538461,0.6153846153846154,3.3846153846153846,5.5,1.3136094674556213,0.0,0.15384615384615385
TR1132*0102*2000*01_A1,32.0,20,1.0,0.15,0.25,0.2,0.35,0.05,0.0,0.4,0.55,0.05,0.6,0.4,2.9,1.5,1.3900000000000001,0.0,0.2
TR1132*0102*2000*01_A2,32.0,15,0.9333333333333333,0.14285714285714285,0.07142857142857142,0.35714285714285715,0.35714285714285715,0.07142857142857142,0.0,0.21428571428571427,0.7142857142857143,0.07142857142857142,0.7857142857142857,0.42857142857142855,3.142857142857143,3.6666666666666665,1.2653061224489794,0.13333333333333333,0.13333333333333333
TR1135*0102*2000*01_A1,27.0,16,1.0,0.1875,0.25,0.25,0.3125,0.0,0.0,0.4375,0.5625,0.0,0.5625,0.3125,2.6875,1.2857142857142858,1.21484375,0.1875,0.0625
TR1135*0102*2000*01_A4,27.0,8,1.0,0.125,0.375,0.375,0.125,0.0,0.0,0.5,0.5,0.0,0.5,0.125,2.5,1.0,0.75,0.0,0.125
TR1137*0102*2000*01_A1,30.0,12,1.0,0.25,0.3333333333333333,0.16666666666666666,0.08333333333333333,0.16666666666666666,0.0,0.5833333333333334,0.25,0.16666666666666666,0.4166666666666667,0.25,2.5833333333333335,0.7142857142857143,1.9097222222222225,0.16666666666666666,0.3333333333333333
TR1137*0102*2000*01_A3,30.0,8,1.0,0.0,0.25,0.375,0.125,0.125,0.125,0.25,0.5,0.25,0.75,0.375,3.5,3.0,1.75,0.25,0.125
TR1139*0102*2000*01_A1,24.0,7,1.0,0.14285714285714285,0.2857142857142857,0.2857142857142857,0.14285714285714285,0.0,0.14285714285714285,0.42857142857142855,0.42857142857142855,0.14285714285714285,0.5714285714285714,0.2857142857142857,3.0,1.3333333333333333,2.2857142857142856,0.14285714285714285,0.14285714285714285
TR1139*0102*2000*01_A4,24.0,15,0.9333333333333333,0.14285714285714285,0.35714285714285715,0.35714285714285715,0.07142857142857142,0.0,0.07142857142857142,0.5,0.42857142857142855,0.07142857142857142,0.5,0.14285714285714285,2.642857142857143,1.0,1.5153061224489794,0.0,0.3333333333333333
TR1140*0102*2000*01_A1,34.0,11,0.9090909090909091,0.2,0.1,0.2,0.5,0.0,0.0,0.3,0.7,0.0,0.7,0.5,3.0,2.3333333333333335,1.4,0.18181818181818182,0.18181818181818182
TR1140*0102*2000*01_A2,34.0,11,0.9090909090909091,0.2,0.2,0.4,0.1,0.1,0.0,0.4,0.5,0.1,0.6,0.2,2.7,1.5,1.41,0.18181818181818182,0.09090909090909091
TR139*0102*2000*01_A1,26.0,11,1.0,0.09090909090909091,0.18181818181818182,0.45454545454545453,0.0,0.09090909090909091,0.18181818181818182,0.2727272727272727,0.45454545454545453,0.2727272727272727,0.7272727272727273,0.2727272727272727,3.3636363636363638,2.6666666666666665,2.4132231404958677,0.18181818181818182,0.09090909090909091
TR139*0102*2000*01_A4,26.0,10,0.9,0.1111111111111111,0.4444444444444444,0.2222222222222222,0.2222222222222222,0.0,0.0,0.5555555555555556,0.4444444444444444,0.0,0.4444444444444444,0.2222222222222222,2.5555555555555554,0.8,0.9135802469135802,0.0,0.4
TR149*0102*2000*01_A1,30.0,8,0.875,0.2857142857142857,0.2857142857142857,0.14285714285714285,0.14285714285714285,0.0,0.14285714285714285,0.5714285714285714,0.2857142857142857,0.14285714285714285,0.42857142857142855,0.2857142857142857,2.7142857142857144,0.75,2.7755102040816326,0.125,0.5
TR149*0102*2000*01_A4,30.0,18,1.0,0.16666666666666666,0.1111111111111111,0.2777777777777778,0.3888888888888889,0.0,0.05555555555555555,0.2777777777777778,0.6666666666666666,0.05555555555555555,0.7222222222222222,0.4444444444444444,3.111111111111111,2.6,1.654320987654321,0.05555555555555555,0.16666666666666666
TR151*0102*2000*01_A1,26.0,8,1.0,0.25,0.25,0.25,0.25,0.0,0.0,0.5,0.5,0.0,0.5,0.25,2.5,1.0,1.25,0.0,0.125
TR151*0102*2000*01_A2,26.0,11,1.0,0.09090909090909091,0.2727272727272727,0.45454545454545453,0.09090909090909091,0.0,0.09090909090909091,0.36363636363636365,0.5454545454545454,0.09090909090909091,0.6363636363636364,0.18181818181818182,2.909090909090909,1.75,1.537190082644628,0.0,0.09090909090909091
TR154*0102*2000*01_A1,22.0,6,1.0,0.0,0.5,0.0,0.5,0.0,0.0,0.5,0.5,0.0,0.5,0.5,3.0,1.0,1.0,0.16666666666666666,0.16666666666666666
TR154*0102*2000*01_A2,22.0,8,1.0,0.125,0.25,0.375,0.125,0.125,0.0,0.375,0.5,0.125,0.625,0.25,2.875,1.6666666666666667,1.359375,0.0,0.125
TR156*0102*2000*01_A1,26.0,6,1.0,0.5,0.0,0.3333333333333333,0.16666666666666666,0.0,0.0,0.5,0.5,0.0,0.5,0.16666666666666666,2.1666666666666665,1.0,1.472222222222222,0.16666666666666666,0.0
TR156*0102*2000*01_A2,26.0,13,0.9230769230769231,0.08333333333333333,0.25,0.5,0.08333333333333333,0.08333333333333333,0.0,0.3333333333333333,0.5833333333333334,0.08333333333333333,0.6666666666666666,0.16666666666666666,2.8333333333333335,2.0,0.9722222222222224,0.15384615384615385,0.23076923076923078
TR159*0102*2000*01_A1,26.0,7,1.0,0.0,0.42857142857142855,0.0,0.42857142857142855,0.14285714285714285,0.0,0.42857142857142855,0.42857142857142855,0.14285714285714285,0.5714285714285714,0.5714285714285714,3.2857142857142856,1.3333333333333333,1.346938775510204,0.14285714285714285,0.2857142857142857
TR159*0102*2000*01_A4,26.0,6,1.0,0.3333333333333333,0.16666666666666666,0.16666666666666666,0.16666666666666666,0.16666666666666666,0.0,0.5,0.3333333333333333,0.16666666666666666,0.5,0.3333333333333333,2.6666666666666665,1.0,2.2222222222222223,0.0,0.16666666666666666
TR162*0102*2000*01_A1,26.0,4,1.0,0.25,0.0,0.0,0.5,0.25,0.0,0.25,0.5,0.25,0.75,0.75,3.5,3.0,2.25,0.0,0.0
TR162*0102*2000*01_A4,26.0,9,1.0,0.3333333333333333,0.0,0.5555555555555556,0.1111111111111111,0.0,0.0,0.3333333333333333,0.6666666666666666,0.0,0.6666666666666666,0.1111111111111111,2.4444444444444446,2.0,1.1358024691358024,0.0,0.0
TR164*0102*2000*01_A1,31.0,9,1.0,0.2222222222222222,0.1111111111111111,0.2222222222222222,0.4444444444444444,0.0,0.0,0.3333333333333333,0.6666666666666666,0.0,0.6666666666666666,0.4444444444444444,2.888888888888889,2.0,1.432098765432099,0.0,0.2222222222222222
TR164*0102*2000*01_A2,31.0,13,0.9230769230769231,0.08333333333333333,0.0,0.3333333333333333,0.25,0.16666666666666666,0.16666666666666666,0.08333333333333333,0.5833333333333334,0.3333333333333333,0.9166666666666666,0.5833333333333334,3.9166666666666665,11.0,1.909722222222222,0.07692307692307693,0.23076923076923078
TR165*0102*2000*01_A1,23.0,6,1.0,0.5,0.16666666666666666,0.16666666666666666,0.16666666666666666,0.0,0.0,0.6666666666666666,0.3333333333333333,0.0,0.3333333333333333,0.16666666666666666,2.0,0.5,1.3333333333333333,0.0,0.0
TR165*0102*2000*01_A4,23.0,13,1.0,0.07692307692307693,0.23076923076923078,0.46153846153846156,0.07692307692307693,0.15384615384615385,0.0,0.3076923076923077,0.5384615384615384,0.15384615384615385,0.6923076923076923,0.23076923076923078,3.0,2.25,1.2307692307692308,0.23076923076923078,0.15384615384615385
TR166*0102*2000*01_A1,19.0,4,1.0,0.25,0.25,0.5,0.0,0.0,0.0,0.5,0.5,0.0,0.5,0.0,2.25,1.0,0.6875,0.0,0.25
TR166*0102*2000*01_A2,19.0,6,1.0,0.16666666666666666,0.3333333333333333,0.3333333333333333,0.16666666666666666,0.0,0.0,0.5,0.5,0.0,0.5,0.16666666666666666,2.5,1.0,0.9166666666666666,0.0,0.0
TR167*0102*2000*01_A1,25.0,6,0.8333333333333334,0.0,0.2,0.4,0.2,0.2,0.0,0.2,0.6,0.2,0.8,0.4,3.4,4.0,1.04,0.16666666666666666,0.3333333333333333
TR167*0102*2000*01_A4,25.0,10,1.0,0.2,0.5,0.2,0.1,0.0,0.0,0.7,0.3,0.0,0.3,0.1,2.2,0.42857142857142855,0.76,0.0,0.1
TR168*0102*2000*01_A1,27.0,9,1.0,0.2222222222222222,0.2222222222222222,0.1111111111111111,0.3333333333333333,0.0,0.1111111111111111,0.4444444444444444,0.4444444444444444,0.1111111111111111,0.5555555555555556,0.4444444444444444,3.0,1.25,2.4444444444444446,0.2222222222222222,0.2222222222222222
TR168*0102*2000*01_A3,27.0,8,1.0,0.125,0.25,0.375,0.25,0.0,0.0,0.375,0.625,0.0,0.625,0.25,2.75,1.6666666666666667,0.9375,0.125,0.125
TR170*0102*2000*01_A1,30.0,14,1.0,0.07142857142857142,0.2857142857142857,0.21428571428571427,0.35714285714285715,0.07142857142857142,0.0,0.35714285714285715,0.5714285714285714,0.07142857142857142,0.6428571428571429,0.42857142857142855,3.0714285714285716,1.8,1.2091836734693877,0.14285714285714285,0.14285714285714285
TR170*0102*2000*01_A4,30.0,15,0.9333333333333333,0.14285714285714285,0.35714285714285715,0.35714285714285715,0.14285714285714285,0.0,0.0,0.5,0.5,0.0,0.5,0.14285714285714285,2.5,1.0,0.8214285714285714,0.0,0.26666666666666666
TR171*0102*2000*01_A1,29.0,10,0.9,0.2222222222222222,0.2222222222222222,0.1111111111111111,0.4444444444444444,0.0,0.0,0.4444444444444444,0.5555555555555556,0.0,0.5555555555555556,0.4444444444444444,2.7777777777777777,1.25,1.506172839506173,0.1,0.3
TR171*0102*2000*01_A2,29.0,9,1.0,0.1111111111111111,0.0,0.6666666666666666,0.1111111111111111,0.1111111111111111,0.0,0.1111111111111111,0.7777777777777778,0.1111111111111111,0.8888888888888888,0.2222222222222222,3.111111111111111,8.0,0.9876543209876544,0.0,0.1111111111111111
TR175*0102*2000*01_A1,25.0,3,1.0,0.6666666666666666,0.0,0.0,0.0,0.3333333333333333,0.0,0.6666666666666666,0.0,0.3333333333333333,0.3333333333333333,0.3333333333333333,2.3333333333333335,0.5,3.555555555555556,0.0,0.0
TR175*0102*2000*01_A2,25.0,11,0.9090909090909091,0.4,0.2,0.3,0.0,0.0,0.1,0.6,0.3,0.1,0.4,0.1,2.3,0.6666666666666666,2.21,0.09090909090909091,0.18181818181818182
TR179*0102*2000*01_A1,26.0,5,1.0,0.4,0.4,0.0,0.0,0.0,0.2,0.8,0.0,0.2,0.2,0.2,2.4,0.25,3.44,0.0,0.4
TR179*0102*2000*01_A2,26.0,8,1.0,0.375,0.0,0.375,0.0,0.125,0.125,0.375,0.375,0.25,0.625,0.25,2.875,1.6666666666666667,3.109375,0.0,0.125
TR180*0102*2000*01_A1,30.0,8,1.0,0.125,0.375,0.375,0.0,0.125,0.0,0.5,0.375,0.125,0.5,0.125,2.625,1.0,1.234375,0.125,0.125
TR180*0102*2000*01_A2,30.0,14,1.0,0.2857142857142857,0.14285714285714285,0.42857142857142855,0.0,0.14285714285714285,0.0,0.42857142857142855,0.42857142857142855,0.14285714285714285,0.5714285714285714,0.14285714285714285,2.5714285714285716,1.3333333333333333,1.6734693877551017,0.14285714285714285,0.07142857142857142
TR780*0102*2000*01_A1,25.0,9,1.0,0.3333333333333333,0.1111111111111111,0.1111111111111111,0.3333333333333333,0.1111111111111111,0.0,0.4444444444444444,0.4444444444444444,0.1111111111111111,0.5555555555555556,0.4444444444444444,2.7777777777777777,1.25,2.17283950617284,0.2222222222222222,0.2222222222222222
TR780*0102*2000*01_A4,25.0,16,1.0,0.0625,0.3125,0.4375,0.0625,0.125,0.0,0.375,0.5,0.125,0.625,0.1875,2.875,1.6666666666666667,1.109375,0.125,0.0625
TR190*0102*2000*01_A1,17.0,9,0.8888888888888888,0.625,0.25,0.0,0.125,0.0,0.0,0.875,0.125,0.0,0.125,0.125,1.625,0.14285714285714285,0.984375,0.3333333333333333,0.2222222222222222
TR190*0102*2000*01_A3,17.0,7,1.0,0.14285714285714285,0.2857142857142857,0.14285714285714285,0.42857142857142855,0.0,0.0,0.42857142857142855,0.5714285714285714,0.0,0.5714285714285714,0.42857142857142855,2.857142857142857,1.3333333333333333,1.2653061224489797,0.0,0.14285714285714285
TR198*0102*2000*01_A1,29.0,7,0.8571428571428571,0.0,0.5,0.3333333333333333,0.16666666666666666,0.0,0.0,0.5,0.5,0.0,0.5,0.16666666666666666,2.6666666666666665,1.0,0.5555555555555555,0.14285714285714285,0.14285714285714285
TR198*0102*2000*01_A2,29.0,13,1.0,0.07692307692307693,0.15384615384615385,0.46153846153846156,0.15384615384615385,0.07692307692307693,0.07692307692307693,0.23076923076923078,0.6153846153846154,0.15384615384615385,0.7692307692307693,0.3076923076923077,3.230769230769231,3.3333333333333335,1.5621301775147924,0.23076923076923078,0.15384615384615385
TR210*0102*2000*01_A1,30.0,5,1.0,0.0,0.2,0.8,0.0,0.0,0.0,0.2,0.8,0.0,0.8,0.0,2.8,4.0,0.15999999999999998,0.2,0.4
TR210*0102*2000*01_A4,30.0,11,0.9090909090909091,0.0,0.2,0.5,0.3,0.0,0.0,0.2,0.8,0.0,0.8,0.3,3.1,4.0,0.48999999999999994,0.2727272727272727,0.18181818181818182
TR212*0102*2000*01_A1,31.0,17,1.0,0.058823529411764705,0.11764705882352941,0.5294117647058824,0.11764705882352941,0.058823529411764705,0.11764705882352941,0.17647058823529413,0.6470588235294118,0.17647058823529413,0.8235294117647058,0.29411764705882354,3.3529411764705883,4.666666666666667,1.6401384083044983,0.11764705882352941,0.0
TR212*0102*2000*01_A2,31.0,17,0.9411764705882353,0.0625,0.25,0.25,0.375,0.0625,0.0,0.3125,0.625,0.0625,0.6875,0.4375,3.125,2.2,1.109375,0.17647058823529413,0.11764705882352941
TR218*0102*2000*01_A1,23.0,9,1.0,0.1111111111111111,0.4444444444444444,0.3333333333333333,0.1111111111111111,0.0,0.0,0.5555555555555556,0.4444444444444444,0.0,0.4444444444444444,0.1111111111111111,2.4444444444444446,0.8,0.691358024691358,0.1111111111111111,0.1111111111111111
TR218*0102*2000*01_A4,23.0,16,1.0,0.1875,0.25,0.3125,0.25,0.0,0.0,0.4375,0.5625,0.0,0.5625,0.25,2.625,1.2857142857142858,1.109375,0.0,0.125
TR225*0102*2000*01_A1,27.0,7,1.0,0.14285714285714285,0.14285714285714285,0.2857142857142857,0.2857142857142857,0.0,0.14285714285714285,0.2857142857142857,0.5714285714285714,0.14285714285714285,0.7142857142857143,0.42857142857142855,3.2857142857142856,2.5,2.2040816326530606,0.2857142857142857,0.14285714285714285
TR225*0102*2000*01_A4,27.0,10,1.0,0.3,0.4,0.1,0.2,0.0,0.0,0.7,0.3,0.0,0.3,0.2,2.2,0.42857142857142855,1.16,0.0,0.1
TR234*0102*2000*01_A1,31.0,9,1.0,0.0,0.1111111111111111,0.4444444444444444,0.2222222222222222,0.0,0.2222222222222222,0.1111111111111111,0.6666666666666666,0.2222222222222222,0.8888888888888888,0.4444444444444444,3.7777777777777777,8.0,1.7283950617283952,0.3333333333333333,0.2222222222222222
TR234*0102*2000*01_A2,31.0,9,1.0,0.2222222222222222,0.1111111111111111,0.3333333333333333,0.1111111111111111,0.1111111111111111,0.1111111111111111,0.3333333333333333,0.4444444444444444,0.2222222222222222,0.6666666666666666,0.3333333333333333,3.111111111111111,2.0,2.54320987654321,0.1111111111111111,0.1111111111111111
TR22*0102*2000*01_A1,28.0,6,1.0,0.16666666666666666,0.16666666666666666,0.3333333333333333,0.3333333333333333,0.0,0.0,0.3333333333333333,0.6666666666666666,0.0,0.6666666666666666,0.3333333333333333,2.8333333333333335,2.0,1.1388888888888888,0.3333333333333333,0.16666666666666666
TR22*0102*2000*01_A2,28.0,9,1.0,0.2222222222222222,0.2222222222222222,0.2222222222222222,0.1111111111111111,0.2222222222222222,0.0,0.4444444444444444,0.3333333333333333,0.2222222222222222,0.5555555555555556,0.3333333333333333,2.888888888888889,1.25,2.0987654320987654,0.1111111111111111,0.0
TR24*0102*2000*01_A1,23.0,8,1.0,0.125,0.25,0.5,0.125,0.0,0.0,0.375,0.625,0.0,0.625,0.125,2.625,1.6666666666666667,0.734375,0.125,0.125
TR24*0102*2000*01_A2,23.0,8,1.0,0.125,0.125,0.125,0.375,0.125,0.125,0.25,0.5,0.25,0.75,0.625,3.625,3.0,2.234375,0.25,0.0
TR30*0102*2000*01_A1,32.0,16,0.9375,0.06666666666666667,0.2,0.4,0.3333333333333333,0.0,0.0,0.26666666666666666,0.7333333333333333,0.0,0.7333333333333333,0.3333333333333333,3.0,2.75,0.8,0.125,0.3125
TR30*0102*2000*01_A3,32.0,17,1.0,0.058823529411764705,0.4117647058823529,0.35294117647058826,0.17647058823529413,0.0,0.0,0.47058823529411764,0.5294117647058824,0.0,0.5294117647058824,0.17647058823529413,2.6470588235294117,1.125,0.698961937716263,0.29411764705882354,0.23529411764705882
TR31*0102*2000*01_A1,34.0,9,1.0,0.0,0.2222222222222222,0.2222222222222222,0.5555555555555556,0.0,0.0,0.2222222222222222,0.7777777777777778,0.0,0.7777777777777778,0.5555555555555556,3.3333333333333335,3.5,0.6666666666666666,0.0,0.2222222222222222
TR31*0102*2000*01_A4,34.0,11,1.0,0.18181818181818182,0.2727272727272727,0.09090909090909091,0.36363636363636365,0.09090909090909091,0.0,0.45454545454545453,0.45454545454545453,0.09090909090909091,0.5454545454545454,0.45454545454545453,2.909090909090909,1.2,1.71900826446281,0.18181818181818182,0.2727272727272727
TR35*0102*2000*01_A1,37.0,4,1.0,0.0,0.0,0.75,0.25,0.0,0.0,0.0,1.0,0.0,1.0,0.25,3.25,nan,0.1875,0.0,0.25
TR35*0102*2000*01_A4,37.0,12,1.0,0.4166666666666667,0.16666666666666666,0.16666666666666666,0.16666666666666666,0.0,0.08333333333333333,0.5833333333333334,0.3333333333333333,0.08333333333333333,0.4166666666666667,0.25,2.4166666666666665,0.7142857142857143,2.4097222222222223,0.25,0.25
TR39*0102*2000*01_A1,32.0,8,0.875,0.2857142857142857,0.42857142857142855,0.14285714285714285,0.14285714285714285,0.0,0.0,0.7142857142857143,0.2857142857142857,0.0,0.2857142857142857,0.14285714285714285,2.142857142857143,0.4,0.9795918367346937,0.125,0.375
TR39*0102*2000*01_A2,32.0,8,0.875,0.2857142857142857,0.14285714285714285,0.5714285714285714,0.0,0.0,0.0,0.42857142857142855,0.5714285714285714,0.0,0.5714285714285714,0.0,2.2857142857142856,1.3333333333333333,0.7755102040816327,0.125,0.25
TR241*0102*2000*01_A1,26.0,16,0.9375,0.26666666666666666,0.06666666666666667,0.3333333333333333,0.3333333333333333,0.0,0.0,0.3333333333333333,0.6666666666666666,0.0,0.6666666666666666,0.3333333333333333,2.7333333333333334,2.0,1.3955555555555557,0.125,0.125
TR241*0102*2000*01_A2,26.0,11,1.0,0.18181818181818182,0.09090909090909091,0.36363636363636365,0.2727272727272727,0.0,0.09090909090909091,0.2727272727272727,0.6363636363636364,0.09090909090909091,0.7272727272727273,0.36363636363636365,3.090909090909091,2.6666666666666665,1.9008264462809914,0.18181818181818182,0.09090909090909091
TR244*0102*2000*01_A1,22.0,3,1.0,0.3333333333333333,0.3333333333333333,0.0,0.3333333333333333,0.0,0.0,0.6666666666666666,0.3333333333333333,0.0,0.3333333333333333,0.3333333333333333,2.3333333333333335,0.5,1.5555555555555554,0.0,0.0
TR244*0102*2000*01_A4,22.0,16,1.0,0.25,0.25,0.375,0.125,0.0,0.0,0.5,0.5,0.0,0.5,0.125,2.375,1.0,0.984375,0.125,0.0625
TR245*0102*2000*01_A1,20.0,16,1.0,0.4375,0.1875,0.1875,0.1875,0.0,0.0,0.625,0.375,0.0,0.375,0.1875,2.125,0.6,1.359375,0.125,0.0625
TR245*0102*2000*01_A3,20.0,11,1.0,0.09090909090909091,0.18181818181818182,0.45454545454545453,0.09090909090909091,0.09090909090909091,0.09090909090909091,0.2727272727272727,0.5454545454545454,0.18181818181818182,0.7272727272727273,0.2727272727272727,3.1818181818181817,2.6666666666666665,1.7851239669421484,0.09090909090909091,0.36363636363636365
TR246*0102*2000*01_A1,36.0,7,1.0,0.2857142857142857,0.2857142857142857,0.2857142857142857,0.14285714285714285,0.0,0.0,0.5714285714285714,0.42857142857142855,0.0,0.42857142857142855,0.14285714285714285,2.2857142857142856,0.75,1.0612244897959184,0.0,0.14285714285714285
TR246*0102*2000*01_A4,36.0,13,0.9230769230769231,0.16666666666666666,0.16666666666666666,0.5833333333333334,0.08333333333333333,0.0,0.0,0.3333333333333333,0.6666666666666666,0.0,0.6666666666666666,0.08333333333333333,2.5833333333333335,2.0,0.7430555555555555,0.07692307692307693,0.07692307692307693
TR248*0102*2000*01_A1,26.0,9,1.0,0.2222222222222222,0.1111111111111111,0.3333333333333333,0.3333333333333333,0.0,0.0,0.3333333333333333,0.6666666666666666,0.0,0.6666666666666666,0.3333333333333333,2.7777777777777777,2.0,1.2839506172839508,0.3333333333333333,0.3333333333333333
TR248*0102*2000*01_A4,26.0,16,1.0,0.5,0.125,0.1875,0.1875,0.0,0.0,0.625,0.375,0.0,0.375,0.1875,2.0625,0.6,1.43359375,0.0,0.0
TR250*0102*2000*01_A1,33.0,14,1.0,0.14285714285714285,0.21428571428571427,0.2857142857142857,0.2857142857142857,0.0,0.07142857142857142,0.35714285714285715,0.5714285714285714,0.07142857142857142,0.6428571428571429,0.35714285714285715,3.0,1.8,1.7142857142857142,0.21428571428571427,0.07142857142857142
TR250*0102*2000*01_A2,33.0,10,1.0,0.3,0.2,0.2,0.3,0.0,0.0,0.5,0.5,0.0,0.5,0.3,2.5,1.0,1.45,0.1,0.0
TR253*0102*2000*01_A1,38.0,8,1.0,0.125,0.125,0.0,0.25,0.25,0.25,0.25,0.25,0.5,0.75,0.75,4.125,3.0,2.859375,0.0,0.0
TR253*0102*2000*01_A4,38.0,6,1.0,0.16666666666666666,0.0,0.3333333333333333,0.16666666666666666,0.0,0.3333333333333333,0.16666666666666666,0.5,0.3333333333333333,0.8333333333333334,0.5,3.8333333333333335,5.0,3.1388888888888893,0.0,0.0
TR254*0102*2000*01_A1,22.0,5,1.0,0.0,0.4,0.2,0.2,0.2,0.0,0.4,0.4,0.2,0.6,0.4,3.2,1.5,1.3599999999999999,0.0,0.4
TR254*0102*2000*01_A4,22.0,4,1.0,0.25,0.25,0.5,0.0,0.0,0.0,0.5,0.5,0.0,0.5,0.0,2.25,1.0,0.6875,0.0,0.25
TR255*0102*2000*01_A1,29.0,12,1.0,0.16666666666666666,0.3333333333333333,0.3333333333333333,0.08333333333333333,0.08333333333333333,0.0,0.5,0.4166666666666667,0.08333333333333333,0.5,0.16666666666666666,2.5833333333333335,1.0,1.2430555555555556,0.0,0.3333333333333333
TR255*0102*2000*01_A4,29.0,8,1.0,0.625,0.125,0.0,0.125,0.125,0.0,0.75,0.125,0.125,0.25,0.25,2.0,0.3333333333333333,2.25,0.0,0.0
TR257*0102*2000*01_A1,31.0,9,1.0,0.3333333333333333,0.4444444444444444,0.1111111111111111,0.0,0.1111111111111111,0.0,0.7777777777777778,0.1111111111111111,0.1111111111111111,0.2222222222222222,0.1111111111111111,2.111111111111111,0.2857142857142857,1.4320987654320987,0.0,0.2222222222222222
TR257*0102*2000*01_A4,31.0,8,1.0,0.125,0.125,0.5,0.25,0.0,0.0,0.25,0.75,0.0,0.75,0.25,2.875,3.0,0.859375,0.0,0.0
TR259*0102*2000*01_A1,36.0,7,1.0,0.42857142857142855,0.14285714285714285,0.14285714285714285,0.2857142857142857,0.0,0.0,0.5714285714285714,0.42857142857142855,0.0,0.42857142857142855,0.2857142857142857,2.2857142857142856,0.75,1.6326530612244896,0.0,0.0
TR259*0102*2000*01_A4,36.0,12,1.0,0.08333333333333333,0.3333333333333333,0.4166666666666667,0.08333333333333333,0.08333333333333333,0.0,0.4166666666666667,0.5,0.08333333333333333,0.5833333333333334,0.16666666666666666,2.75,1.4,1.0208333333333333,0.0,0.08333333333333333
TR263*0102*2000*01_A1,26.0,9,1.0,0.1111111111111111,0.1111111111111111,0.3333333333333333,0.3333333333333333,0.1111111111111111,0.0,0.2222222222222222,0.6666666666666666,0.1111111111111111,0.7777777777777778,0.4444444444444444,3.2222222222222223,3.5,1.2839506172839505,0.0,0.2222222222222222
TR263*0102*2000*01_A2,26.0,8,1.0,0.125,0.125,0.375,0.25,0.0,0.125,0.25,0.625,0.125,0.75,0.375,3.25,3.0,1.9375,0.125,0.0
TR265*0102*2000*01_A1,33.0,13,0.9230769230769231,0.0,0.16666666666666666,0.3333333333333333,0.25,0.25,0.0,0.16666666666666666,0.5833333333333334,0.25,0.8333333333333334,0.5,3.5833333333333335,5.0,1.076388888888889,0.23076923076923078,0.07692307692307693
TR265*0102*2000*01_A2,33.0,12,1.0,0.3333333333333333,0.0,0.08333333333333333,0.3333333333333333,0.16666666666666666,0.08333333333333333,0.3333333333333333,0.4166666666666667,0.25,0.6666666666666666,0.5833333333333334,3.25,2.0,3.0208333333333335,0.16666666666666666,0.08333333333333333
TR266*0102*2000*01_A1,31.0,6,1.0,0.3333333333333333,0.16666666666666666,0.3333333333333333,0.16666666666666666,0.0,0.0,0.5,0.5,0.0,0.5,0.16666666666666666,2.3333333333333335,1.0,1.2222222222222223,0.0,0.0
TR266*0102*2000*01_A4,31.0,10,0.9,0.0,0.2222222222222222,0.5555555555555556,0.1111111111111111,0.1111111111111111,0.0,0.2222222222222222,0.6666666666666666,0.1111111111111111,0.7777777777777778,0.2222222222222222,3.111111111111111,3.5,0.7654320987654322,0.1,0.2
TR267*0102*2000*01_A1,23.0,7,1.0,0.14285714285714285,0.2857142857142857,0.0,0.5714285714285714,0.0,0.0,0.42857142857142855,0.5714285714285714,0.0,0.5714285714285714,0.5714285714285714,3.0,1.3333333333333333,1.4285714285714286,0.2857142857142857,0.2857142857142857
TR267*0102*2000*01_A4,23.0,9,1.0,0.2222222222222222,0.1111111111111111,0.2222222222222222,0.4444444444444444,0.0,0.0,0.3333333333333333,0.6666666666666666,0.0,0.6666666666666666,0.4444444444444444,2.888888888888889,2.0,1.432098765432099,0.0,0.1111111111111111
TR268*0102*2000*01_A1,22.0,5,1.0,0.0,0.0,0.2,0.6,0.0,0.2,0.0,0.8,0.2,1.0,0.8,4.2,nan,0.96,0.2,0.0
TR268*0102*2000*01_A2,22.0,10,0.9,0.2222222222222222,0.1111111111111111,0.1111111111111111,0.1111111111111111,0.0,0.4444444444444444,0.3333333333333333,0.2222222222222222,0.4444444444444444,0.6666666666666666,0.5555555555555556,3.888888888888889,2.0,4.320987654320988,0.1,0.3
TR271*0102*2000*01_A1,32.0,9,1.0,0.2222222222222222,0.1111111111111111,0.2222222222222222,0.2222222222222222,0.1111111111111111,0.1111111111111111,0.3333333333333333,0.4444444444444444,0.2222222222222222,0.6666666666666666,0.4444444444444444,3.2222222222222223,2.0,2.6172839506172836,0.1111111111111111,0.1111111111111111
TR271*0102*2000*01_A4,32.0,12,1.0,0.08333333333333333,0.3333333333333333,0.4166666666666667,0.08333333333333333,0.08333333333333333,0.0,0.4166666666666667,0.5,0.08333333333333333,0.5833333333333334,0.16666666666666666,2.75,1.4,1.0208333333333333,0.08333333333333333,0.08333333333333333
TR273*0102*2000*01_A1,23.0,12,1.0,0.16666666666666666,0.4166666666666667,0.3333333333333333,0.08333333333333333,0.0,0.0,0.5833333333333334,0.4166666666666667,0.0,0.4166666666666667,0.08333333333333333,2.3333333333333335,0.7142857142857143,0.7222222222222222,0.16666666666666666,0.16666666666666666
TR273*0102*2000*01_A2,23.0,11,1.0,0.6363636363636364,0.09090909090909091,0.09090909090909091,0.0,0.18181818181818182,0.0,0.7272727272727273,0.09090909090909091,0.18181818181818182,0.2727272727272727,0.18181818181818182,2.0,0.375,2.3636363636363638,0.09090909090909091,0.0
TR275*0102*2000*01_A1,30.0,11,1.0,0.45454545454545453,0.0,0.2727272727272727,0.18181818181818182,0.09090909090909091,0.0,0.45454545454545453,0.45454545454545453,0.09090909090909091,0.5454545454545454,0.2727272727272727,2.4545454545454546,1.2,2.066115702479339,0.0,0.0
TR275*0102*2000*01_A3,30.0,10,1.0,0.2,0.1,0.4,0.2,0.1,0.0,0.3,0.6,0.1,0.7,0.3,2.9,2.3333333333333335,1.4900000000000002,0.1,0.1
TR277*0102*2000*01_A1,29.0,9,1.0,0.3333333333333333,0.2222222222222222,0.1111111111111111,0.3333333333333333,0.0,0.0,0.5555555555555556,0.4444444444444444,0.0,0.4444444444444444,0.3333333333333333,2.4444444444444446,0.8,1.5802469135802468,0.1111111111111111,0.1111111111111111
TR277*0102*2000*01_A3,29.0,15,1.0,0.06666666666666667,0.13333333333333333,0.4666666666666667,0.26666666666666666,0.06666666666666667,0.0,0.2,0.7333333333333333,0.06666666666666667,0.8,0.3333333333333333,3.1333333333333333,4.0,0.9155555555555556,0.06666666666666667,0.4666666666666667
TR278*0102*2000*01_A1,23.0,11,0.9090909090909091,0.2,0.1,0.4,0.2,0.0,0.1,0.3,0.6,0.1,0.7,0.3,3.0,2.3333333333333335,2.0,0.0,0.18181818181818182
TR278*0102*2000*01_A4,23.0,14,1.0,0.0,0.5,0.2857142857142857,0.21428571428571427,0.0,0.0,0.5,0.5,0.0,0.5,0.21428571428571427,2.7142857142857144,1.0,0.6326530612244897,0.0,0.35714285714285715
TR288*0102*2000*01_A1,29.0,12,1.0,0.25,0.25,0.16666666666666666,0.3333333333333333,0.0,0.0,0.5,0.5,0.0,0.5,0.3333333333333333,2.5833333333333335,1.0,1.4097222222222223,0.16666666666666666,0.08333333333333333
TR288*0102*2000*01_A4,29.0,7,1.0,0.5714285714285714,0.0,0.2857142857142857,0.0,0.0,0.14285714285714285,0.5714285714285714,0.2857142857142857,0.14285714285714285,0.42857142857142855,0.14285714285714285,2.2857142857142856,0.75,3.0612244897959187,0.14285714285714285,0.14285714285714285
TR786*0102*2000*01_A1,33.0,8,1.0,0.125,0.125,0.25,0.5,0.0,0.0,0.25,0.75,0.0,0.75,0.5,3.125,3.0,1.109375,0.125,0.375
TR786*0102*2000*01_A2,33.0,11,0.9090909090909091,0.1,0.2,0.4,0.3,0.0,0.0,0.3,0.7,0.0,0.7,0.3,2.9,2.3333333333333335,0.8900000000000002,0.09090909090909091,0.18181818181818182
TR297*0102*2000*01_A1,26.0,5,1.0,0.4,0.2,0.4,0.0,0.0,0.0,0.6,0.4,0.0,0.4,0.0,2.0,0.6666666666666666,0.8,0.2,0.0
TR297*0102*2000*01_A2,26.0,12,1.0,0.3333333333333333,0.16666666666666666,0.25,0.0,0.25,0.0,0.5,0.25,0.25,0.5,0.25,2.6666666666666665,1.0,2.3888888888888893,0.08333333333333333,0.08333333333333333
TR299*0102*2000*01_A1,22.0,7,1.0,0.5714285714285714,0.2857142857142857,0.14285714285714285,0.0,0.0,0.0,0.8571428571428571,0.14285714285714285,0.0,0.14285714285714285,0.0,1.5714285714285714,0.16666666666666666,0.5306122448979592,0.0,0.2857142857142857
TR299*0102*2000*01_A4,22.0,12,1.0,0.3333333333333333,0.3333333333333333,0.3333333333333333,0.0,0.0,0.0,0.6666666666666666,0.3333333333333333,0.0,0.3333333333333333,0.0,2.0,0.5,0.6666666666666666,0.16666666666666666,0.08333333333333333
TR301*0102*2000*01_A1,37.0,8,1.0,0.0,0.25,0.25,0.5,0.0,0.0,0.25,0.75,0.0,0.75,0.5,3.25,3.0,0.6875,0.125,0.125
TR301*0102*2000*01_A2,37.0,8,1.0,0.125,0.125,0.125,0.25,0.0,0.375,0.25,0.375,0.375,0.75,0.625,4.0,3.0,3.25,0.25,0.0
TR304*0102*2000*01_A1,24.0,8,1.0,0.5,0.0,0.0,0.5,0.0,0.0,0.5,0.5,0.0,0.5,0.5,2.5,1.0,2.25,0.0,0.25
TR304*0102*2000*01_A2,24.0,7,0.8571428571428571,0.6666666666666666,0.0,0.3333333333333333,0.0,0.0,0.0,0.6666666666666666,0.3333333333333333,0.0,0.3333333333333333,0.0,1.6666666666666667,0.5,0.888888888888889,0.0,0.14285714285714285
TR305*0102*2000*01_A1,33.0,8,0.875,0.14285714285714285,0.14285714285714285,0.5714285714285714,0.14285714285714285,0.0,0.0,0.2857142857142857,0.7142857142857143,0.0,0.7142857142857143,0.14285714285714285,2.7142857142857144,2.5,0.7755102040816328,0.125,0.25
TR305*0102*2000*01_A4,33.0,15,1.0,0.26666666666666666,0.3333333333333333,0.2,0.13333333333333333,0.0,0.06666666666666667,0.6,0.3333333333333333,0.06666666666666667,0.4,0.2,2.466666666666667,0.6666666666666666,1.8488888888888886,0.13333333333333333,0.06666666666666667
TR306*0102*2000*01_A1,33.0,5,1.0,0.0,0.4,0.2,0.4,0.0,0.0,0.4,0.6,0.0,0.6,0.4,3.0,1.5,0.8,0.2,0.2
TR306*0102*2000*01_A2,33.0,12,1.0,0.16666666666666666,0.16666666666666666,0.3333333333333333,0.16666666666666666,0.08333333333333333,0.08333333333333333,0.3333333333333333,0.5,0.16666666666666666,0.6666666666666666,0.3333333333333333,3.0833333333333335,2.0,2.076388888888889,0.08333333333333333,0.0
TR308*0102*2000*01_A1,27.0,4,1.0,0.5,0.25,0.0,0.25,0.0,0.0,0.75,0.25,0.0,0.25,0.25,2.0,0.3333333333333333,1.5,0.0,0.0
TR308*0102*2000*01_A2,27.0,7,1.0,0.14285714285714285,0.14285714285714285,0.42857142857142855,0.14285714285714285,0.14285714285714285,0.0,0.2857142857142857,0.5714285714285714,0.14285714285714285,0.7142857142857143,0.2857142857142857,3.0,2.5,1.4285714285714286,0.14285714285714285,0.0
TR311*0102*2000*01_A1,23.0,9,1.0,0.1111111111111111,0.2222222222222222,0.2222222222222222,0.3333333333333333,0.1111111111111111,0.0,0.3333333333333333,0.5555555555555556,0.1111111111111111,0.6666666666666666,0.4444444444444444,3.111111111111111,2.0,1.432098765432099,0.0,0.5555555555555556
TR311*0102*2000*01_A2,23.0,12,1.0,0.16666666666666666,0.16666666666666666,0.4166666666666667,0.16666666666666666,0.0,0.08333333333333333,0.3333333333333333,0.5833333333333334,0.08333333333333333,0.6666666666666666,0.25,2.9166666666666665,2.0,1.7430555555555556,0.16666666666666666,0.08333333333333333
TR787*0102*2000*01_A1,21.0,7,1.0,0.2857142857142857,0.42857142857142855,0.0,0.2857142857142857,0.0,0.0,0.7142857142857143,0.2857142857142857,0.0,0.2857142857142857,0.2857142857142857,2.2857142857142856,0.4,1.3469387755102045,0.0,0.42857142857142855
TR787*0102*2000*01_A3,21.0,14,1.0,0.07142857142857142,0.14285714285714285,0.5714285714285714,0.21428571428571427,0.0,0.0,0.21428571428571427,0.7857142857142857,0.0,0.7857142857142857,0.21428571428571427,2.9285714285714284,3.6666666666666665,0.6377551020408166,0.0,0.6428571428571429
TR317*0102*2000*01_A1,24.0,8,1.0,0.5,0.0,0.25,0.25,0.0,0.0,0.5,0.5,0.0,0.5,0.25,2.25,1.0,1.6875,0.125,0.0
TR317*0102*2000*01_A4,24.0,18,0.9444444444444444,0.23529411764705882,0.29411764705882354,0.29411764705882354,0.11764705882352941,0.0,0.058823529411764705,0.5294117647058824,0.4117647058823529,0.058823529411764705,0.47058823529411764,0.17647058823529413,2.5294117647058822,0.8888888888888888,1.6608996539792389,0.16666666666666666,0.2777777777777778
TR320*0102*2000*01_A1,36.0,11,1.0,0.18181818181818182,0.18181818181818182,0.18181818181818182,0.2727272727272727,0.09090909090909091,0.09090909090909091,0.36363636363636365,0.45454545454545453,0.18181818181818182,0.6363636363636364,0.45454545454545453,3.1818181818181817,1.75,2.330578512396694,0.09090909090909091,0.18181818181818182
TR320*0102*2000*01_A5a,36.0,9,1.0,0.1111111111111111,0.2222222222222222,0.4444444444444444,0.2222222222222222,0.0,0.0,0.3333333333333333,0.6666666666666666,0.0,0.6666666666666666,0.2222222222222222,2.7777777777777777,2.0,0.8395061728395062,0.1111111111111111,0.0
TR324*0102*2000*01_A1,32.0,9,1.0,0.3333333333333333,0.1111111111111111,0.1111111111111111,0.3333333333333333,0.0,0.1111111111111111,0.4444444444444444,0.4444444444444444,0.1111111111111111,0.5555555555555556,0.4444444444444444,2.888888888888889,1.25,2.7654320987654324,0.0,0.2222222222222222
TR324*0102*2000*01_A2,32.0,9,1.0,0.1111111111111111,0.2222222222222222,0.3333333333333333,0.3333333333333333,0.0,0.0,0.3333333333333333,0.6666666666666666,0.0,0.6666666666666666,0.3333333333333333,2.888888888888889,2.0,0.9876543209876544,0.1111111111111111,0.2222222222222222
TR326*0102*2000*01_A1,32.0,11,1.0,0.09090909090909091,0.0,0.45454545454545453,0.36363636363636365,0.0,0.09090909090909091,0.09090909090909091,0.8181818181818182,0.09090909090909091,0.9090909090909091,0.45454545454545453,3.4545454545454546,10.0,1.3388429752066118,0.18181818181818182,0.0
TR326*0102*2000*01_A2,32.0,14,1.0,0.07142857142857142,0.21428571428571427,0.5,0.21428571428571427,0.0,0.0,0.2857142857142857,0.7142857142857143,0.0,0.7142857142857143,0.21428571428571427,2.857142857142857,2.5,0.6938775510204083,0.07142857142857142,0.21428571428571427
TR330*0102*2000*01_A1,23.0,15,1.0,0.13333333333333333,0.2,0.3333333333333333,0.2,0.0,0.13333333333333333,0.3333333333333333,0.5333333333333333,0.13333333333333333,0.6666666666666666,0.3333333333333333,3.1333333333333333,2.0,2.1155555555555554,0.13333333333333333,0.13333333333333333
TR330*0102*2000*01_A2,23.0,14,1.0,0.14285714285714285,0.07142857142857142,0.42857142857142855,0.14285714285714285,0.14285714285714285,0.07142857142857142,0.21428571428571427,0.5714285714285714,0.21428571428571427,0.7857142857142857,0.35714285714285715,3.2857142857142856,3.6666666666666665,1.9183673469387756,0.0,0.07142857142857142
TR332*0102*2000*01_A1,24.0,8,0.75,0.3333333333333333,0.3333333333333333,0.0,0.3333333333333333,0.0,0.0,0.6666666666666666,0.3333333333333333,0.0,0.3333333333333333,0.3333333333333333,2.3333333333333335,0.5,1.5555555555555556,0.0,0.375
TR332*0102*2000*01_A2,24.0,14,1.0,0.21428571428571427,0.21428571428571427,0.5,0.07142857142857142,0.0,0.0,0.42857142857142855,0.5714285714285714,0.0,0.5714285714285714,0.07142857142857142,2.4285714285714284,1.3333333333333333,0.8163265306122449,0.0,0.0
TR333*0102*2000*01_A1,39.0,10,1.0,0.1,0.3,0.2,0.2,0.0,0.2,0.4,0.4,0.2,0.6,0.4,3.3,1.5,2.6100000000000003,0.2,0.2
TR333*0102*2000*01_A2,39.0,8,1.0,0.125,0.25,0.5,0.0,0.125,0.0,0.375,0.5,0.125,0.625,0.125,2.75,1.6666666666666667,1.1875,0.125,0.125
TR788*0102*2000*01_A1,26.0,4,1.0,0.25,0.25,0.5,0.0,0.0,0.0,0.5,0.5,0.0,0.5,0.0,2.25,1.0,0.6875,0.25,0.0
TR788*0102*2000*01_A3,26.0,6,1.0,0.0,0.16666666666666666,0.3333333333333333,0.3333333333333333,0.16666666666666666,0.0,0.16666666666666666,0.6666666666666666,0.16666666666666666,0.8333333333333334,0.5,3.5,5.0,0.9166666666666666,0.16666666666666666,0.16666666666666666
TR337*0102*2000*01_A1,19.0,3,1.0,0.3333333333333333,0.0,0.3333333333333333,0.3333333333333333,0.0,0.0,0.3333333333333333,0.6666666666666666,0.0,0.6666666666666666,0.3333333333333333,2.6666666666666665,2.0,1.5555555555555556,0.0,0.3333333333333333
TR339*0102*2000*01_A1,17.0,7,1.0,0.14285714285714285,0.2857142857142857,0.2857142857142857,0.2857142857142857,0.0,0.0,0.42857142857142855,0.5714285714285714,0.0,0.5714285714285714,0.2857142857142857,2.7142857142857144,1.3333333333333333,1.0612244897959184,0.0,0.2857142857142857
TR339*0102*2000*01_A2,17.0,6,1.0,0.3333333333333333,0.0,0.6666666666666666,0.0,0.0,0.0,0.3333333333333333,0.6666666666666666,0.0,0.6666666666666666,0.0,2.3333333333333335,2.0,0.888888888888889,0.0,0.16666666666666666
TR340*0102*2000*01_A1,35.0,14,0.9285714285714286,0.07692307692307693,0.15384615384615385,0.23076923076923078,0.23076923076923078,0.23076923076923078,0.07692307692307693,0.23076923076923078,0.46153846153846156,0.3076923076923077,0.7692307692307693,0.5384615384615384,3.6153846153846154,3.3333333333333335,1.9289940828402368,0.07142857142857142,0.07142857142857142
TR340*0102*2000*01_A3,35.0,10,1.0,0.0,0.3,0.6,0.1,0.0,0.0,0.3,0.7,0.0,0.7,0.1,2.8,2.3333333333333335,0.36,0.2,0.3
TR341*0102*2000*01_A1,24.0,3,1.0,0.0,0.3333333333333333,0.3333333333333333,0.3333333333333333,0.0,0.0,0.3333333333333333,0.6666666666666666,0.0,0.6666666666666666,0.3333333333333333,3.0,2.0,0.6666666666666666,0.0,0.3333333333333333
TR341*0102*2000*01_A2,24.0,8,0.875,0.42857142857142855,0.2857142857142857,0.14285714285714285,0.14285714285714285,0.0,0.0,0.7142857142857143,0.2857142857142857,0.0,0.2857142857142857,0.14285714285714285,2.0,0.4,1.1428571428571428,0.0,0.125
TR348*0102*2000*01_A1,28.0,7,1.0,0.14285714285714285,0.14285714285714285,0.42857142857142855,0.2857142857142857,0.0,0.0,0.2857142857142857,0.7142857142857143,0.0,0.7142857142857143,0.2857142857142857,2.857142857142857,2.5,0.9795918367346937,0.14285714285714285,0.0
TR348*0102*2000*01_A4,28.0,10,1.0,0.1,0.1,0.6,0.0,0.1,0.1,0.2,0.6,0.2,0.8,0.2,3.2,4.0,1.7600000000000002,0.1,0.1
TR351*0102*2000*01_A1,35.0,12,0.9166666666666666,0.09090909090909091,0.2727272727272727,0.18181818181818182,0.36363636363636365,0.09090909090909091,0.0,0.36363636363636365,0.5454545454545454,0.09090909090909091,0.6363636363636364,0.45454545454545453,3.090909090909091,1.75,1.3553719008264462,0.16666666666666666,0.16666666666666666
TR351*0102*2000*01_A5a,35.0,13,1.0,0.15384615384615385,0.46153846153846156,0.23076923076923078,0.07692307692307693,0.0,0.07692307692307693,0.6153846153846154,0.3076923076923077,0.07692307692307693,0.38461538461538464,0.15384615384615385,2.5384615384615383,0.625,1.6331360946745561,0.07692307692307693,0.15384615384615385
TR352*0102*2000*01_A1,24.0,6,1.0,0.16666666666666666,0.0,0.6666666666666666,0.16666666666666666,0.0,0.0,0.16666666666666666,0.8333333333333334,0.0,0.8333333333333334,0.16666666666666666,2.8333333333333335,5.0,0.8055555555555555,0.16666666666666666,0.0
TR352*0102*2000*01_A4,24.0,13,1.0,0.23076923076923078,0.23076923076923078,0.23076923076923078,0.15384615384615385,0.07692307692307693,0.07692307692307693,0.46153846153846156,0.38461538461538464,0.15384615384615385,0.5384615384615384,0.3076923076923077,2.8461538461538463,1.1666666666666667,2.2840236686390534,0.38461538461538464,0.07692307692307693
TR353*0102*2000*01_A1,23.0,8,1.0,0.25,0.125,0.125,0.5,0.0,0.0,0.375,0.625,0.0,0.625,0.5,2.875,1.6666666666666667,1.609375,0.0,0.125
TR353*0102*2000*01_A2,23.0,8,1.0,0.375,0.125,0.25,0.25,0.0,0.0,0.5,0.5,0.0,0.5,0.25,2.375,1.0,1.484375,0.0,0.125
TR789*0102*2000*01_A1,16.0,4,1.0,0.25,0.25,0.0,0.5,0.0,0.0,0.5,0.5,0.0,0.5,0.5,2.75,1.0,1.6875,0.0,0.25
TR789*0102*2000*01_A3,16.0,5,1.0,0.0,0.0,0.4,0.6,0.0,0.0,0.0,1.0,0.0,1.0,0.6,3.6,nan,0.24,0.0,0.4
TR354*0102*2000*01_A1,30.0,14,1.0,0.14285714285714285,0.35714285714285715,0.07142857142857142,0.21428571428571427,0.07142857142857142,0.14285714285714285,0.5,0.2857142857142857,0.21428571428571427,0.5,0.42857142857142855,3.142857142857143,1.0,2.693877551020408,0.0,0.35714285714285715
TR354*0102*2000*01_A3,30.0,13,1.0,0.0,0.07692307692307693,0.46153846153846156,0.38461538461538464,0.0,0.07692307692307693,0.07692307692307693,0.8461538461538461,0.07692307692307693,0.9230769230769231,0.46153846153846156,3.5384615384615383,12.0,0.8639053254437871,0.23076923076923078,0.23076923076923078
TR355*0102*2000*01_A1,30.0,9,1.0,0.2222222222222222,0.3333333333333333,0.2222222222222222,0.2222222222222222,0.0,0.0,0.5555555555555556,0.4444444444444444,0.0,0.4444444444444444,0.2222222222222222,2.4444444444444446,0.8,1.1358024691358024,0.1111111111111111,0.2222222222222222
TR355*0102*2000*01_A4,30.0,15,1.0,0.13333333333333333,0.2,0.4666666666666667,0.2,0.0,0.0,0.3333333333333333,0.6666666666666666,0.0,0.6666666666666666,0.2,2.7333333333333334,2.0,0.8622222222222224,0.0,0.06666666666666667
TR357*0102*2000*01_A1,32.0,9,1.0,0.1111111111111111,0.1111111111111111,0.3333333333333333,0.4444444444444444,0.0,0.0,0.2222222222222222,0.7777777777777778,0.0,0.7777777777777778,0.4444444444444444,3.111111111111111,3.5,0.9876543209876544,0.1111111111111111,0.1111111111111111
TR357*0102*2000*01_A4,32.0,10,1.0,0.6,0.0,0.1,0.2,0.0,0.1,0.6,0.3,0.1,0.4,0.3,2.3,0.6666666666666666,3.0100000000000002,0.1,0.4
TR359*0102*2000*01_A1,34.0,6,1.0,0.3333333333333333,0.0,0.16666666666666666,0.3333333333333333,0.16666666666666666,0.0,0.3333333333333333,0.5,0.16666666666666666,0.6666666666666666,0.5,3.0,2.0,2.3333333333333335,0.0,0.0
TR359*0102*2000*01_A3,34.0,7,1.0,0.0,0.0,0.5714285714285714,0.2857142857142857,0.14285714285714285,0.0,0.0,0.8571428571428571,0.14285714285714285,1.0,0.42857142857142855,3.5714285714285716,nan,0.5306122448979592,0.42857142857142855,0.2857142857142857
TR364*0102*2000*01_A1,26.0,11,0.9090909090909091,0.3,0.1,0.2,0.3,0.0,0.1,0.4,0.5,0.1,0.6,0.4,2.9,1.5,2.4899999999999998,0.18181818181818182,0.2727272727272727
TR364*0102*2000*01_A4,26.0,11,1.0,0.45454545454545453,0.18181818181818182,0.2727272727272727,0.0,0.09090909090909091,0.0,0.6363636363636364,0.2727272727272727,0.09090909090909091,0.36363636363636365,0.09090909090909091,2.090909090909091,0.5714285714285714,1.537190082644628,0.09090909090909091,0.09090909090909091
TR365*0102*2000*01_A1,25.0,9,0.8888888888888888,0.125,0.125,0.25,0.125,0.0,0.375,0.25,0.375,0.375,0.75,0.5,3.875,3.0,3.359375,0.2222222222222222,0.2222222222222222
TR365*0102*2000*01_A2,25.0,17,1.0,0.35294117647058826,0.11764705882352941,0.35294117647058826,0.11764705882352941,0.058823529411764705,0.0,0.47058823529411764,0.47058823529411764,0.058823529411764705,0.5294117647058824,0.17647058823529413,2.411764705882353,1.125,1.5363321799307958,0.11764705882352941,0.29411764705882354
TR367*0102*2000*01_A1,28.0,6,1.0,0.16666666666666666,0.16666666666666666,0.5,0.16666666666666666,0.0,0.0,0.3333333333333333,0.6666666666666666,0.0,0.6666666666666666,0.16666666666666666,2.6666666666666665,2.0,0.8888888888888888,0.0,0.16666666666666666
TR367*0102*2000*01_A4,28.0,19,1.0,0.42105263157894735,0.05263157894736842,0.3684210526315789,0.10526315789473684,0.05263157894736842,0.0,0.47368421052631576,0.47368421052631576,0.05263157894736842,0.5263157894736842,0.15789473684210525,2.3157894736842106,1.1111111111111112,1.584487534626039,0.05263157894736842,0.10526315789473684
TR370*0102*2000*01_A1,25.0,7,1.0,0.14285714285714285,0.14285714285714285,0.42857142857142855,0.2857142857142857,0.0,0.0,0.2857142857142857,0.7142857142857143,0.0,0.7142857142857143,0.2857142857142857,2.857142857142857,2.5,0.9795918367346939,0.2857142857142857,0.14285714285714285
TR370*0102*2000*01_A4,25.0,8,1.0,0.25,0.375,0.25,0.125,0.0,0.0,0.625,0.375,0.0,0.375,0.125,2.25,0.6,0.9375,0.0,0.375
TR373*0102*2000*01_A1,32.0,10,1.0,0.3,0.0,0.2,0.3,0.1,0.1,0.3,0.5,0.2,0.7,0.5,3.2,2.3333333333333335,2.7600000000000002,0.1,0.1
TR373*0102*2000*01_A2,32.0,16,0.875,0.14285714285714285,0.07142857142857142,0.2857142857142857,0.2857142857142857,0.14285714285714285,0.07142857142857142,0.21428571428571427,0.5714285714285714,0.21428571428571427,0.7857142857142857,0.5,3.4285714285714284,3.6666666666666665,1.9591836734693877,0.25,0.25
TR375*0102*2000*01_A1,31.0,9,1.0,0.2222222222222222,0.3333333333333333,0.1111111111111111,0.2222222222222222,0.0,0.1111111111111111,0.5555555555555556,0.3333333333333333,0.1111111111111111,0.4444444444444444,0.3333333333333333,2.7777777777777777,0.8,2.3950617283950617,0.1111111111111111,0.2222222222222222
TR375*0102*2000*01_A4,31.0,10,1.0,0.3,0.2,0.3,0.1,0.0,0.1,0.5,0.4,0.1,0.5,0.2,2.6,1.0,2.2399999999999998,0.1,0.0
TR378*0102*2000*01_A1,25.0,8,1.0,0.5,0.375,0.0,0.125,0.0,0.0,0.875,0.125,0.0,0.125,0.125,1.75,0.14285714285714285,0.9375,0.0,0.25
TR378*0102*2000*01_A4,25.0,11,1.0,0.36363636363636365,0.2727272727272727,0.09090909090909091,0.2727272727272727,0.0,0.0,0.6363636363636364,0.36363636363636365,0.0,0.36363636363636365,0.2727272727272727,2.272727272727273,0.5714285714285714,1.471074380165289,0.09090909090909091,0.0
TR380*0102*2000*01_A1,22.0,9,1.0,0.1111111111111111,0.2222222222222222,0.4444444444444444,0.2222222222222222,0.0,0.0,0.3333333333333333,0.6666666666666666,0.0,0.6666666666666666,0.2222222222222222,2.7777777777777777,2.0,0.8395061728395062,0.2222222222222222,0.1111111111111111
TR380*0102*2000*01_A4,22.0,10,1.0,0.2,0.2,0.4,0.2,0.0,0.0,0.4,0.6,0.0,0.6,0.2,2.6,1.5,1.0400000000000003,0.2,0.1
TR386*0102*2000*01_A1,23.0,6,1.0,0.16666666666666666,0.0,0.3333333333333333,0.5,0.0,0.0,0.16666666666666666,0.8333333333333334,0.0,0.8333333333333334,0.5,3.1666666666666665,5.0,1.1388888888888888,0.16666666666666666,0.0
TR386*0102*2000*01_A4,23.0,5,1.0,0.2,0.2,0.4,0.2,0.0,0.0,0.4,0.6,0.0,0.6,0.2,2.6,1.5,1.04,0.0,0.2
TR387*0102*2000*01_A1,26.0,5,1.0,0.4,0.0,0.0,0.6,0.0,0.0,0.4,0.6,0.0,0.6,0.6,2.8,1.5,2.16,0.0,0.0
TR387*0102*2000*01_A2,26.0,10,1.0,0.3,0.1,0.6,0.0,0.0,0.0,0.4,0.6,0.0,0.6,0.0,2.3,1.5,0.8099999999999999,0.0,0.1
TR389*0102*2000*01_A1,23.0,7,1.0,0.2857142857142857,0.0,0.5714285714285714,0.14285714285714285,0.0,0.0,0.2857142857142857,0.7142857142857143,0.0,0.7142857142857143,0.14285714285714285,2.5714285714285716,2.5,1.1020408163265307,0.0,0.14285714285714285
TR389*0102*2000*01_A3,23.0,5,1.0,0.2,0.0,0.8,0.0,0.0,0.0,0.2,0.8,0.0,0.8,0.0,2.6,4.0,0.64,0.0,0.6
TR393*0102*2000*01_A1,29.0,10,1.0,0.1,0.2,0.2,0.5,0.0,0.0,0.3,0.7,0.0,0.7,0.5,3.1,2.3333333333333335,1.0900000000000003,0.0,0.2
TR393*0102*2000*01_A3,29.0,9,1.0,0.2222222222222222,0.1111111111111111,0.3333333333333333,0.1111111111111111,0.2222222222222222,0.0,0.3333333333333333,0.4444444444444444,0.2222222222222222,0.6666666666666666,0.3333333333333333,3.0,2.0,2.0,0.3333333333333333,0.1111111111111111
TR395*0102*2000*01_A1,26.0,13,1.0,0.46153846153846156,0.07692307692307693,0.07692307692307693,0.23076923076923078,0.07692307692307693,0.07692307692307693,0.5384615384615384,0.3076923076923077,0.15384615384615385,0.46153846153846156,0.38461538461538464,2.6153846153846154,0.8571428571428571,3.0059171597633134,0.07692307692307693,0.0
TR395*0102*2000*01_A4,26.0,17,0.9411764705882353,0.4375,0.1875,0.125,0.125,0.0,0.125,0.625,0.25,0.125,0.375,0.25,2.4375,0.6,2.87109375,0.058823529411764705,0.11764705882352941
TR398*0102*2000*01_A1,40.0,11,1.0,0.2727272727272727,0.2727272727272727,0.2727272727272727,0.18181818181818182,0.0,0.0,0.5454545454545454,0.45454545454545453,0.0,0.45454545454545453,0.18181818181818182,2.3636363636363638,0.8333333333333334,1.140495867768595,0.18181818181818182,0.2727272727272727
TR398*0102*2000*01_A2,40.0,6,1.0,0.3333333333333333,0.0,0.5,0.0,0.16666666666666666,0.0,0.3333333333333333,0.5,0.16666666666666666,0.6666666666666666,0.16666666666666666,2.6666666666666665,2.0,1.8888888888888886,0.3333333333333333,0.0
TR400*0102*2000*01_A1,21.0,6,0.8333333333333334,0.4,0.2,0.2,0.2,0.0,0.0,0.6,0.4,0.0,0.4,0.2,2.2,0.6666666666666666,1.3599999999999999,0.16666666666666666,0.16666666666666666
TR400*0102*2000*01_A2,21.0,13,1.0,0.23076923076923078,0.3076923076923077,0.15384615384615385,0.15384615384615385,0.15384615384615385,0.0,0.5384615384615384,0.3076923076923077,0.15384615384615385,0.46153846153846156,0.3076923076923077,2.6923076923076925,0.8571428571428571,1.9053254437869822,0.07692307692307693,0.07692307692307693
TR405*0102*2000*01_A1,23.0,7,1.0,0.2857142857142857,0.42857142857142855,0.2857142857142857,0.0,0.0,0.0,0.7142857142857143,0.2857142857142857,0.0,0.2857142857142857,0.0,2.0,0.4,0.5714285714285714,0.14285714285714285,0.14285714285714285
TR405*0102*2000*01_A2,23.0,11,0.8181818181818182,0.1111111111111111,0.1111111111111111,0.5555555555555556,0.1111111111111111,0.1111111111111111,0.0,0.2222222222222222,0.6666666666666666,0.1111111111111111,0.7777777777777778,0.2222222222222222,3.0,3.5,1.1111111111111112,0.0,0.36363636363636365
TR409*0102*2000*01_A1,28.0,7,1.0,0.14285714285714285,0.14285714285714285,0.2857142857142857,0.42857142857142855,0.0,0.0,0.2857142857142857,0.7142857142857143,0.0,0.7142857142857143,0.42857142857142855,3.0,2.5,1.1428571428571428,0.14285714285714285,0.0
TR409*0102*2000*01_A2,28.0,8,1.0,0.25,0.0,0.5,0.25,0.0,0.0,0.25,0.75,0.0,0.75,0.25,2.75,3.0,1.1875,0.125,0.0
TR410*0102*2000*01_A1,29.0,7,1.0,0.14285714285714285,0.0,0.42857142857142855,0.42857142857142855,0.0,0.0,0.14285714285714285,0.8571428571428571,0.0,0.8571428571428571,0.42857142857142855,3.142857142857143,6.0,0.9795918367346937,0.2857142857142857,0.0
TR410*0102*2000*01_A2,29.0,9,1.0,0.1111111111111111,0.2222222222222222,0.5555555555555556,0.1111111111111111,0.0,0.0,0.3333333333333333,0.6666666666666666,0.0,0.6666666666666666,0.1111111111111111,2.6666666666666665,2.0,0.6666666666666666,0.1111111111111111,0.0
TR411*0102*2000*01_A1,23.0,5,1.0,0.2,0.2,0.0,0.6,0.0,0.0,0.4,0.6,0.0,0.6,0.6,3.0,1.5,1.6,0.0,0.0
TR411*0102*2000*01_A2,23.0,12,0.9166666666666666,0.36363636363636365,0.0,0.36363636363636365,0.2727272727272727,0.0,0.0,0.36363636363636365,0.6363636363636364,0.0,0.6363636363636364,0.2727272727272727,2.5454545454545454,1.75,1.5206611570247934,0.0,0.16666666666666666
TR412*0102*2000*01_A1,29.0,6,1.0,0.0,0.16666666666666666,0.5,0.3333333333333333,0.0,0.0,0.16666666666666666,0.8333333333333334,0.0,0.8333333333333334,0.3333333333333333,3.1666666666666665,5.0,0.47222222222222215,0.16666666666666666,0.16666666666666666
TR412*0102*2000*01_A4,29.0,8,0.875,0.14285714285714285,0.2857142857142857,0.14285714285714285,0.42857142857142855,0.0,0.0,0.42857142857142855,0.5714285714285714,0.0,0.5714285714285714,0.42857142857142855,2.857142857142857,1.3333333333333333,1.2653061224489797,0.0,0.125
OU2*0102*2001*02_A1,40.0,14,0.9285714285714286,0.23076923076923078,0.38461538461538464,0.15384615384615385,0.15384615384615385,0.07692307692307693,0.0,0.6153846153846154,0.3076923076923077,0.07692307692307693,0.38461538461538464,0.23076923076923078,2.4615384615384617,0.625,1.4792899408284017,0.14285714285714285,0.21428571428571427
OU2*0102*2001*02_A3,40.0,16,0.9375,0.3333333333333333,0.3333333333333333,0.13333333333333333,0.13333333333333333,0.0,0.06666666666666667,0.6666666666666666,0.26666666666666666,0.06666666666666667,0.3333333333333333,0.2,2.3333333333333335,0.5,1.9555555555555555,0.125,0.1875
OU3*0102*2001*02_A1,40.0,15,0.8666666666666667,0.46153846153846156,0.38461538461538464,0.15384615384615385,0.0,0.0,0.0,0.8461538461538461,0.15384615384615385,0.0,0.15384615384615385,0.0,1.6923076923076923,0.18181818181818182,0.5207100591715975,0.13333333333333333,0.26666666666666666
OU3*0102*2001*02_A4,40.0,18,1.0,0.2222222222222222,0.16666666666666666,0.1111111111111111,0.16666666666666666,0.2222222222222222,0.1111111111111111,0.3888888888888889,0.2777777777777778,0.3333333333333333,0.6111111111111112,0.5,3.3333333333333335,1.5714285714285714,3.0,0.2222222222222222,0.05555555555555555
OU1*0102*2001*03_A1,34.0,15,1.0,0.06666666666666667,0.4666666666666667,0.26666666666666666,0.2,0.0,0.0,0.5333333333333333,0.4666666666666667,0.0,0.4666666666666667,0.2,2.6,0.875,0.7733333333333332,0.2,0.0
OU1*0102*2001*03_A4,34.0,5,1.0,0.0,0.4,0.2,0.4,0.0,0.0,0.4,0.6,0.0,0.6,0.4,3.0,1.5,0.8,0.2,0.0
OU4*0102*2001*03_A1,34.0,7,1.0,0.2857142857142857,0.2857142857142857,0.0,0.2857142857142857,0.14285714285714285,0.0,0.5714285714285714,0.2857142857142857,0.14285714285714285,0.42857142857142855,0.42857142857142855,2.7142857142857144,0.75,2.204081632653061,0.0,0.14285714285714285
OU4*0102*2001*03_A3,34.0,5,1.0,0.0,0.2,0.8,0.0,0.0,0.0,0.2,0.8,0.0,0.8,0.0,2.8,4.0,0.15999999999999998,0.0,0.0
OU5*0102*2001*01_A1,36.0,11,1.0,0.5454545454545454,0.09090909090909091,0.09090909090909091,0.09090909090909091,0.09090909090909091,0.09090909090909091,0.6363636363636364,0.18181818181818182,0.18181818181818182,0.36363636363636365,0.2727272727272727,2.3636363636363638,0.5714285714285714,3.1404958677685952,0.09090909090909091,0.0
OU5*0102*2001*01_A3,36.0,1,1.0,0.0,0.0,1.0,0.0,0.0,0.0,0.0,1.0,0.0,1.0,0.0,3.0,nan,0.0,1.0,0.0
