essay_id,total_score,n_phrases,PH_level_coverage,PH_ratio_A1,PH_ratio_A2,PH_ratio_B1,PH_ratio_B2,PH_ratio_C1,PH_ratio_C2,PH_ratio_A,PH_ratio_B,PH_ratio_C,PH_ratio_AboveB1,PH_ratio_AboveB2,PH_mean_score,PH_high_low_ratio,PH_score_var,PH_pv_ratio,PH_multi_ratio
TR3*0100*2000*02,28.0,22,1.0,0.18181818181818182,0.4090909090909091,0.18181818181818182,0.09090909090909091,0.045454545454545456,0.09090909090909091,0.5909090909090909,0.2727272727272727,0.13636363636363635,0.4090909090909091,0.22727272727272727,2.6818181818181817,0.6923076923076923,2.1260330578512394,0.13636363636363635,0.09090909090909091
TR4*0100*2000*02,32.0,23,1.0,0.13043478260869565,0.17391304347826086,0.43478260869565216,0.17391304347826086,0.043478260869565216,0.043478260869565216,0.30434782608695654,0.6086956521739131,0.08695652173913043,0.6956521739130435,0.2608695652173913,2.9565217391304346,2.2857142857142856,1.43289224952741,0.13043478260869565,0.21739130434782608
TR13*0100*2000*02,21.0,11,0.9090909090909091,0.3,0.2,0.3,0.2,0.0,0.0,0.5,0.5,0.0,0.5,0.2,2.4,1.0,1.24,0.09090909090909091,0.09090909090909091
TR15*0100*2000*02,23.0,23,0.9565217391304348,0.13636363636363635,0.4090909090909091,0.2727272727272727,0.045454545454545456,0.045454545454545456,0.09090909090909091,0.5454545454545454,0.3181818181818182,0.13636363636363635,0.45454545454545453,0.18181818181818182,2.727272727272727,0.8333333333333334,1.9256198347107436,0.13043478260869565,0.30434782608695654
TR78*0100*2000*02,28.0,13,1.0,0.15384615384615385,0.38461538461538464,0.23076923076923078,0.07692307692307693,0.0,0.15384615384615385,0.5384615384615384,0.3076923076923077,0.15384615384615385,0.46153846153846156,0.23076923076923078,2.8461538461538463,0.8571428571428571,2.4378698224852067,0.15384615384615385,0.15384615384615385
TR421*0100*2000*02,28.0,22,0.9545454545454546,0.09523809523809523,0.3333333333333333,0.23809523809523808,0.19047619047619047,0.047619047619047616,0.09523809523809523,0.42857142857142855,0.42857142857142855,0.14285714285714285,0.5714285714285714,0.3333333333333333,3.0476190476190474,1.3333333333333333,1.9501133786848068,0.045454545454545456,0.3181818181818182
TR423*0100*2000*02,30.0,11,1.0,0.2727272727272727,0.09090909090909091,0.5454545454545454,0.0,0.09090909090909091,0.0,0.36363636363636365,0.5454545454545454,0.09090909090909091,0.6363636363636364,0.09090909090909091,2.5454545454545454,1.75,1.3388429752066118,0.0,0.09090909090909091
TR424*0100*2000*02,29.0,9,1.0,0.2222222222222222,0.1111111111111111,0.2222222222222222,0.3333333333333333,0.1111111111111111,0.0,0.3333333333333333,0.5555555555555556,0.1111111111111111,0.6666666666666666,0.4444444444444444,3.0,2.0,1.7777777777777777,0.3333333333333333,0.1111111111111111
TR449*0100*2000*02,35.0,15,1.0,0.2,0.26666666666666666,0.4,0.06666666666666667,0.06666666666666667,0.0,0.4666666666666667,0.4666666666666667,0.06666666666666667,0.5333333333333333,0.13333333333333333,2.533333333333333,1.1428571428571428,1.182222222222222,0.13333333333333333,0.26666666666666666
TR505*0100*2000*02,26.0,12,1.0,0.16666666666666666,0.3333333333333333,0.16666666666666666,0.25,0.08333333333333333,0.0,0.5,0.4166666666666667,0.08333333333333333,0.5,0.3333333333333333,2.75,1.0,1.5208333333333333,0.08333333333333333,0.25
TR509*0100*2000*02,25.0,14,1.0,0.21428571428571427,0.21428571428571427,0.35714285714285715,0.14285714285714285,0.0,0.07142857142857142,0.42857142857142855,0.5,0.07142857142857142,0.5714285714285714,0.21428571428571427,2.7142857142857144,1.3333333333333333,1.7755102040816324,0.07142857142857142,0.14285714285714285
TR520*0100*2000*02,37.0,23,1.0,0.17391304347826086,0.34782608695652173,0.21739130434782608,0.17391304347826086,0.043478260869565216,0.043478260869565216,0.5217391304347826,0.391304347826087,0.08695652173913043,0.4782608695652174,0.2608695652173913,2.6956521739130435,0.9166666666666666,1.689981096408317,0.08695652173913043,0.34782608695652173
TR521*0100*2000*02,24.0,13,0.9230769230769231,0.5,0.16666666666666666,0.25,0.0,0.08333333333333333,0.0,0.6666666666666666,0.25,0.08333333333333333,0.3333333333333333,0.08333333333333333,2.0,0.5,1.5,0.0,0.3076923076923077
TR522*0100*2000*02,32.0,15,1.0,0.2,0.4,0.3333333333333333,0.06666666666666667,0.0,0.0,0.6,0.4,0.0,0.4,0.06666666666666667,2.2666666666666666,0.6666666666666666,0.7288888888888891,0.06666666666666667,0.06666666666666667
TR524*0100*2000*02,27.0,20,1.0,0.1,0.35,0.35,0.1,0.05,0.05,0.45,0.45,0.1,0.55,0.2,2.8,1.2222222222222223,1.46,0.0,0.0
TR529*0100*2000*02,30.0,17,1.0,0.11764705882352941,0.35294117647058826,0.23529411764705882,0.23529411764705882,0.0,0.058823529411764705,0.47058823529411764,0.47058823529411764,0.058823529411764705,0.5294117647058824,0.29411764705882354,2.823529411764706,1.125,1.5570934256055364,0.17647058823529413,0.11764705882352941
TR531*0100*2000*02,21.0,14,1.0,0.2857142857142857,0.21428571428571427,0.35714285714285715,0.14285714285714285,0.0,0.0,0.5,0.5,0.0,0.5,0.14285714285714285,2.357142857142857,1.0,1.086734693877551,0.14285714285714285,0.2857142857142857
TR533*0100*2000*02,26.0,17,1.0,0.17647058823529413,0.35294117647058826,0.17647058823529413,0.17647058823529413,0.11764705882352941,0.0,0.5294117647058824,0.35294117647058826,0.11764705882352941,0.47058823529411764,0.29411764705882354,2.7058823529411766,0.8888888888888888,1.619377162629758,0.11764705882352941,0.058823529411764705
TR538*0100*2000*02,23.0,18,1.0,0.2222222222222222,0.2777777777777778,0.3333333333333333,0.16666666666666666,0.0,0.0,0.5,0.5,0.0,0.5,0.16666666666666666,2.4444444444444446,1.0,1.0246913580246912,0.1111111111111111,0.0
TR543*0100*2000*02,35.0,20,0.95,0.3157894736842105,0.42105263157894735,0.15789473684210525,0.0,0.05263157894736842,0.05263157894736842,0.7368421052631579,0.15789473684210525,0.10526315789473684,0.2631578947368421,0.10526315789473684,2.210526315789474,0.35714285714285715,1.7451523545706373,0.05,0.3
TR553*0100*2000*02,29.0,7,1.0,0.0,0.5714285714285714,0.14285714285714285,0.0,0.0,0.2857142857142857,0.5714285714285714,0.14285714285714285,0.2857142857142857,0.42857142857142855,0.2857142857142857,3.2857142857142856,0.75,3.0612244897959187,0.14285714285714285,0.2857142857142857
TR554*0100*2000*02,27.0,18,0.9444444444444444,0.23529411764705882,0.17647058823529413,0.11764705882352941,0.29411764705882354,0.17647058823529413,0.0,0.4117647058823529,0.4117647058823529,0.17647058823529413,0.5882352941176471,0.47058823529411764,3.0,1.4285714285714286,2.1176470588235294,0.05555555555555555,0.2777777777777778
TR42*0100*2000*02,25.0,15,1.0,0.2,0.26666666666666666,0.4666666666666667,0.0,0.0,0.06666666666666667,0.4666666666666667,0.4666666666666667,0.06666666666666667,0.5333333333333333,0.06666666666666667,2.533333333333333,1.1428571428571428,1.4488888888888884,0.2,0.26666666666666666
TR50*0100*2000*02,19.0,15,1.0,0.06666666666666667,0.2,0.26666666666666666,0.26666666666666666,0.13333333333333333,0.06666666666666667,0.26666666666666666,0.5333333333333333,0.2,0.7333333333333333,0.4666666666666667,3.4,2.75,1.7066666666666668,0.2,0.26666666666666666
TR54*0100*2000*02,31.0,18,1.0,0.3333333333333333,0.2222222222222222,0.2777777777777778,0.16666666666666666,0.0,0.0,0.5555555555555556,0.4444444444444444,0.0,0.4444444444444444,0.16666666666666666,2.2777777777777777,0.8,1.2006172839506175,0.16666666666666666,0.1111111111111111
TR587*0100*2000*02,24.0,17,1.0,0.11764705882352941,0.29411764705882354,0.35294117647058826,0.058823529411764705,0.0,0.17647058823529413,0.4117647058823529,0.4117647058823529,0.17647058823529413,0.5882352941176471,0.23529411764705882,3.0588235294117645,1.4285714285714286,2.4083044982698962,0.23529411764705882,0.17647058823529413
TR591*0100*2000*02,18.0,20,0.95,0.21052631578947367,0.10526315789473684,0.5263157894736842,0.05263157894736842,0.05263157894736842,0.05263157894736842,0.3157894736842105,0.5789473684210527,0.10526315789473684,0.6842105263157895,0.15789473684210525,2.789473684210526,2.1666666666666665,1.6398891966759004,0.1,0.2
TR602*0100*2000*02,25.0,16,1.0,0.3125,0.3125,0.375,0.0,0.0,0.0,0.625,0.375,0.0,0.375,0.0,2.0625,0.6,0.68359375,0.0,0.25
TR606*0100*2000*02,38.0,21,0.9523809523809523,0.3,0.25,0.25,0.1,0.0,0.1,0.55,0.35,0.1,0.45,0.2,2.55,0.8181818181818182,2.2474999999999996,0.047619047619047616,0.19047619047619047
TR617*0100*2000*02,25.0,20,1.0,0.4,0.0,0.45,0.05,0.05,0.05,0.4,0.5,0.1,0.6,0.15,2.5,1.5,2.05,0.15,0.2
TR624*0100*2000*02,32.0,9,1.0,0.2222222222222222,0.1111111111111111,0.4444444444444444,0.1111111111111111,0.1111111111111111,0.0,0.3333333333333333,0.5555555555555556,0.1111111111111111,0.6666666666666666,0.2222222222222222,2.7777777777777777,2.0,1.506172839506173,0.0,0.2222222222222222
TR634*0100*2000*02,33.0,17,1.0,0.17647058823529413,0.17647058823529413,0.29411764705882354,0.29411764705882354,0.0,0.058823529411764705,0.35294117647058826,0.5882352941176471,0.058823529411764705,0.6470588235294118,0.35294117647058826,2.9411764705882355,1.8333333333333333,1.7024221453287196,0.058823529411764705,0.11764705882352941
TR638*0100*2000*02,17.0,23,0.9565217391304348,0.13636363636363635,0.3181818181818182,0.2727272727272727,0.09090909090909091,0.09090909090909091,0.09090909090909091,0.45454545454545453,0.36363636363636365,0.18181818181818182,0.5454545454545454,0.2727272727272727,2.9545454545454546,1.2,2.1342975206611565,0.13043478260869565,0.08695652173913043
TR639*0100*2000*02,21.0,15,0.9333333333333333,0.14285714285714285,0.42857142857142855,0.35714285714285715,0.07142857142857142,0.0,0.0,0.5714285714285714,0.42857142857142855,0.0,0.42857142857142855,0.07142857142857142,2.357142857142857,0.75,0.6581632653061223,0.0,0.13333333333333333
TR682*0100*2000*02,33.0,16,1.0,0.25,0.125,0.25,0.25,0.0625,0.0625,0.375,0.5,0.125,0.625,0.375,2.9375,1.6666666666666667,2.18359375,0.0625,0.0625
TR93*0100*2000*02,23.0,20,1.0,0.35,0.2,0.25,0.1,0.05,0.05,0.55,0.35,0.1,0.45,0.2,2.45,0.8181818181818182,2.0475000000000003,0.15,0.15
TR70*0100*2000*02,32.0,21,1.0,0.09523809523809523,0.0,0.47619047619047616,0.2857142857142857,0.047619047619047616,0.09523809523809523,0.09523809523809523,0.7619047619047619,0.14285714285714285,0.9047619047619048,0.42857142857142855,3.4761904761904763,9.5,1.487528344671202,0.19047619047619047,0.19047619047619047
TR94*0100*2000*02,30.0,18,1.0,0.3888888888888889,0.3333333333333333,0.1111111111111111,0.05555555555555555,0.05555555555555555,0.05555555555555555,0.7222222222222222,0.16666666666666666,0.1111111111111111,0.2777777777777778,0.16666666666666666,2.2222222222222223,0.38461538461538464,2.0617283950617282,0.2222222222222222,0.16666666666666666
TR704*0100*2000*02,29.0,18,1.0,0.2222222222222222,0.2222222222222222,0.2777777777777778,0.1111111111111111,0.05555555555555555,0.1111111111111111,0.4444444444444444,0.3888888888888889,0.16666666666666666,0.5555555555555556,0.2777777777777778,2.888888888888889,1.25,2.4320987654320994,0.1111111111111111,0.16666666666666666
TR708*0100*2000*02,30.0,26,0.9615384615384616,0.12,0.2,0.2,0.16,0.2,0.12,0.32,0.36,0.32,0.68,0.48,3.48,2.125,2.4896,0.2692307692307692,0.19230769230769232
TR730*0100*2000*02,29.0,18,0.8333333333333334,0.3333333333333333,0.13333333333333333,0.3333333333333333,0.0,0.0,0.2,0.4666666666666667,0.3333333333333333,0.2,0.5333333333333333,0.2,2.8,1.1428571428571428,3.226666666666667,0.05555555555555555,0.4444444444444444
TR745*0100*2000*02,17.0,7,1.0,0.0,0.14285714285714285,0.42857142857142855,0.0,0.14285714285714285,0.2857142857142857,0.14285714285714285,0.42857142857142855,0.42857142857142855,0.8571428571428571,0.42857142857142855,4.0,6.0,2.2857142857142856,0.0,0.14285714285714285
TR752*0100*2000*02,32.0,35,0.9714285714285714,0.058823529411764705,0.3235294117647059,0.2647058823529412,0.23529411764705882,0.029411764705882353,0.08823529411764706,0.38235294117647056,0.5,0.11764705882352941,0.6176470588235294,0.35294117647058826,3.1176470588235294,1.6153846153846154,1.6920415224913494,0.02857142857142857,0.11428571428571428
TR792*0100*2000*02,26.0,19,1.0,0.3157894736842105,0.10526315789473684,0.3157894736842105,0.10526315789473684,0.10526315789473684,0.05263157894736842,0.42105263157894735,0.42105263157894735,0.15789473684210525,0.5789473684210527,0.2631578947368421,2.736842105263158,1.375,2.2991689750692514,0.15789473684210525,0.15789473684210525
TR831*0100*2000*02,25.0,15,0.9333333333333333,0.07142857142857142,0.2857142857142857,0.2857142857142857,0.21428571428571427,0.07142857142857142,0.07142857142857142,0.35714285714285715,0.5,0.14285714285714285,0.6428571428571429,0.35714285714285715,3.142857142857143,1.8,1.6938775510204083,0.13333333333333333,0.06666666666666667
TR839*0100*2000*02,29.0,22,0.9545454545454546,0.23809523809523808,0.14285714285714285,0.3333333333333333,0.19047619047619047,0.047619047619047616,0.047619047619047616,0.38095238095238093,0.5238095238095238,0.09523809523809523,0.6190476190476191,0.2857142857142857,2.8095238095238093,1.625,1.8684807256235825,0.13636363636363635,0.2727272727272727
TR847*0100*2000*02,26.0,9,1.0,0.1111111111111111,0.2222222222222222,0.4444444444444444,0.2222222222222222,0.0,0.0,0.3333333333333333,0.6666666666666666,0.0,0.6666666666666666,0.2222222222222222,2.7777777777777777,2.0,0.8395061728395062,0.0,0.1111111111111111
TR855*0100*2000*02,26.0,18,0.7222222222222222,0.23076923076923078,0.38461538461538464,0.23076923076923078,0.07692307692307693,0.0,0.07692307692307693,0.6153846153846154,0.3076923076923077,0.07692307692307693,0.38461538461538464,0.15384615384615385,2.4615384615384617,0.625,1.7869822485207103,0.2777777777777778,0.3888888888888889
TR860*0100*2000*02,33.0,13,0.9230769230769231,0.25,0.25,0.5,0.0,0.0,0.0,0.5,0.5,0.0,0.5,0.0,2.25,1.0,0.6875,0.07692307692307693,0.23076923076923078
TR865*0100*2000*02,33.0,24,1.0,0.25,0.4166666666666667,0.25,0.08333333333333333,0.0,0.0,0.6666666666666666,0.3333333333333333,0.0,0.3333333333333333,0.08333333333333333,2.1666666666666665,0.5,0.8055555555555555,0.041666666666666664,0.16666666666666666
TR866*0100*2000*02,23.0,21,1.0,0.09523809523809523,0.2857142857142857,0.3333333333333333,0.09523809523809523,0.09523809523809523,0.09523809523809523,0.38095238095238093,0.42857142857142855,0.19047619047619047,0.6190476190476191,0.2857142857142857,3.0952380952380953,1.625,1.990929705215419,0.09523809523809523,0.047619047619047616
TR872*0100*2000*02,30.0,16,1.0,0.1875,0.25,0.375,0.0625,0.0625,0.0625,0.4375,0.4375,0.125,0.5625,0.1875,2.75,1.2857142857142858,1.8125,0.25,0.125
TR875*0100*2000*02,39.0,24,1.0,0.08333333333333333,0.2916666666666667,0.3333333333333333,0.20833333333333334,0.0,0.08333333333333333,0.375,0.5416666666666666,0.08333333333333333,0.625,0.2916666666666667,3.0,1.6666666666666667,1.5833333333333333,0.08333333333333333,0.125
TR891*0100*2000*02,38.0,27,1.0,0.0,0.3333333333333333,0.2962962962962963,0.2222222222222222,0.14814814814814814,0.0,0.3333333333333333,0.5185185185185185,0.14814814814814814,0.6666666666666666,0.37037037037037035,3.185185185185185,2.0,1.1138545953360766,0.1111111111111111,0.14814814814814814
TR97*0100*2000*02,31.0,24,0.9583333333333334,0.2608695652173913,0.21739130434782608,0.17391304347826086,0.17391304347826086,0.043478260869565216,0.13043478260869565,0.4782608695652174,0.34782608695652173,0.17391304347826086,0.5217391304347826,0.34782608695652173,2.9130434782608696,1.0909090909090908,2.7750472589792063,0.041666666666666664,0.041666666666666664
TR102*0100*2000*02,28.0,22,1.0,0.18181818181818182,0.36363636363636365,0.4090909090909091,0.045454545454545456,0.0,0.0,0.5454545454545454,0.45454545454545453,0.0,0.45454545454545453,0.045454545454545456,2.3181818181818183,0.8333333333333334,0.6714876033057853,0.09090909090909091,0.13636363636363635
TR905*0100*2000*02,27.0,21,0.9047619047619048,0.21052631578947367,0.2631578947368421,0.15789473684210525,0.2631578947368421,0.0,0.10526315789473684,0.47368421052631576,0.42105263157894735,0.10526315789473684,0.5263157894736842,0.3684210526315789,2.8947368421052633,1.1111111111111112,2.304709141274239,0.0,0.14285714285714285
TR910*0100*2000*02,21.0,30,1.0,0.4666666666666667,0.13333333333333333,0.26666666666666666,0.13333333333333333,0.0,0.0,0.6,0.4,0.0,0.4,0.13333333333333333,2.066666666666667,0.6666666666666666,1.2622222222222226,0.06666666666666667,0.03333333333333333
TR913*0100*2000*02,31.0,17,1.0,0.0,0.4117647058823529,0.17647058823529413,0.35294117647058826,0.058823529411764705,0.0,0.4117647058823529,0.5294117647058824,0.058823529411764705,0.5882352941176471,0.4117647058823529,3.0588235294117645,1.4285714285714286,0.9965397923875433,0.058823529411764705,0.11764705882352941
TR914*0100*2000*02,26.0,20,1.0,0.25,0.15,0.3,0.1,0.1,0.1,0.4,0.4,0.2,0.6,0.3,2.95,1.5,2.5475,0.1,0.15
TR923*0100*2000*02,35.0,14,1.0,0.07142857142857142,0.14285714285714285,0.35714285714285715,0.2857142857142857,0.0,0.14285714285714285,0.21428571428571427,0.6428571428571429,0.14285714285714285,0.7857142857142857,0.42857142857142855,3.4285714285714284,3.6666666666666665,1.8163265306122451,0.0,0.14285714285714285
TR924*0100*2000*02,37.0,10,1.0,0.5,0.2,0.2,0.1,0.0,0.0,0.7,0.3,0.0,0.3,0.1,1.9,0.42857142857142855,1.09,0.0,0.2
TR925*0100*2000*02,35.0,21,1.0,0.09523809523809523,0.14285714285714285,0.38095238095238093,0.047619047619047616,0.23809523809523808,0.09523809523809523,0.23809523809523808,0.42857142857142855,0.3333333333333333,0.7619047619047619,0.38095238095238093,3.4761904761904763,3.2,2.154195011337868,0.09523809523809523,0.09523809523809523
TR948*0100*2000*02,29.0,20,0.95,0.47368421052631576,0.21052631578947367,0.0,0.2631578947368421,0.0,0.05263157894736842,0.6842105263157895,0.2631578947368421,0.05263157894736842,0.3157894736842105,0.3157894736842105,2.263157894736842,0.46153846153846156,2.2991689750692514,0.05,0.2
TR962*0100*2000*02,23.0,12,1.0,0.16666666666666666,0.25,0.3333333333333333,0.25,0.0,0.0,0.4166666666666667,0.5833333333333334,0.0,0.5833333333333334,0.25,2.6666666666666665,1.4,1.0555555555555556,0.08333333333333333,0.08333333333333333
TR964*0100*2000*02,11.0,11,1.0,0.18181818181818182,0.45454545454545453,0.09090909090909091,0.09090909090909091,0.09090909090909091,0.09090909090909091,0.6363636363636364,0.18181818181818182,0.18181818181818182,0.36363636363636365,0.2727272727272727,2.727272727272727,0.5714285714285714,2.3801652892561984,0.09090909090909091,0.09090909090909091
TR974*0100*2000*02,25.0,26,1.0,0.19230769230769232,0.19230769230769232,0.4230769230769231,0.11538461538461539,0.038461538461538464,0.038461538461538464,0.38461538461538464,0.5384615384615384,0.07692307692307693,0.6153846153846154,0.19230769230769232,2.730769230769231,1.6,1.5044378698224852,0.038461538461538464,0.3076923076923077
TR770*0100*2000*02,30.0,19,1.0,0.2631578947368421,0.2631578947368421,0.3157894736842105,0.10526315789473684,0.05263157894736842,0.0,0.5263157894736842,0.42105263157894735,0.05263157894736842,0.47368421052631576,0.15789473684210525,2.4210526315789473,0.9,1.296398891966759,0.15789473684210525,0.05263157894736842
TR1018*0100*2000*02,40.0,20,1.0,0.2,0.3,0.2,0.2,0.05,0.05,0.5,0.4,0.1,0.5,0.3,2.75,1.0,1.8875,0.05,0.15
TR1028*0100*2000*02,33.0,15,1.0,0.13333333333333333,0.2,0.3333333333333333,0.0,0.2,0.13333333333333333,0.3333333333333333,0.3333333333333333,0.3333333333333333,0.6666666666666666,0.3333333333333333,3.3333333333333335,2.0,2.6222222222222227,0.0,0.0
TR1030*0100*2000*02,24.0,17,0.9411764705882353,0.375,0.1875,0.25,0.125,0.0625,0.0,0.5625,0.375,0.0625,0.4375,0.1875,2.3125,0.7777777777777778,1.58984375,0.058823529411764705,0.17647058823529413
TR1034*0100*2000*02,30.0,15,0.9333333333333333,0.35714285714285715,0.21428571428571427,0.14285714285714285,0.14285714285714285,0.07142857142857142,0.07142857142857142,0.5714285714285714,0.2857142857142857,0.14285714285714285,0.42857142857142855,0.2857142857142857,2.5714285714285716,0.75,2.5306122448979593,0.06666666666666667,0.26666666666666666
TR1035*0100*2000*02,35.0,23,1.0,0.43478260869565216,0.21739130434782608,0.30434782608695654,0.0,0.0,0.043478260869565216,0.6521739130434783,0.30434782608695654,0.043478260869565216,0.34782608695652173,0.043478260869565216,2.0434782608695654,0.5333333333333333,1.4328922495274103,0.043478260869565216,0.13043478260869565
TR121*0100*2000*02,34.0,23,1.0,0.2608695652173913,0.17391304347826086,0.43478260869565216,0.08695652173913043,0.0,0.043478260869565216,0.43478260869565216,0.5217391304347826,0.043478260869565216,0.5652173913043478,0.13043478260869565,2.5217391304347827,1.3,1.4669187145557656,0.08695652173913043,0.043478260869565216
TR127*0100*2000*02,22.0,13,1.0,0.23076923076923078,0.07692307692307693,0.3076923076923077,0.23076923076923078,0.0,0.15384615384615385,0.3076923076923077,0.5384615384615384,0.15384615384615385,0.6923076923076923,0.38461538461538464,3.1538461538461537,2.25,2.591715976331361,0.15384615384615385,0.15384615384615385
TR1046*0100*2000*02,33.0,20,1.0,0.15,0.45,0.25,0.15,0.0,0.0,0.6,0.4,0.0,0.4,0.15,2.4,0.6666666666666666,0.8400000000000001,0.05,0.1
TR1047*0100*2000*02,28.0,15,1.0,0.0,0.13333333333333333,0.6,0.2,0.0,0.06666666666666667,0.13333333333333333,0.8,0.06666666666666667,0.8666666666666667,0.26666666666666666,3.2666666666666666,6.5,0.8622222222222223,0.0,0.06666666666666667
TR1054*0100*2000*02,25.0,7,1.0,0.42857142857142855,0.0,0.2857142857142857,0.14285714285714285,0.14285714285714285,0.0,0.42857142857142855,0.42857142857142855,0.14285714285714285,0.5714285714285714,0.2857142857142857,2.5714285714285716,1.3333333333333333,2.2448979591836737,0.14285714285714285,0.14285714285714285
TR1058*0100*2000*02,22.0,8,1.0,0.25,0.375,0.125,0.0,0.0,0.25,0.625,0.125,0.25,0.375,0.25,2.875,0.6,3.609375,0.125,0.375
TR1061*0100*2000*02,35.0,25,0.96,0.20833333333333334,0.25,0.375,0.125,0.0,0.041666666666666664,0.4583333333333333,0.5,0.041666666666666664,0.5416666666666666,0.16666666666666666,2.5833333333333335,1.1818181818181819,1.4097222222222223,0.08,0.24
TR1072*0100*2000*02,24.0,14,1.0,0.2857142857142857,0.21428571428571427,0.2857142857142857,0.21428571428571427,0.0,0.0,0.5,0.5,0.0,0.5,0.21428571428571427,2.4285714285714284,1.0,1.2448979591836733,0.07142857142857142,0.35714285714285715
TR1076*0100*2000*02,34.0,13,1.0,0.07692307692307693,0.46153846153846156,0.3076923076923077,0.0,0.0,0.15384615384615385,0.5384615384615384,0.3076923076923077,0.15384615384615385,0.46153846153846156,0.15384615384615385,2.8461538461538463,0.8571428571428571,2.1301775147928996,0.15384615384615385,0.15384615384615385
TR1083*0100*2000*02,37.0,33,1.0,0.21212121212121213,0.30303030303030304,0.2727272727272727,0.12121212121212122,0.06060606060606061,0.030303030303030304,0.5151515151515151,0.3939393939393939,0.09090909090909091,0.48484848484848486,0.21212121212121213,2.606060606060606,0.9411764705882353,1.6326905417814512,0.12121212121212122,0.09090909090909091
TR1084*0100*2000*02,28.0,15,0.9333333333333333,0.5,0.21428571428571427,0.21428571428571427,0.07142857142857142,0.0,0.0,0.7142857142857143,0.2857142857142857,0.0,0.2857142857142857,0.07142857142857142,1.8571428571428572,0.4,0.9795918367346939,0.3333333333333333,0.4
TR1102*0100*2000*02,24.0,22,1.0,0.22727272727272727,0.13636363636363635,0.2727272727272727,0.22727272727272727,0.09090909090909091,0.045454545454545456,0.36363636363636365,0.5,0.13636363636363635,0.6363636363636364,0.36363636363636365,2.9545454545454546,1.75,2.043388429752066,0.045454545454545456,0.045454545454545456
TR1107*0100*2000*02,27.0,19,1.0,0.2631578947368421,0.21052631578947367,0.21052631578947367,0.2631578947368421,0.05263157894736842,0.0,0.47368421052631576,0.47368421052631576,0.05263157894736842,0.5263157894736842,0.3157894736842105,2.6315789473684212,1.1111111111111112,1.6011080332409973,0.15789473684210525,0.10526315789473684
TR176*0100*2000*02,34.0,26,0.9615384615384616,0.24,0.2,0.24,0.24,0.08,0.0,0.44,0.48,0.08,0.56,0.32,2.72,1.2727272727272727,1.6416000000000002,0.11538461538461539,0.19230769230769232
TR205*0100*2000*02,27.0,18,1.0,0.2222222222222222,0.1111111111111111,0.2777777777777778,0.3333333333333333,0.0,0.05555555555555555,0.3333333333333333,0.6111111111111112,0.05555555555555555,0.6666666666666666,0.3888888888888889,2.9444444444444446,2.0,1.8302469135802468,0.0,0.05555555555555555
TR206*0100*2000*02,31.0,22,1.0,0.4090909090909091,0.3181818181818182,0.18181818181818182,0.045454545454545456,0.0,0.045454545454545456,0.7272727272727273,0.22727272727272727,0.045454545454545456,0.2727272727272727,0.09090909090909091,2.0454545454545454,0.375,1.4979338842975205,0.09090909090909091,0.13636363636363635
TR213*0100*2000*02,37.0,33,1.0,0.09090909090909091,0.30303030303030304,0.30303030303030304,0.18181818181818182,0.06060606060606061,0.06060606060606061,0.3939393939393939,0.48484848484848486,0.12121212121212122,0.6060606060606061,0.30303030303030304,3.0,1.5384615384615385,1.6363636363636365,0.09090909090909091,0.3939393939393939
TR221*0100*2000*02,29.0,15,1.0,0.06666666666666667,0.3333333333333333,0.2,0.26666666666666666,0.0,0.13333333333333333,0.4,0.4666666666666667,0.13333333333333333,0.6,0.4,3.2,1.5,2.026666666666667,0.06666666666666667,0.13333333333333333
TR222*0100*2000*02,31.0,20,1.0,0.25,0.3,0.25,0.15,0.05,0.0,0.55,0.4,0.05,0.45,0.2,2.45,0.8181818181818182,1.3475000000000001,0.0,0.15
TR223*0100*2000*02,16.0,17,1.0,0.23529411764705882,0.17647058823529413,0.47058823529411764,0.058823529411764705,0.058823529411764705,0.0,0.4117647058823529,0.5294117647058824,0.058823529411764705,0.5882352941176471,0.11764705882352941,2.5294117647058822,1.4285714285714286,1.1903114186851211,0.058823529411764705,0.0
TR224*0100*2000*02,24.0,14,0.9285714285714286,0.23076923076923078,0.23076923076923078,0.15384615384615385,0.23076923076923078,0.15384615384615385,0.0,0.46153846153846156,0.38461538461538464,0.15384615384615385,0.5384615384615384,0.38461538461538464,2.8461538461538463,1.1666666666666667,1.9763313609467454,0.14285714285714285,0.07142857142857142
TR226*0100*2000*02,25.0,17,0.8823529411764706,0.3333333333333333,0.2,0.26666666666666666,0.2,0.0,0.0,0.5333333333333333,0.4666666666666667,0.0,0.4666666666666667,0.2,2.3333333333333335,0.875,1.2888888888888885,0.23529411764705882,0.17647058823529413
TR227*0100*2000*02,27.0,23,0.9565217391304348,0.18181818181818182,0.4090909090909091,0.22727272727272727,0.13636363636363635,0.0,0.045454545454545456,0.5909090909090909,0.36363636363636365,0.045454545454545456,0.4090909090909091,0.18181818181818182,2.5,0.6923076923076923,1.4318181818181819,0.08695652173913043,0.13043478260869565
TR230*0100*2000*02,23.0,29,0.9655172413793104,0.39285714285714285,0.14285714285714285,0.17857142857142858,0.17857142857142858,0.07142857142857142,0.03571428571428571,0.5357142857142857,0.35714285714285715,0.10714285714285714,0.4642857142857143,0.2857142857142857,2.5,0.8666666666666667,2.25,0.034482758620689655,0.20689655172413793
TR232*0100*2000*02,22.0,25,0.96,0.20833333333333334,0.20833333333333334,0.2916666666666667,0.16666666666666666,0.08333333333333333,0.041666666666666664,0.4166666666666667,0.4583333333333333,0.125,0.5833333333333334,0.2916666666666667,2.8333333333333335,1.4,1.8888888888888886,0.12,0.12
TR236*0100*2000*02,24.0,32,1.0,0.15625,0.1875,0.34375,0.25,0.03125,0.03125,0.34375,0.59375,0.0625,0.65625,0.3125,2.90625,1.9090909090909092,1.4599609375,0.15625,0.21875
TR237*0100*2000*02,32.0,26,1.0,0.23076923076923078,0.15384615384615385,0.34615384615384615,0.15384615384615385,0.07692307692307693,0.038461538461538464,0.38461538461538464,0.5,0.11538461538461539,0.6153846153846154,0.2692307692307692,2.8076923076923075,1.6,1.8476331360946747,0.15384615384615385,0.11538461538461539
TR239*0100*2000*02,34.0,14,1.0,0.07142857142857142,0.2857142857142857,0.6428571428571429,0.0,0.0,0.0,0.35714285714285715,0.6428571428571429,0.0,0.6428571428571429,0.0,2.5714285714285716,1.8,0.38775510204081637,0.14285714285714285,0.07142857142857142
TR26*0100*2000*02,34.0,24,1.0,0.16666666666666666,0.125,0.375,0.25,0.0,0.08333333333333333,0.2916666666666667,0.625,0.08333333333333333,0.7083333333333334,0.3333333333333333,3.0416666666666665,2.4285714285714284,1.7899305555555554,0.08333333333333333,0.08333333333333333
TR28*0100*2000*02,24.0,13,1.0,0.15384615384615385,0.3076923076923077,0.15384615384615385,0.07692307692307693,0.3076923076923077,0.0,0.46153846153846156,0.23076923076923078,0.3076923076923077,0.5384615384615384,0.38461538461538464,3.076923076923077,1.1666666666666667,2.224852071005917,0.0,0.15384615384615385
TR33*0100*2000*02,30.0,13,1.0,0.15384615384615385,0.07692307692307693,0.3076923076923077,0.15384615384615385,0.3076923076923077,0.0,0.23076923076923078,0.46153846153846156,0.3076923076923077,0.7692307692307693,0.46153846153846156,3.3846153846153846,3.3333333333333335,1.9289940828402363,0.15384615384615385,0.15384615384615385
TR38*0100*2000*02,35.0,22,1.0,0.13636363636363635,0.3181818181818182,0.18181818181818182,0.3181818181818182,0.0,0.045454545454545456,0.45454545454545453,0.5,0.045454545454545456,0.5454545454545454,0.36363636363636365,2.8636363636363638,1.2,1.572314049586777,0.09090909090909091,0.13636363636363635
TR264*0100*2000*02,31.0,13,1.0,0.23076923076923078,0.38461538461538464,0.3076923076923077,0.07692307692307693,0.0,0.0,0.6153846153846154,0.38461538461538464,0.0,0.38461538461538464,0.07692307692307693,2.230769230769231,0.625,0.7928994082840238,0.07692307692307693,0.3076923076923077
TR272*0100*2000*02,27.0,12,1.0,0.3333333333333333,0.08333333333333333,0.3333333333333333,0.25,0.0,0.0,0.4166666666666667,0.5833333333333334,0.0,0.5833333333333334,0.25,2.5,1.4,1.4166666666666667,0.0,0.0
TR322*0100*2000*02,28.0,17,0.9411764705882353,0.3125,0.4375,0.0625,0.0625,0.0625,0.0625,0.75,0.125,0.125,0.25,0.1875,2.3125,0.3333333333333333,2.08984375,0.11764705882352941,0.23529411764705882
TR323*0100*2000*02,21.0,15,1.0,0.3333333333333333,0.26666666666666666,0.3333333333333333,0.06666666666666667,0.0,0.0,0.6,0.4,0.0,0.4,0.06666666666666667,2.1333333333333333,0.6666666666666666,0.9155555555555555,0.13333333333333333,0.0
TR362*0100*2000*02,32.0,17,1.0,0.23529411764705882,0.11764705882352941,0.4117647058823529,0.17647058823529413,0.058823529411764705,0.0,0.35294117647058826,0.5882352941176471,0.058823529411764705,0.6470588235294118,0.23529411764705882,2.7058823529411766,1.8333333333333333,1.3840830449826989,0.11764705882352941,0.17647058823529413
TR368*0100*2000*02,30.0,19,1.0,0.47368421052631576,0.21052631578947367,0.21052631578947367,0.10526315789473684,0.0,0.0,0.6842105263157895,0.3157894736842105,0.0,0.3157894736842105,0.10526315789473684,1.9473684210526316,0.46153846153846156,1.1024930747922437,0.10526315789473684,0.15789473684210525
TR369*0100*2000*02,19.0,11,1.0,0.36363636363636365,0.0,0.45454545454545453,0.09090909090909091,0.09090909090909091,0.0,0.36363636363636365,0.5454545454545454,0.09090909090909091,0.6363636363636364,0.18181818181818182,2.5454545454545454,1.75,1.702479338842975,0.09090909090909091,0.09090909090909091
TR371*0100*2000*02,31.0,17,1.0,0.058823529411764705,0.23529411764705882,0.35294117647058826,0.058823529411764705,0.17647058823529413,0.11764705882352941,0.29411764705882354,0.4117647058823529,0.29411764705882354,0.7058823529411765,0.35294117647058826,3.411764705882353,2.4,2.124567474048443,0.29411764705882354,0.11764705882352941
TR376*0100*2000*02,21.0,27,1.0,0.3333333333333333,0.18518518518518517,0.25925925925925924,0.14814814814814814,0.07407407407407407,0.0,0.5185185185185185,0.4074074074074074,0.07407407407407407,0.48148148148148145,0.2222222222222222,2.4444444444444446,0.9285714285714286,1.654320987654321,0.07407407407407407,0.07407407407407407
TR377*0100*2000*02,25.0,22,1.0,0.18181818181818182,0.18181818181818182,0.45454545454545453,0.13636363636363635,0.0,0.045454545454545456,0.36363636363636365,0.5909090909090909,0.045454545454545456,0.6363636363636364,0.18181818181818182,2.727272727272727,1.75,1.3801652892561982,0.09090909090909091,0.22727272727272727
TR388*0100*2000*02,38.0,23,1.0,0.08695652173913043,0.34782608695652173,0.391304347826087,0.0,0.08695652173913043,0.08695652173913043,0.43478260869565216,0.391304347826087,0.17391304347826086,0.5652173913043478,0.17391304347826086,2.9130434782608696,1.3,1.818525519848771,0.13043478260869565,0.13043478260869565
TR390*0100*2000*02,35.0,21,0.9523809523809523,0.15,0.15,0.45,0.1,0.05,0.1,0.3,0.55,0.15,0.7,0.25,3.05,2.3333333333333335,1.9474999999999998,0.19047619047619047,0.09523809523809523
TR391*0100*2000*02,24.0,20,1.0,0.3,0.05,0.25,0.25,0.05,0.1,0.35,0.5,0.15,0.65,0.4,3.0,1.8571428571428572,2.6,0.1,0.05
TR791*0100*2000*02,29.0,16,0.9375,0.2,0.4,0.2,0.13333333333333333,0.0,0.06666666666666667,0.6,0.3333333333333333,0.06666666666666667,0.4,0.2,2.533333333333333,0.6666666666666666,1.7155555555555548,0.0625,0.125
TR392*0100*2000*02,25.0,21,0.8571428571428571,0.3333333333333333,0.1111111111111111,0.3333333333333333,0.0,0.1111111111111111,0.1111111111111111,0.4444444444444444,0.3333333333333333,0.2222222222222222,0.5555555555555556,0.2222222222222222,2.7777777777777777,1.25,2.8395061728395063,0.09523809523809523,0.19047619047619047
TR394*0100*2000*02,25.0,23,1.0,0.13043478260869565,0.13043478260869565,0.17391304347826086,0.30434782608695654,0.17391304347826086,0.08695652173913043,0.2608695652173913,0.4782608695652174,0.2608695652173913,0.7391304347826086,0.5652173913043478,3.5217391304347827,2.8333333333333335,2.1625708884688093,0.0,0.13043478260869565
TR401*0100*2000*02,25.0,19,1.0,0.05263157894736842,0.10526315789473684,0.3157894736842105,0.3157894736842105,0.05263157894736842,0.15789473684210525,0.15789473684210525,0.631578947368421,0.21052631578947367,0.8421052631578947,0.5263157894736842,3.6842105263157894,5.333333333333333,1.7950138504155122,0.2631578947368421,0.05263157894736842
TR402*0100*2000*02,33.0,18,1.0,0.3888888888888889,0.1111111111111111,0.3333333333333333,0.1111111111111111,0.05555555555555555,0.0,0.5,0.4444444444444444,0.05555555555555555,0.5,0.16666666666666666,2.3333333333333335,1.0,1.5555555555555556,0.05555555555555555,0.0
TR404*0100*2000*02,35.0,18,1.0,0.16666666666666666,0.2777777777777778,0.3333333333333333,0.16666666666666666,0.0,0.05555555555555555,0.4444444444444444,0.5,0.05555555555555555,0.5555555555555556,0.2222222222222222,2.7222222222222223,1.25,1.5339506172839505,0.1111111111111111,0.2222222222222222
TR414*0100*2000*02,26.0,24,0.875,0.14285714285714285,0.38095238095238093,0.2857142857142857,0.09523809523809523,0.0,0.09523809523809523,0.5238095238095238,0.38095238095238093,0.09523809523809523,0.47619047619047616,0.19047619047619047,2.7142857142857144,0.9090909090909091,1.8231292517006799,0.125,0.3333333333333333
TR415*0100*2000*02,27.0,14,1.0,0.21428571428571427,0.2857142857142857,0.2857142857142857,0.0,0.21428571428571427,0.0,0.5,0.2857142857142857,0.21428571428571427,0.5,0.21428571428571427,2.7142857142857144,1.0,1.9183673469387752,0.21428571428571427,0.14285714285714285
TR7*0100*2000*01,24.0,16,1.0,0.125,0.4375,0.3125,0.0625,0.0625,0.0,0.5625,0.375,0.0625,0.4375,0.125,2.5,0.7777777777777778,1.0,0.125,0.25
TR11*0100*2000*01,37.0,19,1.0,0.10526315789473684,0.3157894736842105,0.3684210526315789,0.21052631578947367,0.0,0.0,0.42105263157894735,0.5789473684210527,0.0,0.5789473684210527,0.21052631578947367,2.6842105263157894,1.375,0.847645429362881,0.21052631578947367,0.05263157894736842
TR16*0100*2000*01,28.0,17,1.0,0.23529411764705882,0.35294117647058826,0.29411764705882354,0.058823529411764705,0.058823529411764705,0.0,0.5882352941176471,0.35294117647058826,0.058823529411764705,0.4117647058823529,0.11764705882352941,2.3529411764705883,0.7,1.1695501730103808,0.17647058823529413,0.11764705882352941
TR17*0100*2000*01,19.0,20,0.9,0.3888888888888889,0.16666666666666666,0.2222222222222222,0.2222222222222222,0.0,0.0,0.5555555555555556,0.4444444444444444,0.0,0.4444444444444444,0.2222222222222222,2.2777777777777777,0.8,1.4228395061728396,0.15,0.2
TR418*0100*2000*01,29.0,8,1.0,0.5,0.125,0.125,0.25,0.0,0.0,0.625,0.375,0.0,0.375,0.25,2.125,0.6,1.609375,0.0,0.125
TR425*0100*2000*01,30.0,26,1.0,0.11538461538461539,0.34615384615384615,0.46153846153846156,0.07692307692307693,0.0,0.0,0.46153846153846156,0.5384615384615384,0.0,0.5384615384615384,0.07692307692307693,2.5,1.1666666666666667,0.6346153846153846,0.07692307692307693,0.15384615384615385
TR427*0100*2000*01,27.0,10,1.0,0.1,0.3,0.2,0.3,0.1,0.0,0.4,0.5,0.1,0.6,0.4,3.0,1.5,1.4,0.1,0.2
TR430*0100*2000*01,30.0,16,1.0,0.4375,0.125,0.1875,0.1875,0.0625,0.0,0.5625,0.375,0.0625,0.4375,0.25,2.3125,0.7777777777777778,1.83984375,0.0,0.125
TR431*0100*2000*01,27.0,24,1.0,0.3333333333333333,0.2916666666666667,0.20833333333333334,0.08333333333333333,0.0,0.08333333333333333,0.625,0.2916666666666667,0.08333333333333333,0.375,0.16666666666666666,2.375,0.6,2.0677083333333335,0.041666666666666664,0.20833333333333334
TR79*0100*2000*01,26.0,15,1.0,0.3333333333333333,0.3333333333333333,0.2,0.13333333333333333,0.0,0.0,0.6666666666666666,0.3333333333333333,0.0,0.3333333333333333,0.13333333333333333,2.1333333333333333,0.5,1.0488888888888888,0.06666666666666667,0.06666666666666667
TR436*0100*2000*01,35.0,14,1.0,0.21428571428571427,0.35714285714285715,0.2857142857142857,0.07142857142857142,0.0,0.07142857142857142,0.5714285714285714,0.35714285714285715,0.07142857142857142,0.42857142857142855,0.14285714285714285,2.5,0.75,1.6785714285714286,0.21428571428571427,0.14285714285714285
TR438*0100*2000*01,29.0,19,0.9473684210526315,0.2777777777777778,0.3333333333333333,0.2222222222222222,0.0,0.1111111111111111,0.05555555555555555,0.6111111111111112,0.2222222222222222,0.16666666666666666,0.3888888888888889,0.16666666666666666,2.5,0.6363636363636364,2.138888888888889,0.0,0.2631578947368421
TR442*0100*2000*01,32.0,11,1.0,0.36363636363636365,0.18181818181818182,0.2727272727272727,0.09090909090909091,0.09090909090909091,0.0,0.5454545454545454,0.36363636363636365,0.09090909090909091,0.45454545454545453,0.18181818181818182,2.3636363636363638,0.8333333333333334,1.6859504132231407,0.09090909090909091,0.2727272727272727
TR443*0100*2000*01,38.0,28,0.9642857142857143,0.25925925925925924,0.2222222222222222,0.3333333333333333,0.14814814814814814,0.037037037037037035,0.0,0.48148148148148145,0.48148148148148145,0.037037037037037035,0.5185185185185185,0.18518518518518517,2.4814814814814814,1.0769230769230769,1.286694101508916,0.14285714285714285,0.10714285714285714
TR446*0100*2000*01,19.0,12,1.0,0.3333333333333333,0.25,0.3333333333333333,0.08333333333333333,0.0,0.0,0.5833333333333334,0.4166666666666667,0.0,0.4166666666666667,0.08333333333333333,2.1666666666666665,0.7142857142857143,0.9722222222222223,0.16666666666666666,0.08333333333333333
TR451*0100*2000*01,37.0,31,1.0,0.1935483870967742,0.1935483870967742,0.3225806451612903,0.22580645161290322,0.03225806451612903,0.03225806451612903,0.3870967741935484,0.5483870967741935,0.06451612903225806,0.6129032258064516,0.2903225806451613,2.806451612903226,1.5833333333333333,1.5754422476586885,0.1935483870967742,0.06451612903225806
TR453*0100*2000*01,33.0,22,1.0,0.3181818181818182,0.3181818181818182,0.2727272727272727,0.0,0.045454545454545456,0.045454545454545456,0.6363636363636364,0.2727272727272727,0.09090909090909091,0.36363636363636365,0.09090909090909091,2.272727272727273,0.5714285714285714,1.652892561983471,0.13636363636363635,0.045454545454545456
TR80*0100*2000*01,29.0,17,0.9411764705882353,0.3125,0.125,0.3125,0.0625,0.125,0.0625,0.4375,0.375,0.1875,0.5625,0.25,2.75,1.2857142857142858,2.4375,0.17647058823529413,0.11764705882352941
TR456*0100*2000*01,21.0,14,1.0,0.2857142857142857,0.42857142857142855,0.21428571428571427,0.07142857142857142,0.0,0.0,0.7142857142857143,0.2857142857142857,0.0,0.2857142857142857,0.07142857142857142,2.0714285714285716,0.4,0.7806122448979591,0.14285714285714285,0.14285714285714285
TR458*0100*2000*01,27.0,21,1.0,0.47619047619047616,0.23809523809523808,0.23809523809523808,0.047619047619047616,0.0,0.0,0.7142857142857143,0.2857142857142857,0.0,0.2857142857142857,0.047619047619047616,1.8571428571428572,0.4,0.8843537414965985,0.2857142857142857,0.19047619047619047
TR459*0100*2000*01,32.0,20,1.0,0.3,0.15,0.4,0.15,0.0,0.0,0.45,0.55,0.0,0.55,0.15,2.4,1.2222222222222223,1.1400000000000001,0.1,0.25
TR465*0100*2000*01,21.0,11,1.0,0.5454545454545454,0.09090909090909091,0.2727272727272727,0.09090909090909091,0.0,0.0,0.6363636363636364,0.36363636363636365,0.0,0.36363636363636365,0.09090909090909091,1.9090909090909092,0.5714285714285714,1.1735537190082643,0.0,0.09090909090909091
TR467*0100*2000*01,24.0,13,1.0,0.23076923076923078,0.23076923076923078,0.38461538461538464,0.07692307692307693,0.0,0.07692307692307693,0.46153846153846156,0.46153846153846156,0.07692307692307693,0.5384615384615384,0.15384615384615385,2.6153846153846154,1.1666666666666667,1.7751479289940828,0.07692307692307693,0.07692307692307693
TR468*0100*2000*01,21.0,10,1.0,0.6,0.0,0.2,0.2,0.0,0.0,0.6,0.4,0.0,0.4,0.2,2.0,0.6666666666666666,1.6,0.0,0.0
TR469*0100*2000*01,24.0,21,0.9523809523809523,0.55,0.15,0.25,0.05,0.0,0.0,0.7,0.3,0.0,0.3,0.05,1.8,0.42857142857142855,0.9600000000000002,0.14285714285714285,0.19047619047619047
TR472*0100*2000*01,32.0,19,1.0,0.21052631578947367,0.21052631578947367,0.3684210526315789,0.15789473684210525,0.0,0.05263157894736842,0.42105263157894735,0.5263157894736842,0.05263157894736842,0.5789473684210527,0.21052631578947367,2.6842105263157894,1.375,1.584487534626039,0.21052631578947367,0.15789473684210525
TR81*0100*2000*01,32.0,19,1.0,0.3684210526315789,0.15789473684210525,0.3157894736842105,0.10526315789473684,0.0,0.05263157894736842,0.5263157894736842,0.42105263157894735,0.05263157894736842,0.47368421052631576,0.15789473684210525,2.3684210526315788,0.9,1.8116343490304707,0.05263157894736842,0.10526315789473684
TR475*0100*2000*01,31.0,11,1.0,0.36363636363636365,0.18181818181818182,0.36363636363636365,0.09090909090909091,0.0,0.0,0.5454545454545454,0.45454545454545453,0.0,0.45454545454545453,0.09090909090909091,2.1818181818181817,0.8333333333333334,1.0578512396694215,0.09090909090909091,0.2727272727272727
TR478*0100*2000*01,26.0,21,0.9523809523809523,0.2,0.35,0.4,0.0,0.0,0.05,0.55,0.4,0.05,0.45,0.05,2.4,0.8181818181818182,1.24,0.0,0.09523809523809523
TR480*0100*2000*01,24.0,15,1.0,0.2,0.4666666666666667,0.26666666666666666,0.0,0.06666666666666667,0.0,0.6666666666666666,0.26666666666666666,0.06666666666666667,0.3333333333333333,0.06666666666666667,2.2666666666666666,0.5,0.9955555555555556,0.06666666666666667,0.2
TR482*0100*2000*01,23.0,16,1.0,0.375,0.3125,0.0625,0.1875,0.0,0.0625,0.6875,0.25,0.0625,0.3125,0.25,2.3125,0.45454545454545453,2.08984375,0.0625,0.25
TR485*0100*2000*01,26.0,29,1.0,0.41379310344827586,0.2413793103448276,0.3103448275862069,0.034482758620689655,0.0,0.0,0.6551724137931034,0.3448275862068966,0.0,0.3448275862068966,0.034482758620689655,1.9655172413793103,0.5263157894736842,0.8608799048751486,0.10344827586206896,0.1724137931034483
TR486*0100*2000*01,21.0,25,0.96,0.5416666666666666,0.20833333333333334,0.08333333333333333,0.125,0.0,0.041666666666666664,0.75,0.20833333333333334,0.041666666666666664,0.25,0.16666666666666666,1.9583333333333333,0.3333333333333333,1.789930555555556,0.12,0.04
TR487*0100*2000*01,25.0,24,1.0,0.4166666666666667,0.25,0.20833333333333334,0.125,0.0,0.0,0.6666666666666666,0.3333333333333333,0.0,0.3333333333333333,0.125,2.0416666666666665,0.5,1.123263888888889,0.041666666666666664,0.125
TR488*0100*2000*01,28.0,22,1.0,0.22727272727272727,0.2727272727272727,0.2727272727272727,0.22727272727272727,0.0,0.0,0.5,0.5,0.0,0.5,0.22727272727272727,2.5,1.0,1.1590909090909092,0.22727272727272727,0.09090909090909091
TR489*0100*2000*01,36.0,27,1.0,0.2222222222222222,0.14814814814814814,0.4074074074074074,0.07407407407407407,0.037037037037037035,0.1111111111111111,0.37037037037037035,0.48148148148148145,0.14814814814814814,0.6296296296296297,0.2222222222222222,2.888888888888889,1.7,2.246913580246914,0.07407407407407407,0.07407407407407407
TR491*0100*2000*01,38.0,16,1.0,0.3125,0.375,0.25,0.0625,0.0,0.0,0.6875,0.3125,0.0,0.3125,0.0625,2.0625,0.45454545454545453,0.80859375,0.125,0.1875
TR493*0100*2000*01,26.0,17,1.0,0.23529411764705882,0.23529411764705882,0.35294117647058826,0.17647058823529413,0.0,0.0,0.47058823529411764,0.5294117647058824,0.0,0.5294117647058824,0.17647058823529413,2.4705882352941178,1.125,1.072664359861592,0.23529411764705882,0.0
TR495*0100*2000*01,32.0,15,0.8666666666666667,0.07692307692307693,0.3076923076923077,0.46153846153846156,0.15384615384615385,0.0,0.0,0.38461538461538464,0.6153846153846154,0.0,0.6153846153846154,0.15384615384615385,2.6923076923076925,1.6,0.6745562130177517,0.26666666666666666,0.26666666666666666
TR496*0100*2000*01,31.0,25,1.0,0.28,0.12,0.36,0.12,0.0,0.12,0.4,0.48,0.12,0.6,0.24,2.8,1.5,2.4,0.08,0.04
TR497*0100*2000*01,31.0,13,1.0,0.23076923076923078,0.15384615384615385,0.38461538461538464,0.07692307692307693,0.07692307692307693,0.07692307692307693,0.38461538461538464,0.46153846153846156,0.15384615384615385,0.6153846153846154,0.23076923076923078,2.8461538461538463,1.6,2.1301775147928996,0.15384615384615385,0.0
TR499*0100*2000*01,36.0,19,0.9473684210526315,0.2222222222222222,0.2777777777777778,0.1111111111111111,0.2777777777777778,0.05555555555555555,0.05555555555555555,0.5,0.3888888888888889,0.1111111111111111,0.5,0.3888888888888889,2.8333333333333335,1.0,2.138888888888889,0.05263157894736842,0.15789473684210525
TR502*0100*2000*01,31.0,15,1.0,0.2,0.26666666666666666,0.2,0.26666666666666666,0.06666666666666667,0.0,0.4666666666666667,0.4666666666666667,0.06666666666666667,0.5333333333333333,0.3333333333333333,2.7333333333333334,1.1428571428571428,1.5288888888888887,0.0,0.13333333333333333
TR506*0100*2000*01,29.0,22,0.9545454545454546,0.3333333333333333,0.19047619047619047,0.38095238095238093,0.047619047619047616,0.0,0.047619047619047616,0.5238095238095238,0.42857142857142855,0.047619047619047616,0.47619047619047616,0.09523809523809523,2.3333333333333335,0.9090909090909091,1.5555555555555554,0.18181818181818182,0.18181818181818182
TR514*0100*2000*01,32.0,18,1.0,0.2222222222222222,0.2777777777777778,0.3333333333333333,0.05555555555555555,0.0,0.1111111111111111,0.5,0.3888888888888889,0.1111111111111111,0.5,0.16666666666666666,2.6666666666666665,1.0,2.1111111111111116,0.1111111111111111,0.1111111111111111
TR515*0100*2000*01,22.0,23,1.0,0.2608695652173913,0.17391304347826086,0.4782608695652174,0.043478260869565216,0.0,0.043478260869565216,0.43478260869565216,0.5217391304347826,0.043478260869565216,0.5652173913043478,0.08695652173913043,2.4782608695652173,1.3,1.379962192816635,0.043478260869565216,0.13043478260869565
TR516*0100*2000*01,25.0,14,1.0,0.2857142857142857,0.2857142857142857,0.21428571428571427,0.14285714285714285,0.07142857142857142,0.0,0.5714285714285714,0.35714285714285715,0.07142857142857142,0.42857142857142855,0.21428571428571427,2.4285714285714284,0.75,1.5306122448979593,0.07142857142857142,0.2857142857142857
TR518*0100*2000*01,27.0,16,1.0,0.125,0.4375,0.1875,0.1875,0.0,0.0625,0.5625,0.375,0.0625,0.4375,0.25,2.6875,0.7777777777777778,1.58984375,0.0,0.125
TR525*0100*2000*01,24.0,18,0.9444444444444444,0.23529411764705882,0.23529411764705882,0.23529411764705882,0.23529411764705882,0.058823529411764705,0.0,0.47058823529411764,0.47058823529411764,0.058823529411764705,0.5294117647058824,0.29411764705882354,2.6470588235294117,1.125,1.5224913494809689,0.1111111111111111,0.1111111111111111
TR527*0100*2000*01,29.0,27,1.0,0.4444444444444444,0.37037037037037035,0.07407407407407407,0.07407407407407407,0.0,0.037037037037037035,0.8148148148148148,0.14814814814814814,0.037037037037037035,0.18518518518518517,0.1111111111111111,1.9259259259259258,0.22727272727272727,1.4019204389574766,0.037037037037037035,0.2962962962962963
TR84*0100*2000*01,32.0,28,1.0,0.25,0.17857142857142858,0.4642857142857143,0.10714285714285714,0.0,0.0,0.42857142857142855,0.5714285714285714,0.0,0.5714285714285714,0.10714285714285714,2.4285714285714284,1.3333333333333333,0.9591836734693879,0.07142857142857142,0.21428571428571427
TR534*0100*2000*01,35.0,14,1.0,0.14285714285714285,0.35714285714285715,0.21428571428571427,0.14285714285714285,0.14285714285714285,0.0,0.5,0.35714285714285715,0.14285714285714285,0.5,0.2857142857142857,2.7857142857142856,1.0,1.5969387755102036,0.2857142857142857,0.21428571428571427
TR536*0100*2000*01,31.0,21,1.0,0.3333333333333333,0.2857142857142857,0.14285714285714285,0.14285714285714285,0.09523809523809523,0.0,0.6190476190476191,0.2857142857142857,0.09523809523809523,0.38095238095238093,0.23809523809523808,2.380952380952381,0.6153846153846154,1.7596371882086173,0.0,0.19047619047619047
TR540*0100*2000*01,23.0,16,1.0,0.3125,0.1875,0.3125,0.125,0.0,0.0625,0.5,0.4375,0.0625,0.5,0.1875,2.5,1.0,1.875,0.1875,0.0
TR544*0100*2000*01,23.0,15,1.0,0.4,0.2,0.13333333333333333,0.0,0.2,0.06666666666666667,0.6,0.13333333333333333,0.26666666666666666,0.4,0.26666666666666666,2.6,0.6666666666666666,3.0399999999999996,0.13333333333333333,0.0
TR547*0100*2000*01,24.0,18,1.0,0.2222222222222222,0.3333333333333333,0.1111111111111111,0.1111111111111111,0.1111111111111111,0.1111111111111111,0.5555555555555556,0.2222222222222222,0.2222222222222222,0.4444444444444444,0.3333333333333333,2.888888888888889,0.8,2.765432098765432,0.2222222222222222,0.05555555555555555
TR556*0100*2000*01,32.0,20,0.95,0.3684210526315789,0.10526315789473684,0.47368421052631576,0.0,0.05263157894736842,0.0,0.47368421052631576,0.47368421052631576,0.05263157894736842,0.5263157894736842,0.05263157894736842,2.263157894736842,1.1111111111111112,1.2465373961218837,0.05,0.1
TR557*0100*2000*01,21.0,12,1.0,0.3333333333333333,0.08333333333333333,0.3333333333333333,0.08333333333333333,0.08333333333333333,0.08333333333333333,0.4166666666666667,0.4166666666666667,0.16666666666666666,0.5833333333333334,0.25,2.75,1.4,2.5208333333333335,0.08333333333333333,0.0
TR558*0100*2000*01,24.0,19,1.0,0.21052631578947367,0.3157894736842105,0.21052631578947367,0.21052631578947367,0.05263157894736842,0.0,0.5263157894736842,0.42105263157894735,0.05263157894736842,0.47368421052631576,0.2631578947368421,2.5789473684210527,0.9,1.4016620498614958,0.05263157894736842,0.05263157894736842
TR44*0100*2000*01,34.0,21,1.0,0.14285714285714285,0.23809523809523808,0.38095238095238093,0.14285714285714285,0.0,0.09523809523809523,0.38095238095238093,0.5238095238095238,0.09523809523809523,0.6190476190476191,0.23809523809523808,2.9047619047619047,1.625,1.800453514739229,0.047619047619047616,0.047619047619047616
TR46*0100*2000*01,37.0,24,1.0,0.16666666666666666,0.20833333333333334,0.2916666666666667,0.25,0.0,0.08333333333333333,0.375,0.5416666666666666,0.08333333333333333,0.625,0.3333333333333333,2.9583333333333335,1.6666666666666667,1.873263888888889,0.041666666666666664,0.08333333333333333
TR49*0100*2000*01,27.0,21,1.0,0.2857142857142857,0.23809523809523808,0.23809523809523808,0.23809523809523808,0.0,0.0,0.5238095238095238,0.47619047619047616,0.0,0.47619047619047616,0.23809523809523808,2.4285714285714284,0.9090909090909091,1.2925170068027212,0.047619047619047616,0.14285714285714285
TR52*0100*2000*01,26.0,19,1.0,0.2631578947368421,0.2631578947368421,0.2631578947368421,0.05263157894736842,0.05263157894736842,0.10526315789473684,0.5263157894736842,0.3157894736842105,0.15789473684210525,0.47368421052631576,0.21052631578947367,2.6842105263157894,0.9,2.426592797783934,0.10526315789473684,0.15789473684210525
TR559*0100*2000*01,25.0,32,1.0,0.40625,0.3125,0.1875,0.0625,0.03125,0.0,0.71875,0.25,0.03125,0.28125,0.09375,2.0,0.391304347826087,1.125,0.09375,0.0625
TR560*0100*2000*01,23.0,14,1.0,0.21428571428571427,0.21428571428571427,0.2857142857142857,0.2857142857142857,0.0,0.0,0.42857142857142855,0.5714285714285714,0.0,0.5714285714285714,0.2857142857142857,2.642857142857143,1.3333333333333333,1.2295918367346936,0.14285714285714285,0.0
TR562*0100*2000*01,23.0,15,1.0,0.2,0.4,0.2,0.2,0.0,0.0,0.6,0.4,0.0,0.4,0.2,2.4,0.6666666666666666,1.04,0.26666666666666666,0.0
TR563*0100*2000*01,28.0,22,1.0,0.13636363636363635,0.36363636363636365,0.3181818181818182,0.09090909090909091,0.0,0.09090909090909091,0.5,0.4090909090909091,0.09090909090909091,0.5,0.18181818181818182,2.727272727272727,1.0,1.7438016528925617,0.045454545454545456,0.18181818181818182
TR567*0100*2000*01,28.0,17,1.0,0.17647058823529413,0.23529411764705882,0.23529411764705882,0.29411764705882354,0.0,0.058823529411764705,0.4117647058823529,0.5294117647058824,0.058823529411764705,0.5882352941176471,0.35294117647058826,2.8823529411764706,1.4285714285714286,1.7508650519031141,0.11764705882352941,0.0
TR569*0100*2000*01,16.0,20,0.95,0.3157894736842105,0.3157894736842105,0.15789473684210525,0.15789473684210525,0.05263157894736842,0.0,0.631578947368421,0.3157894736842105,0.05263157894736842,0.3684210526315789,0.21052631578947367,2.3157894736842106,0.5833333333333334,1.479224376731302,0.15,0.3
TR570*0100*2000*01,37.0,33,0.9393939393939394,0.0967741935483871,0.25806451612903225,0.3548387096774194,0.22580645161290322,0.0,0.06451612903225806,0.3548387096774194,0.5806451612903226,0.06451612903225806,0.6451612903225806,0.2903225806451613,2.967741935483871,1.8181818181818181,1.4505723204994796,0.24242424242424243,0.12121212121212122
TR576*0100*2000*01,34.0,25,1.0,0.2,0.24,0.36,0.12,0.04,0.04,0.44,0.48,0.08,0.56,0.2,2.68,1.2727272727272727,1.5776000000000001,0.08,0.0
TR577*0100*2000*01,29.0,12,1.0,0.16666666666666666,0.3333333333333333,0.25,0.16666666666666666,0.0,0.08333333333333333,0.5,0.4166666666666667,0.08333333333333333,0.5,0.25,2.75,1.0,1.8541666666666667,0.08333333333333333,0.08333333333333333
TR87*0100*2000*01,31.0,19,1.0,0.15789473684210525,0.3157894736842105,0.3157894736842105,0.15789473684210525,0.05263157894736842,0.0,0.47368421052631576,0.47368421052631576,0.05263157894736842,0.5263157894736842,0.21052631578947367,2.6315789473684212,1.1111111111111112,1.1800554016620497,0.10526315789473684,0.05263157894736842
TR580*0100*2000*01,34.0,20,1.0,0.3,0.35,0.15,0.15,0.0,0.05,0.65,0.3,0.05,0.35,0.2,2.35,0.5384615384615384,1.7274999999999998,0.1,0.25
TR581*0100*2000*01,20.0,19,0.9473684210526315,0.3888888888888889,0.16666666666666666,0.3333333333333333,0.05555555555555555,0.0,0.05555555555555555,0.5555555555555556,0.3888888888888889,0.05555555555555555,0.4444444444444444,0.1111111111111111,2.2777777777777777,0.8,1.7561728395061726,0.10526315789473684,0.15789473684210525
TR583*0100*2000*01,24.0,18,1.0,0.2777777777777778,0.2777777777777778,0.2777777777777778,0.1111111111111111,0.0,0.05555555555555555,0.5555555555555556,0.3888888888888889,0.05555555555555555,0.4444444444444444,0.16666666666666666,2.4444444444444446,0.8,1.691358024691358,0.1111111111111111,0.1111111111111111
TR585*0100*2000*01,36.0,25,1.0,0.44,0.2,0.24,0.12,0.0,0.0,0.64,0.36,0.0,0.36,0.12,2.04,0.5625,1.1584,0.16,0.12
TR586*0100*2000*01,30.0,18,0.9444444444444444,0.35294117647058826,0.29411764705882354,0.17647058823529413,0.17647058823529413,0.0,0.0,0.6470588235294118,0.35294117647058826,0.0,0.35294117647058826,0.17647058823529413,2.176470588235294,0.5454545454545454,1.204152249134948,0.1111111111111111,0.2222222222222222
TR588*0100*2000*01,21.0,22,0.9545454545454546,0.38095238095238093,0.14285714285714285,0.14285714285714285,0.2857142857142857,0.047619047619047616,0.0,0.5238095238095238,0.42857142857142855,0.047619047619047616,0.47619047619047616,0.3333333333333333,2.4761904761904763,0.9090909090909091,1.8684807256235825,0.0,0.09090909090909091
TR592*0100*2000*01,29.0,19,1.0,0.10526315789473684,0.3157894736842105,0.3684210526315789,0.21052631578947367,0.0,0.0,0.42105263157894735,0.5789473684210527,0.0,0.5789473684210527,0.21052631578947367,2.6842105263157894,1.375,0.847645429362881,0.10526315789473684,0.05263157894736842
TR593*0100*2000*01,36.0,15,1.0,0.26666666666666666,0.26666666666666666,0.26666666666666666,0.13333333333333333,0.06666666666666667,0.0,0.5333333333333333,0.4,0.06666666666666667,0.4666666666666667,0.2,2.466666666666667,0.875,1.448888888888889,0.13333333333333333,0.06666666666666667
TR595*0100*2000*01,32.0,13,1.0,0.3076923076923077,0.15384615384615385,0.23076923076923078,0.15384615384615385,0.0,0.15384615384615385,0.46153846153846156,0.38461538461538464,0.15384615384615385,0.5384615384615384,0.3076923076923077,2.8461538461538463,1.1666666666666667,2.899408284023669,0.15384615384615385,0.23076923076923078
TR596*0100*2000*01,28.0,17,0.9411764705882353,0.5,0.0625,0.1875,0.125,0.0,0.125,0.5625,0.3125,0.125,0.4375,0.25,2.4375,0.7777777777777778,2.99609375,0.17647058823529413,0.058823529411764705
TR597*0100*2000*01,36.0,30,0.9666666666666667,0.034482758620689655,0.3103448275862069,0.41379310344827586,0.10344827586206896,0.06896551724137931,0.06896551724137931,0.3448275862068966,0.5172413793103449,0.13793103448275862,0.6551724137931034,0.2413793103448276,3.0689655172413794,1.9,1.4435196195005946,0.13333333333333333,0.13333333333333333
TR598*0100*2000*01,34.0,17,0.9411764705882353,0.0625,0.3125,0.4375,0.1875,0.0,0.0,0.375,0.625,0.0,0.625,0.1875,2.75,1.6666666666666667,0.6875,0.17647058823529413,0.17647058823529413
TR604*0100*2000*01,38.0,15,1.0,0.2,0.13333333333333333,0.4,0.06666666666666667,0.13333333333333333,0.06666666666666667,0.3333333333333333,0.4666666666666667,0.2,0.6666666666666666,0.26666666666666666,3.0,2.0,2.1333333333333333,0.0,0.0
TR605*0100*2000*01,25.0,38,0.9210526315789473,0.3142857142857143,0.22857142857142856,0.3142857142857143,0.11428571428571428,0.0,0.02857142857142857,0.5428571428571428,0.42857142857142855,0.02857142857142857,0.45714285714285713,0.14285714285714285,2.342857142857143,0.8421052631578947,1.4253061224489796,0.05263157894736842,0.15789473684210525
TR608*0100*2000*01,26.0,17,1.0,0.35294117647058826,0.23529411764705882,0.23529411764705882,0.17647058823529413,0.0,0.0,0.5882352941176471,0.4117647058823529,0.0,0.4117647058823529,0.17647058823529413,2.235294117647059,0.7,1.2387543252595155,0.058823529411764705,0.058823529411764705
TR609*0100*2000*01,36.0,20,1.0,0.25,0.2,0.35,0.1,0.05,0.05,0.45,0.45,0.1,0.55,0.2,2.65,1.2222222222222223,1.8275,0.1,0.15
TR611*0100*2000*01,21.0,22,0.9090909090909091,0.05,0.6,0.3,0.0,0.0,0.05,0.65,0.3,0.05,0.35,0.05,2.45,0.5384615384615384,0.9475000000000001,0.13636363636363635,0.2727272727272727
TR613*0100*2000*01,28.0,20,1.0,0.2,0.25,0.45,0.1,0.0,0.0,0.45,0.55,0.0,0.55,0.1,2.45,1.2222222222222223,0.8474999999999998,0.1,0.2
TR615*0100*2000*01,27.0,29,1.0,0.41379310344827586,0.27586206896551724,0.20689655172413793,0.034482758620689655,0.034482758620689655,0.034482758620689655,0.6896551724137931,0.2413793103448276,0.06896551724137931,0.3103448275862069,0.10344827586206896,2.103448275862069,0.45,1.6099881093935788,0.0,0.10344827586206896
TR618*0100*2000*01,34.0,17,1.0,0.29411764705882354,0.17647058823529413,0.29411764705882354,0.17647058823529413,0.0,0.058823529411764705,0.47058823529411764,0.47058823529411764,0.058823529411764705,0.5294117647058824,0.23529411764705882,2.588235294117647,1.125,1.8892733564013842,0.0,0.058823529411764705
TR619*0100*2000*01,31.0,21,0.9523809523809523,0.25,0.2,0.45,0.05,0.05,0.0,0.45,0.5,0.05,0.55,0.1,2.45,1.2222222222222223,1.1474999999999997,0.14285714285714285,0.047619047619047616
TR622*0100*2000*01,30.0,28,1.0,0.32142857142857145,0.25,0.21428571428571427,0.17857142857142858,0.0,0.03571428571428571,0.5714285714285714,0.39285714285714285,0.03571428571428571,0.42857142857142855,0.21428571428571427,2.392857142857143,0.75,1.6670918367346943,0.14285714285714285,0.14285714285714285
TR623*0100*2000*01,29.0,19,1.0,0.15789473684210525,0.42105263157894735,0.21052631578947367,0.21052631578947367,0.0,0.0,0.5789473684210527,0.42105263157894735,0.0,0.42105263157894735,0.21052631578947367,2.473684210526316,0.7272727272727273,0.9861495844875346,0.05263157894736842,0.2631578947368421
TR625*0100*2000*01,28.0,16,1.0,0.3125,0.3125,0.25,0.0625,0.0625,0.0,0.625,0.3125,0.0625,0.375,0.125,2.25,0.6,1.3125,0.125,0.125
TR626*0100*2000*01,34.0,21,0.9523809523809523,0.25,0.2,0.3,0.1,0.1,0.05,0.45,0.4,0.15,0.55,0.25,2.75,1.2222222222222223,2.0875,0.14285714285714285,0.19047619047619047
TR627*0100*2000*01,27.0,10,0.9,0.4444444444444444,0.1111111111111111,0.2222222222222222,0.1111111111111111,0.0,0.1111111111111111,0.5555555555555556,0.3333333333333333,0.1111111111111111,0.4444444444444444,0.2222222222222222,2.4444444444444446,0.8,2.691358024691358,0.0,0.3
TR630*0100*2000*01,28.0,10,0.9,0.3333333333333333,0.3333333333333333,0.2222222222222222,0.1111111111111111,0.0,0.0,0.6666666666666666,0.3333333333333333,0.0,0.3333333333333333,0.1111111111111111,2.111111111111111,0.5,0.9876543209876544,0.1,0.2
TR632*0100*2000*01,18.0,10,1.0,0.6,0.2,0.1,0.0,0.1,0.0,0.8,0.1,0.1,0.2,0.1,1.8,0.25,1.56,0.0,0.2
TR633*0100*2000*01,29.0,14,1.0,0.42857142857142855,0.14285714285714285,0.2857142857142857,0.14285714285714285,0.0,0.0,0.5714285714285714,0.42857142857142855,0.0,0.42857142857142855,0.14285714285714285,2.142857142857143,0.75,1.2653061224489794,0.14285714285714285,0.14285714285714285
TR90*0100*2000*01,39.0,25,1.0,0.32,0.24,0.16,0.16,0.08,0.04,0.56,0.32,0.12,0.44,0.28,2.56,0.7857142857142857,2.1664,0.2,0.16
TR635*0100*2000*01,31.0,17,1.0,0.6470588235294118,0.058823529411764705,0.17647058823529413,0.058823529411764705,0.058823529411764705,0.0,0.7058823529411765,0.23529411764705882,0.058823529411764705,0.29411764705882354,0.11764705882352941,1.8235294117647058,0.4166666666666667,1.5570934256055364,0.11764705882352941,0.0
TR636*0100*2000*01,34.0,37,1.0,0.16216216216216217,0.2702702702702703,0.35135135135135137,0.05405405405405406,0.02702702702702703,0.13513513513513514,0.43243243243243246,0.40540540540540543,0.16216216216216217,0.5675675675675675,0.21621621621621623,2.918918918918919,1.3125,2.290723155588021,0.08108108108108109,0.13513513513513514
TR644*0100*2000*01,29.0,16,0.9375,0.3333333333333333,0.2,0.26666666666666666,0.2,0.0,0.0,0.5333333333333333,0.4666666666666667,0.0,0.4666666666666667,0.2,2.3333333333333335,0.875,1.2888888888888888,0.125,0.1875
TR645*0100*2000*01,25.0,12,1.0,0.16666666666666666,0.3333333333333333,0.25,0.25,0.0,0.0,0.5,0.5,0.0,0.5,0.25,2.5833333333333335,1.0,1.076388888888889,0.0,0.16666666666666666
TR646*0100*2000*01,26.0,13,1.0,0.15384615384615385,0.23076923076923078,0.3076923076923077,0.23076923076923078,0.0,0.07692307692307693,0.38461538461538464,0.5384615384615384,0.07692307692307693,0.6153846153846154,0.3076923076923077,2.923076923076923,1.6,1.7633136094674557,0.23076923076923078,0.15384615384615385
TR647*0100*2000*01,19.0,12,1.0,0.5,0.25,0.16666666666666666,0.08333333333333333,0.0,0.0,0.75,0.25,0.0,0.25,0.08333333333333333,1.8333333333333333,0.3333333333333333,0.9722222222222223,0.08333333333333333,0.16666666666666666
TR649*0100*2000*01,24.0,26,1.0,0.34615384615384615,0.23076923076923078,0.2692307692307692,0.07692307692307693,0.038461538461538464,0.038461538461538464,0.5769230769230769,0.34615384615384615,0.07692307692307693,0.4230769230769231,0.15384615384615385,2.3461538461538463,0.7333333333333333,1.7647928994082842,0.11538461538461539,0.11538461538461539
TR651*0100*2000*01,36.0,21,0.9523809523809523,0.3,0.2,0.3,0.15,0.0,0.05,0.5,0.45,0.05,0.5,0.2,2.5,1.0,1.75,0.047619047619047616,0.2857142857142857
TR653*0100*2000*01,26.0,24,1.0,0.4166666666666667,0.16666666666666666,0.16666666666666666,0.08333333333333333,0.0,0.16666666666666666,0.5833333333333334,0.25,0.16666666666666666,0.4166666666666667,0.25,2.5833333333333335,0.7142857142857143,3.243055555555556,0.041666666666666664,0.08333333333333333
TR654*0100*2000*01,23.0,14,1.0,0.2857142857142857,0.35714285714285715,0.21428571428571427,0.07142857142857142,0.0,0.07142857142857142,0.6428571428571429,0.2857142857142857,0.07142857142857142,0.35714285714285715,0.14285714285714285,2.357142857142857,0.5555555555555556,1.8010204081632648,0.14285714285714285,0.2857142857142857
TR655*0100*2000*01,39.0,26,0.9615384615384616,0.24,0.2,0.28,0.16,0.04,0.08,0.44,0.44,0.12,0.56,0.28,2.8,1.2727272727272727,2.16,0.15384615384615385,0.038461538461538464
TR658*0100*2000*01,33.0,17,1.0,0.35294117647058826,0.17647058823529413,0.29411764705882354,0.058823529411764705,0.058823529411764705,0.058823529411764705,0.5294117647058824,0.35294117647058826,0.11764705882352941,0.47058823529411764,0.17647058823529413,2.4705882352941178,0.8888888888888888,2.131487889273356,0.11764705882352941,0.058823529411764705
TR662*0100*2000*01,19.0,15,0.9333333333333333,0.21428571428571427,0.21428571428571427,0.42857142857142855,0.0,0.0,0.14285714285714285,0.42857142857142855,0.42857142857142855,0.14285714285714285,0.5714285714285714,0.14285714285714285,2.7857142857142856,1.3333333333333333,2.311224489795918,0.13333333333333333,0.26666666666666666
TR663*0100*2000*01,29.0,23,0.9565217391304348,0.4090909090909091,0.2727272727272727,0.22727272727272727,0.09090909090909091,0.0,0.0,0.6818181818181818,0.3181818181818182,0.0,0.3181818181818182,0.09090909090909091,2.0,0.4666666666666667,1.0,0.17391304347826086,0.08695652173913043
TR664*0100*2000*01,29.0,26,0.9615384615384616,0.44,0.08,0.36,0.08,0.0,0.04,0.52,0.44,0.04,0.48,0.12,2.24,0.9230769230769231,1.7024000000000001,0.19230769230769232,0.038461538461538464
TR665*0100*2000*01,31.0,19,1.0,0.2631578947368421,0.3157894736842105,0.21052631578947367,0.10526315789473684,0.10526315789473684,0.0,0.5789473684210527,0.3157894736842105,0.10526315789473684,0.42105263157894735,0.21052631578947367,2.473684210526316,0.7272727272727273,1.6177285318559556,0.10526315789473684,0.15789473684210525
TR668*0100*2000*01,26.0,23,1.0,0.30434782608695654,0.34782608695652173,0.2608695652173913,0.08695652173913043,0.0,0.0,0.6521739130434783,0.34782608695652173,0.0,0.34782608695652173,0.08695652173913043,2.130434782608696,0.5333333333333333,0.8960302457466918,0.043478260869565216,0.34782608695652173
TR669*0100*2000*01,27.0,18,1.0,0.16666666666666666,0.2222222222222222,0.2777777777777778,0.2777777777777778,0.0,0.05555555555555555,0.3888888888888889,0.5555555555555556,0.05555555555555555,0.6111111111111112,0.3333333333333333,2.888888888888889,1.5714285714285714,1.654320987654321,0.16666666666666666,0.05555555555555555
TR670*0100*2000*01,24.0,16,1.0,0.3125,0.375,0.25,0.0625,0.0,0.0,0.6875,0.3125,0.0,0.3125,0.0625,2.0625,0.45454545454545453,0.80859375,0.125,0.1875
TR671*0100*2000*01,28.0,21,1.0,0.14285714285714285,0.23809523809523808,0.23809523809523808,0.19047619047619047,0.19047619047619047,0.0,0.38095238095238093,0.42857142857142855,0.19047619047619047,0.6190476190476191,0.38095238095238093,3.0476190476190474,1.625,1.759637188208617,0.14285714285714285,0.047619047619047616
TR92*0100*2000*01,27.0,27,1.0,0.4074074074074074,0.25925925925925924,0.1111111111111111,0.18518518518518517,0.037037037037037035,0.0,0.6666666666666666,0.2962962962962963,0.037037037037037035,0.3333333333333333,0.2222222222222222,2.185185185185185,0.5,1.558299039780521,0.07407407407407407,0.1111111111111111
TR675*0100*2000*01,22.0,17,1.0,0.17647058823529413,0.23529411764705882,0.47058823529411764,0.11764705882352941,0.0,0.0,0.4117647058823529,0.5882352941176471,0.0,0.5882352941176471,0.11764705882352941,2.5294117647058822,1.4285714285714286,0.8373702422145329,0.17647058823529413,0.17647058823529413
TR676*0100*2000*01,24.0,19,1.0,0.21052631578947367,0.2631578947368421,0.3684210526315789,0.05263157894736842,0.0,0.10526315789473684,0.47368421052631576,0.42105263157894735,0.10526315789473684,0.5263157894736842,0.15789473684210525,2.6842105263157894,1.1111111111111112,2.005540166204986,0.10526315789473684,0.05263157894736842
TR679*0100*2000*01,32.0,14,1.0,0.21428571428571427,0.21428571428571427,0.14285714285714285,0.2857142857142857,0.07142857142857142,0.07142857142857142,0.42857142857142855,0.42857142857142855,0.14285714285714285,0.5714285714285714,0.42857142857142855,3.0,1.3333333333333333,2.2857142857142856,0.0,0.07142857142857142
TR680*0100*2000*01,30.0,15,1.0,0.2,0.26666666666666666,0.13333333333333333,0.3333333333333333,0.0,0.06666666666666667,0.4666666666666667,0.4666666666666667,0.06666666666666667,0.5333333333333333,0.4,2.8666666666666667,1.1428571428571428,1.9822222222222226,0.06666666666666667,0.06666666666666667
TR683*0100*2000*01,22.0,19,1.0,0.42105263157894735,0.2631578947368421,0.21052631578947367,0.05263157894736842,0.0,0.05263157894736842,0.6842105263157895,0.2631578947368421,0.05263157894736842,0.3157894736842105,0.10526315789473684,2.1052631578947367,0.46153846153846156,1.673130193905817,0.0,0.05263157894736842
TR685*0100*2000*01,27.0,21,1.0,0.38095238095238093,0.19047619047619047,0.2857142857142857,0.14285714285714285,0.0,0.0,0.5714285714285714,0.42857142857142855,0.0,0.42857142857142855,0.14285714285714285,2.1904761904761907,0.75,1.201814058956916,0.14285714285714285,0.09523809523809523
TR686*0100*2000*01,36.0,22,0.9545454545454546,0.19047619047619047,0.5238095238095238,0.09523809523809523,0.14285714285714285,0.0,0.047619047619047616,0.7142857142857143,0.23809523809523808,0.047619047619047616,0.2857142857142857,0.19047619047619047,2.380952380952381,0.4,1.473922902494331,0.045454545454545456,0.18181818181818182
TR692*0100*2000*01,23.0,26,1.0,0.3076923076923077,0.34615384615384615,0.2692307692307692,0.07692307692307693,0.0,0.0,0.6538461538461539,0.34615384615384615,0.0,0.34615384615384615,0.07692307692307693,2.1153846153846154,0.5294117647058824,0.871301775147929,0.0,0.038461538461538464
TR693*0100*2000*01,25.0,19,1.0,0.3684210526315789,0.2631578947368421,0.15789473684210525,0.10526315789473684,0.05263157894736842,0.05263157894736842,0.631578947368421,0.2631578947368421,0.10526315789473684,0.3684210526315789,0.21052631578947367,2.3684210526315788,0.5833333333333334,2.127423822714681,0.15789473684210525,0.0
TR694*0100*2000*01,32.0,25,1.0,0.32,0.2,0.36,0.08,0.0,0.04,0.52,0.44,0.04,0.48,0.12,2.36,0.9230769230769231,1.5104000000000002,0.12,0.16
TR695*0100*2000*01,32.0,20,1.0,0.2,0.35,0.3,0.1,0.0,0.05,0.55,0.4,0.05,0.45,0.15,2.5,0.8181818181818182,1.45,0.05,0.2
TR698*0100*2000*01,31.0,20,1.0,0.15,0.2,0.55,0.05,0.0,0.05,0.35,0.6,0.05,0.65,0.1,2.7,1.8571428571428572,1.21,0.05,0.05
TR699*0100*2000*01,25.0,17,1.0,0.23529411764705882,0.23529411764705882,0.29411764705882354,0.17647058823529413,0.0,0.058823529411764705,0.47058823529411764,0.47058823529411764,0.058823529411764705,0.5294117647058824,0.23529411764705882,2.6470588235294117,1.125,1.757785467128028,0.11764705882352941,0.058823529411764705
TR59*0100*2000*01,24.0,22,1.0,0.22727272727272727,0.4090909090909091,0.22727272727272727,0.09090909090909091,0.0,0.045454545454545456,0.6363636363636364,0.3181818181818182,0.045454545454545456,0.36363636363636365,0.13636363636363635,2.3636363636363638,0.5714285714285714,1.4132231404958675,0.18181818181818182,0.13636363636363635
TR60*0100*2000*01,23.0,18,0.9444444444444444,0.35294117647058826,0.4117647058823529,0.17647058823529413,0.0,0.0,0.058823529411764705,0.7647058823529411,0.17647058823529413,0.058823529411764705,0.23529411764705882,0.058823529411764705,2.0588235294117645,0.3076923076923077,1.4671280276816612,0.05555555555555555,0.1111111111111111
TR61*0100*2000*01,27.0,32,0.96875,0.25806451612903225,0.3225806451612903,0.1935483870967742,0.0967741935483871,0.0,0.12903225806451613,0.5806451612903226,0.2903225806451613,0.12903225806451613,0.41935483870967744,0.22580645161290322,2.6451612903225805,0.7222222222222222,2.486992715920917,0.0625,0.15625
TR62*0100*2000*01,27.0,12,0.9166666666666666,0.45454545454545453,0.0,0.2727272727272727,0.18181818181818182,0.0,0.09090909090909091,0.45454545454545453,0.45454545454545453,0.09090909090909091,0.5454545454545454,0.2727272727272727,2.5454545454545454,1.2,2.611570247933884,0.08333333333333333,0.16666666666666666
TR67*0100*2000*01,31.0,14,1.0,0.2857142857142857,0.14285714285714285,0.5,0.07142857142857142,0.0,0.0,0.42857142857142855,0.5714285714285714,0.0,0.5714285714285714,0.07142857142857142,2.357142857142857,1.3333333333333333,0.9438775510204082,0.21428571428571427,0.07142857142857142
TR69*0100*2000*01,30.0,12,1.0,0.3333333333333333,0.25,0.25,0.16666666666666666,0.0,0.0,0.5833333333333334,0.4166666666666667,0.0,0.4166666666666667,0.16666666666666666,2.25,0.7142857142857143,1.1875,0.0,0.16666666666666666
TR71*0100*2000*01,33.0,18,1.0,0.2777777777777778,0.1111111111111111,0.4444444444444444,0.0,0.05555555555555555,0.1111111111111111,0.3888888888888889,0.4444444444444444,0.16666666666666666,0.6111111111111112,0.16666666666666666,2.7777777777777777,1.5714285714285714,2.3950617283950617,0.16666666666666666,0.05555555555555555
TR73*0100*2000*01,37.0,27,1.0,0.2962962962962963,0.2222222222222222,0.25925925925925924,0.1111111111111111,0.1111111111111111,0.0,0.5185185185185185,0.37037037037037035,0.1111111111111111,0.48148148148148145,0.2222222222222222,2.5185185185185186,0.9285714285714286,1.7311385459533608,0.14814814814814814,0.07407407407407407
TR76*0100*2000*01,29.0,22,1.0,0.18181818181818182,0.22727272727272727,0.4090909090909091,0.09090909090909091,0.045454545454545456,0.045454545454545456,0.4090909090909091,0.5,0.09090909090909091,0.5909090909090909,0.18181818181818182,2.727272727272727,1.4444444444444444,1.56198347107438,0.09090909090909091,0.18181818181818182
TR701*0100*2000*01,35.0,18,0.8888888888888888,0.1875,0.375,0.3125,0.0625,0.0625,0.0,0.5625,0.375,0.0625,0.4375,0.125,2.4375,0.7777777777777778,1.12109375,0.2222222222222222,0.16666666666666666
TR713*0100*2000*01,24.0,20,0.95,0.15789473684210525,0.21052631578947367,0.15789473684210525,0.3157894736842105,0.05263157894736842,0.10526315789473684,0.3684210526315789,0.47368421052631576,0.15789473684210525,0.631578947368421,0.47368421052631576,3.210526315789474,1.7142857142857142,2.2714681440443214,0.1,0.15
TR715*0100*2000*01,27.0,22,1.0,0.22727272727272727,0.18181818181818182,0.22727272727272727,0.22727272727272727,0.09090909090909091,0.045454545454545456,0.4090909090909091,0.45454545454545453,0.13636363636363635,0.5909090909090909,0.36363636363636365,2.909090909090909,1.4444444444444444,2.0826446280991737,0.13636363636363635,0.045454545454545456
TR716*0100*2000*01,23.0,21,1.0,0.2857142857142857,0.19047619047619047,0.2857142857142857,0.047619047619047616,0.09523809523809523,0.09523809523809523,0.47619047619047616,0.3333333333333333,0.19047619047619047,0.5238095238095238,0.23809523809523808,2.761904761904762,1.1,2.5623582766439905,0.047619047619047616,0.0
TR718*0100*2000*01,29.0,17,0.9411764705882353,0.25,0.25,0.3125,0.125,0.0625,0.0,0.5,0.4375,0.0625,0.5,0.1875,2.5,1.0,1.375,0.17647058823529413,0.058823529411764705
TR719*0100*2000*01,19.0,9,1.0,0.1111111111111111,0.4444444444444444,0.2222222222222222,0.1111111111111111,0.0,0.1111111111111111,0.5555555555555556,0.3333333333333333,0.1111111111111111,0.4444444444444444,0.2222222222222222,2.7777777777777777,0.8,1.9506172839506175,0.0,0.2222222222222222
TR722*0100*2000*01,23.0,14,1.0,0.35714285714285715,0.14285714285714285,0.5,0.0,0.0,0.0,0.5,0.5,0.0,0.5,0.0,2.142857142857143,1.0,0.8367346938775511,0.07142857142857142,0.14285714285714285
TR723*0100*2000*01,28.0,16,1.0,0.25,0.375,0.375,0.0,0.0,0.0,0.625,0.375,0.0,0.375,0.0,2.125,0.6,0.609375,0.25,0.1875
TR724*0100*2000*01,34.0,23,0.9130434782608695,0.19047619047619047,0.2857142857142857,0.2857142857142857,0.23809523809523808,0.0,0.0,0.47619047619047616,0.5238095238095238,0.0,0.5238095238095238,0.23809523809523808,2.5714285714285716,1.1,1.1020408163265305,0.08695652173913043,0.13043478260869565
TR725*0100*2000*01,24.0,12,1.0,0.16666666666666666,0.3333333333333333,0.4166666666666667,0.0,0.0,0.08333333333333333,0.5,0.4166666666666667,0.08333333333333333,0.5,0.08333333333333333,2.5833333333333335,1.0,1.576388888888889,0.16666666666666666,0.4166666666666667
TR727*0100*2000*01,20.0,20,1.0,0.25,0.15,0.35,0.2,0.05,0.0,0.4,0.55,0.05,0.6,0.25,2.65,1.5,1.4275,0.1,0.15
TR728*0100*2000*01,27.0,10,0.9,0.2222222222222222,0.2222222222222222,0.4444444444444444,0.1111111111111111,0.0,0.0,0.4444444444444444,0.5555555555555556,0.0,0.5555555555555556,0.1111111111111111,2.4444444444444446,1.25,0.9135802469135802,0.1,0.1
TR731*0100*2000*01,36.0,26,1.0,0.3076923076923077,0.11538461538461539,0.15384615384615385,0.2692307692307692,0.07692307692307693,0.07692307692307693,0.4230769230769231,0.4230769230769231,0.15384615384615385,0.5769230769230769,0.4230769230769231,2.923076923076923,1.3636363636363635,2.609467455621302,0.11538461538461539,0.0
TR732*0100*2000*01,40.0,27,0.9629629629629629,0.19230769230769232,0.15384615384615385,0.38461538461538464,0.15384615384615385,0.07692307692307693,0.038461538461538464,0.34615384615384615,0.5384615384615384,0.11538461538461539,0.6538461538461539,0.2692307692307692,2.8846153846153846,1.8888888888888888,1.717455621301775,0.1111111111111111,0.14814814814814814
TR733*0100*2000*01,33.0,15,1.0,0.26666666666666666,0.3333333333333333,0.3333333333333333,0.06666666666666667,0.0,0.0,0.6,0.4,0.0,0.4,0.06666666666666667,2.2,0.6666666666666666,0.8266666666666668,0.13333333333333333,0.06666666666666667
TR734*0100*2000*01,37.0,24,1.0,0.20833333333333334,0.16666666666666666,0.375,0.20833333333333334,0.0,0.041666666666666664,0.375,0.5833333333333334,0.041666666666666664,0.625,0.25,2.75,1.6666666666666667,1.5208333333333333,0.125,0.16666666666666666
TR735*0100*2000*01,29.0,18,1.0,0.16666666666666666,0.2222222222222222,0.3333333333333333,0.16666666666666666,0.0,0.1111111111111111,0.3888888888888889,0.5,0.1111111111111111,0.6111111111111112,0.2777777777777778,2.9444444444444446,1.5714285714285714,2.0524691358024696,0.2777777777777778,0.0
TR737*0100*2000*01,26.0,17,0.9411764705882353,0.125,0.1875,0.25,0.3125,0.0625,0.0625,0.3125,0.5625,0.125,0.6875,0.4375,3.1875,2.2,1.77734375,0.11764705882352941,0.23529411764705882
TR757*0100*2000*01,26.0,18,1.0,0.2222222222222222,0.2222222222222222,0.3333333333333333,0.1111111111111111,0.05555555555555555,0.05555555555555555,0.4444444444444444,0.4444444444444444,0.1111111111111111,0.5555555555555556,0.2222222222222222,2.7222222222222223,1.25,1.867283950617284,0.05555555555555555,0.05555555555555555
TR740*0100*2000*01,33.0,24,0.9583333333333334,0.4782608695652174,0.17391304347826086,0.17391304347826086,0.13043478260869565,0.0,0.043478260869565216,0.6521739130434783,0.30434782608695654,0.043478260869565216,0.34782608695652173,0.17391304347826086,2.130434782608696,0.5333333333333333,1.8525519848771268,0.08333333333333333,0.08333333333333333
TR746*0100*2000*01,29.0,19,1.0,0.42105263157894735,0.21052631578947367,0.2631578947368421,0.0,0.10526315789473684,0.0,0.631578947368421,0.2631578947368421,0.10526315789473684,0.3684210526315789,0.10526315789473684,2.1578947368421053,0.5833333333333334,1.6066481994459831,0.10526315789473684,0.05263157894736842
TR748*0100*2000*01,18.0,20,1.0,0.2,0.4,0.2,0.2,0.0,0.0,0.6,0.4,0.0,0.4,0.2,2.4,0.6666666666666666,1.04,0.15,0.3
TR749*0100*2000*01,39.0,24,0.9583333333333334,0.13043478260869565,0.21739130434782608,0.43478260869565216,0.17391304347826086,0.0,0.043478260869565216,0.34782608695652173,0.6086956521739131,0.043478260869565216,0.6521739130434783,0.21739130434782608,2.8260869565217392,1.875,1.274102079395085,0.16666666666666666,0.125
TR756*0100*2000*01,33.0,20,1.0,0.4,0.2,0.15,0.15,0.05,0.05,0.6,0.3,0.1,0.4,0.25,2.4,0.6666666666666666,2.24,0.15,0.0
TR795*0100*2000*01,34.0,23,0.9565217391304348,0.13636363636363635,0.2727272727272727,0.3181818181818182,0.22727272727272727,0.0,0.045454545454545456,0.4090909090909091,0.5454545454545454,0.045454545454545456,0.5909090909090909,0.2727272727272727,2.8181818181818183,1.4444444444444444,1.421487603305785,0.08695652173913043,0.17391304347826086
TR796*0100*2000*01,40.0,23,1.0,0.34782608695652173,0.21739130434782608,0.30434782608695654,0.043478260869565216,0.043478260869565216,0.043478260869565216,0.5652173913043478,0.34782608695652173,0.08695652173913043,0.43478260869565216,0.13043478260869565,2.347826086956522,0.7692307692307693,1.7920604914933835,0.043478260869565216,0.08695652173913043
TR798*0100*2000*01,24.0,15,1.0,0.4,0.13333333333333333,0.4,0.06666666666666667,0.0,0.0,0.5333333333333333,0.4666666666666667,0.0,0.4666666666666667,0.06666666666666667,2.1333333333333333,0.875,1.0488888888888888,0.0,0.0
TR799*0100*2000*01,35.0,26,0.9615384615384616,0.16,0.16,0.44,0.12,0.04,0.08,0.32,0.56,0.12,0.68,0.24,2.96,2.125,1.7984,0.15384615384615385,0.07692307692307693
TR800*0100*2000*01,34.0,20,1.0,0.2,0.35,0.3,0.1,0.0,0.05,0.55,0.4,0.05,0.45,0.15,2.5,0.8181818181818182,1.45,0.0,0.1
TR804*0100*2000*01,21.0,16,1.0,0.25,0.125,0.3125,0.25,0.0,0.0625,0.375,0.5625,0.0625,0.625,0.3125,2.8125,1.6666666666666667,1.90234375,0.0,0.0
TR806*0100*2000*01,29.0,25,1.0,0.32,0.12,0.36,0.04,0.08,0.08,0.44,0.4,0.16,0.56,0.2,2.68,1.2727272727272727,2.3775999999999997,0.12,0.16
TR808*0100*2000*01,28.0,12,0.8333333333333334,0.6,0.0,0.2,0.1,0.1,0.0,0.6,0.3,0.1,0.4,0.2,2.1,0.6666666666666666,2.09,0.0,0.16666666666666666
TR809*0100*2000*01,29.0,22,0.9545454545454546,0.5714285714285714,0.09523809523809523,0.14285714285714285,0.14285714285714285,0.047619047619047616,0.0,0.6666666666666666,0.2857142857142857,0.047619047619047616,0.3333333333333333,0.19047619047619047,2.0,0.5,1.7142857142857142,0.09090909090909091,0.2727272727272727
TR759*0100*2000*01,26.0,15,1.0,0.2,0.5333333333333333,0.26666666666666666,0.0,0.0,0.0,0.7333333333333333,0.26666666666666666,0.0,0.26666666666666666,0.0,2.066666666666667,0.36363636363636365,0.46222222222222215,0.13333333333333333,0.26666666666666666
TR814*0100*2000*01,30.0,23,1.0,0.6521739130434783,0.08695652173913043,0.17391304347826086,0.043478260869565216,0.043478260869565216,0.0,0.7391304347826086,0.21739130434782608,0.043478260869565216,0.2608695652173913,0.08695652173913043,1.7391304347826086,0.35294117647058826,1.323251417769376,0.0,0.043478260869565216
TR815*0100*2000*01,18.0,20,1.0,0.15,0.4,0.4,0.05,0.0,0.0,0.55,0.45,0.0,0.45,0.05,2.35,0.8181818181818182,0.6275,0.15,0.0
TR816*0100*2000*01,34.0,24,0.9166666666666666,0.45454545454545453,0.09090909090909091,0.2727272727272727,0.09090909090909091,0.09090909090909091,0.0,0.5454545454545454,0.36363636363636365,0.09090909090909091,0.45454545454545453,0.18181818181818182,2.272727272727273,0.8333333333333334,1.834710743801653,0.125,0.125
TR817*0100*2000*01,36.0,25,1.0,0.12,0.36,0.28,0.16,0.0,0.08,0.48,0.44,0.08,0.52,0.24,2.8,1.0833333333333333,1.68,0.12,0.04
TR820*0100*2000*01,34.0,24,0.9583333333333334,0.21739130434782608,0.2608695652173913,0.2608695652173913,0.13043478260869565,0.0,0.13043478260869565,0.4782608695652174,0.391304347826087,0.13043478260869565,0.5217391304347826,0.2608695652173913,2.8260869565217392,1.0909090909090908,2.4045368620037806,0.20833333333333334,0.16666666666666666
TR823*0100*2000*01,19.0,27,0.9629629629629629,0.3076923076923077,0.34615384615384615,0.15384615384615385,0.07692307692307693,0.0,0.11538461538461539,0.6538461538461539,0.23076923076923078,0.11538461538461539,0.34615384615384615,0.19230769230769232,2.4615384615384617,0.5294117647058824,2.4023668639053257,0.037037037037037035,0.25925925925925924
TR824*0100*2000*01,24.0,11,1.0,0.6363636363636364,0.09090909090909091,0.0,0.18181818181818182,0.0,0.09090909090909091,0.7272727272727273,0.18181818181818182,0.09090909090909091,0.2727272727272727,0.2727272727272727,2.090909090909091,0.375,2.8099173553719012,0.0,0.0
TR825*0100*2000*01,23.0,24,1.0,0.3333333333333333,0.20833333333333334,0.25,0.16666666666666666,0.0,0.041666666666666664,0.5416666666666666,0.4166666666666667,0.041666666666666664,0.4583333333333333,0.20833333333333334,2.4166666666666665,0.8461538461538461,1.7430555555555556,0.16666666666666666,0.16666666666666666
TR826*0100*2000*01,26.0,16,0.9375,0.3333333333333333,0.2,0.2,0.26666666666666666,0.0,0.0,0.5333333333333333,0.4666666666666667,0.0,0.4666666666666667,0.26666666666666666,2.4,0.875,1.4400000000000002,0.0,0.125
TR828*0100*2000*01,37.0,18,1.0,0.2222222222222222,0.1111111111111111,0.2777777777777778,0.2222222222222222,0.05555555555555555,0.1111111111111111,0.3333333333333333,0.5,0.16666666666666666,0.6666666666666666,0.3888888888888889,3.111111111111111,2.0,2.432098765432099,0.1111111111111111,0.16666666666666666
TR829*0100*2000*01,25.0,21,1.0,0.19047619047619047,0.23809523809523808,0.3333333333333333,0.09523809523809523,0.09523809523809523,0.047619047619047616,0.42857142857142855,0.42857142857142855,0.14285714285714285,0.5714285714285714,0.23809523809523808,2.8095238095238093,1.3333333333333333,1.8684807256235825,0.14285714285714285,0.14285714285714285
TR760*0100*2000*01,25.0,18,1.0,0.2222222222222222,0.2777777777777778,0.2222222222222222,0.2777777777777778,0.0,0.0,0.5,0.5,0.0,0.5,0.2777777777777778,2.5555555555555554,1.0,1.2469135802469136,0.1111111111111111,0.1111111111111111
TR830*0100*2000*01,31.0,18,1.0,0.2222222222222222,0.4444444444444444,0.16666666666666666,0.05555555555555555,0.05555555555555555,0.05555555555555555,0.6666666666666666,0.2222222222222222,0.1111111111111111,0.3333333333333333,0.16666666666666666,2.4444444444444446,0.5,1.8024691358024691,0.05555555555555555,0.1111111111111111
TR832*0100*2000*01,37.0,29,1.0,0.20689655172413793,0.20689655172413793,0.2413793103448276,0.1724137931034483,0.06896551724137931,0.10344827586206896,0.41379310344827586,0.41379310344827586,0.1724137931034483,0.5862068965517241,0.3448275862068966,3.0,1.4166666666666667,2.413793103448276,0.1724137931034483,0.10344827586206896
TR833*0100*2000*01,26.0,16,1.0,0.5,0.1875,0.125,0.125,0.0,0.0625,0.6875,0.25,0.0625,0.3125,0.1875,2.125,0.45454545454545453,2.109375,0.0,0.0625
TR834*0100*2000*01,30.0,19,1.0,0.21052631578947367,0.47368421052631576,0.21052631578947367,0.10526315789473684,0.0,0.0,0.6842105263157895,0.3157894736842105,0.0,0.3157894736842105,0.10526315789473684,2.210526315789474,0.46153846153846156,0.7977839335180055,0.0,0.2631578947368421
TR838*0100*2000*01,24.0,10,0.9,0.2222222222222222,0.3333333333333333,0.2222222222222222,0.1111111111111111,0.1111111111111111,0.0,0.5555555555555556,0.3333333333333333,0.1111111111111111,0.4444444444444444,0.2222222222222222,2.5555555555555554,0.8,1.5802469135802468,0.0,0.2
TR840*0100*2000*01,29.0,21,1.0,0.3333333333333333,0.0,0.3333333333333333,0.09523809523809523,0.09523809523809523,0.14285714285714285,0.3333333333333333,0.42857142857142855,0.23809523809523808,0.6666666666666666,0.3333333333333333,3.0476190476190474,2.0,3.09297052154195,0.14285714285714285,0.09523809523809523
TR841*0100*2000*01,31.0,23,1.0,0.13043478260869565,0.21739130434782608,0.43478260869565216,0.08695652173913043,0.043478260869565216,0.08695652173913043,0.34782608695652173,0.5217391304347826,0.13043478260869565,0.6521739130434783,0.21739130434782608,2.9565217391304346,1.875,1.7807183364839319,0.13043478260869565,0.13043478260869565
TR843*0100*2000*01,33.0,22,1.0,0.13636363636363635,0.45454545454545453,0.3181818181818182,0.09090909090909091,0.0,0.0,0.5909090909090909,0.4090909090909091,0.0,0.4090909090909091,0.09090909090909091,2.3636363636363638,0.6923076923076923,0.6859504132231404,0.09090909090909091,0.18181818181818182
TR849*0100*2000*01,12.0,13,1.0,0.3076923076923077,0.3076923076923077,0.23076923076923078,0.07692307692307693,0.0,0.07692307692307693,0.6153846153846154,0.3076923076923077,0.07692307692307693,0.38461538461538464,0.15384615384615385,2.3846153846153846,0.625,1.9289940828402363,0.07692307692307693,0.3076923076923077
TR850*0100*2000*01,31.0,22,1.0,0.2727272727272727,0.18181818181818182,0.36363636363636365,0.0,0.13636363636363635,0.045454545454545456,0.45454545454545453,0.36363636363636365,0.18181818181818182,0.5454545454545454,0.18181818181818182,2.6818181818181817,1.2,2.12603305785124,0.13636363636363635,0.18181818181818182
TR852*0100*2000*01,26.0,15,1.0,0.3333333333333333,0.4,0.13333333333333333,0.06666666666666667,0.06666666666666667,0.0,0.7333333333333333,0.2,0.06666666666666667,0.26666666666666666,0.13333333333333333,2.1333333333333333,0.36363636363636365,1.3155555555555551,0.2,0.06666666666666667
TR858*0100*2000*01,33.0,21,1.0,0.09523809523809523,0.2857142857142857,0.38095238095238093,0.14285714285714285,0.047619047619047616,0.047619047619047616,0.38095238095238093,0.5238095238095238,0.09523809523809523,0.6190476190476191,0.23809523809523808,2.9047619047619047,1.625,1.4195011337868482,0.23809523809523808,0.047619047619047616
TR863*0100*2000*01,20.0,10,1.0,0.4,0.2,0.2,0.2,0.0,0.0,0.6,0.4,0.0,0.4,0.2,2.2,0.6666666666666666,1.36,0.1,0.2
TR868*0100*2000*01,32.0,20,0.95,0.3684210526315789,0.21052631578947367,0.3157894736842105,0.05263157894736842,0.0,0.05263157894736842,0.5789473684210527,0.3684210526315789,0.05263157894736842,0.42105263157894735,0.10526315789473684,2.263157894736842,0.7272727272727273,1.6675900277008309,0.05,0.2
TR869*0100*2000*01,32.0,24,1.0,0.16666666666666666,0.2916666666666667,0.375,0.125,0.0,0.041666666666666664,0.4583333333333333,0.5,0.041666666666666664,0.5416666666666666,0.16666666666666666,2.625,1.1818181818181819,1.3177083333333333,0.125,0.125
TR870*0100*2000*01,31.0,24,0.9583333333333334,0.21739130434782608,0.2608695652173913,0.34782608695652173,0.13043478260869565,0.0,0.043478260869565216,0.4782608695652174,0.4782608695652174,0.043478260869565216,0.5217391304347826,0.17391304347826086,2.5652173913043477,1.0909090909090908,1.4631379962192812,0.125,0.16666666666666666
TR871*0100*2000*01,32.0,19,1.0,0.47368421052631576,0.15789473684210525,0.21052631578947367,0.15789473684210525,0.0,0.0,0.631578947368421,0.3684210526315789,0.0,0.3684210526315789,0.15789473684210525,2.0526315789473686,0.5833333333333334,1.3130193905817176,0.21052631578947367,0.10526315789473684
TR877*0100*2000*01,30.0,12,1.0,0.0,0.3333333333333333,0.5,0.0,0.08333333333333333,0.08333333333333333,0.3333333333333333,0.5,0.16666666666666666,0.6666666666666666,0.16666666666666666,3.0833333333333335,2.0,1.409722222222222,0.08333333333333333,0.0
TR878*0100*2000*01,28.0,28,1.0,0.10714285714285714,0.32142857142857145,0.39285714285714285,0.14285714285714285,0.0,0.03571428571428571,0.42857142857142855,0.5357142857142857,0.03571428571428571,0.5714285714285714,0.17857142857142858,2.7142857142857144,1.3333333333333333,1.13265306122449,0.07142857142857142,0.10714285714285714
TR879*0100*2000*01,32.0,18,1.0,0.1111111111111111,0.2777777777777778,0.2777777777777778,0.2777777777777778,0.05555555555555555,0.0,0.3888888888888889,0.5555555555555556,0.05555555555555555,0.6111111111111112,0.3333333333333333,2.888888888888889,1.5714285714285714,1.2098765432098766,0.1111111111111111,0.05555555555555555
TR880*0100*2000*01,26.0,15,1.0,0.6,0.2,0.06666666666666667,0.0,0.0,0.13333333333333333,0.8,0.06666666666666667,0.13333333333333333,0.2,0.13333333333333333,2.0,0.25,2.8,0.0,0.26666666666666666
TR881*0100*2000*01,27.0,29,1.0,0.27586206896551724,0.27586206896551724,0.3448275862068966,0.10344827586206896,0.0,0.0,0.5517241379310345,0.4482758620689655,0.0,0.4482758620689655,0.10344827586206896,2.2758620689655173,0.8125,0.958382877526754,0.13793103448275862,0.034482758620689655
TR893*0100*2000*01,30.0,23,0.9130434782608695,0.23809523809523808,0.14285714285714285,0.5238095238095238,0.047619047619047616,0.047619047619047616,0.0,0.38095238095238093,0.5714285714285714,0.047619047619047616,0.6190476190476191,0.09523809523809523,2.5238095238095237,1.625,1.1065759637188206,0.13043478260869565,0.21739130434782608
TR894*0100*2000*01,24.0,17,0.9411764705882353,0.3125,0.125,0.375,0.0625,0.0625,0.0625,0.4375,0.4375,0.125,0.5625,0.1875,2.625,1.2857142857142858,2.109375,0.11764705882352941,0.17647058823529413
TR895*0100*2000*01,26.0,19,1.0,0.15789473684210525,0.15789473684210525,0.3684210526315789,0.2631578947368421,0.0,0.05263157894736842,0.3157894736842105,0.631578947368421,0.05263157894736842,0.6842105263157895,0.3157894736842105,2.9473684210526314,2.1666666666666665,1.5235457063711912,0.05263157894736842,0.05263157894736842
TR897*0100*2000*01,33.0,18,1.0,0.1111111111111111,0.2222222222222222,0.6111111111111112,0.05555555555555555,0.0,0.0,0.3333333333333333,0.6666666666666666,0.0,0.6666666666666666,0.05555555555555555,2.611111111111111,2.0,0.5709876543209877,0.2222222222222222,0.1111111111111111
TR898*0100*2000*01,27.0,11,1.0,0.5454545454545454,0.18181818181818182,0.18181818181818182,0.09090909090909091,0.0,0.0,0.7272727272727273,0.2727272727272727,0.0,0.2727272727272727,0.09090909090909091,1.8181818181818181,0.375,1.0578512396694213,0.0,0.09090909090909091
TR900*0100*2000*01,21.0,8,1.0,0.375,0.0,0.375,0.25,0.0,0.0,0.375,0.625,0.0,0.625,0.25,2.5,1.6666666666666667,1.5,0.0,0.0
TR901*0100*2000*01,32.0,19,1.0,0.3684210526315789,0.3157894736842105,0.21052631578947367,0.10526315789473684,0.0,0.0,0.6842105263157895,0.3157894736842105,0.0,0.3157894736842105,0.10526315789473684,2.0526315789473686,0.46153846153846156,0.9972299168975071,0.0,0.10526315789473684
TR902*0100*2000*01,35.0,35,1.0,0.11428571428571428,0.14285714285714285,0.37142857142857144,0.2571428571428571,0.02857142857142857,0.08571428571428572,0.2571428571428571,0.6285714285714286,0.11428571428571428,0.7428571428571429,0.37142857142857144,3.2,2.888888888888889,1.7028571428571428,0.08571428571428572,0.02857142857142857
TR95*0100*2000*01,28.0,21,1.0,0.2857142857142857,0.2857142857142857,0.38095238095238093,0.047619047619047616,0.0,0.0,0.5714285714285714,0.42857142857142855,0.0,0.42857142857142855,0.047619047619047616,2.1904761904761907,0.75,0.8208616780045352,0.09523809523809523,0.09523809523809523
TR99*0100*2000*01,25.0,17,1.0,0.23529411764705882,0.17647058823529413,0.4117647058823529,0.058823529411764705,0.058823529411764705,0.058823529411764705,0.4117647058823529,0.47058823529411764,0.11764705882352941,0.5882352941176471,0.17647058823529413,2.7058823529411766,1.4285714285714286,1.8546712802768166,0.11764705882352941,0.17647058823529413
TR100*0100*2000*01,33.0,28,0.9642857142857143,0.37037037037037035,0.14814814814814814,0.37037037037037035,0.07407407407407407,0.037037037037037035,0.0,0.5185185185185185,0.4444444444444444,0.037037037037037035,0.48148148148148145,0.1111111111111111,2.259259259259259,0.9285714285714286,1.3031550068587106,0.17857142857142858,0.17857142857142858
TR101*0100*2000*01,23.0,11,1.0,0.45454545454545453,0.18181818181818182,0.0,0.2727272727272727,0.09090909090909091,0.0,0.6363636363636364,0.2727272727272727,0.09090909090909091,0.36363636363636365,0.36363636363636365,2.3636363636363638,0.5714285714285714,2.231404958677686,0.09090909090909091,0.09090909090909091
TR108*0100*2000*01,26.0,19,0.9473684210526315,0.2777777777777778,0.2222222222222222,0.2222222222222222,0.16666666666666666,0.1111111111111111,0.0,0.5,0.3888888888888889,0.1111111111111111,0.5,0.2777777777777778,2.611111111111111,1.0,1.7932098765432098,0.15789473684210525,0.10526315789473684
TR111*0100*2000*01,25.0,26,0.9615384615384616,0.48,0.12,0.2,0.2,0.0,0.0,0.6,0.4,0.0,0.4,0.2,2.12,0.6666666666666666,1.4656000000000002,0.038461538461538464,0.07692307692307693
TR911*0100*2000*01,30.0,19,1.0,0.3157894736842105,0.21052631578947367,0.3684210526315789,0.10526315789473684,0.0,0.0,0.5263157894736842,0.47368421052631576,0.0,0.47368421052631576,0.10526315789473684,2.263157894736842,0.9,1.03601108033241,0.10526315789473684,0.21052631578947367
TR912*0100*2000*01,31.0,18,0.9444444444444444,0.29411764705882354,0.4117647058823529,0.17647058823529413,0.058823529411764705,0.058823529411764705,0.0,0.7058823529411765,0.23529411764705882,0.058823529411764705,0.29411764705882354,0.11764705882352941,2.176470588235294,0.4166666666666667,1.2041522491349481,0.1111111111111111,0.2777777777777778
TR916*0100*2000*01,20.0,25,0.96,0.375,0.125,0.2916666666666667,0.20833333333333334,0.0,0.0,0.5,0.5,0.0,0.5,0.20833333333333334,2.3333333333333335,1.0,1.3888888888888886,0.2,0.04
TR928*0100*2000*01,24.0,23,0.9130434782608695,0.38095238095238093,0.19047619047619047,0.23809523809523808,0.09523809523809523,0.047619047619047616,0.047619047619047616,0.5714285714285714,0.3333333333333333,0.09523809523809523,0.42857142857142855,0.19047619047619047,2.380952380952381,0.75,2.045351473922903,0.043478260869565216,0.21739130434782608
TR930*0100*2000*01,33.0,21,1.0,0.3333333333333333,0.19047619047619047,0.19047619047619047,0.23809523809523808,0.0,0.047619047619047616,0.5238095238095238,0.42857142857142855,0.047619047619047616,0.47619047619047616,0.2857142857142857,2.5238095238095237,0.9090909090909091,1.963718820861678,0.047619047619047616,0.047619047619047616
TR932*0100*2000*01,38.0,33,1.0,0.09090909090909091,0.2727272727272727,0.2727272727272727,0.2727272727272727,0.09090909090909091,0.0,0.36363636363636365,0.5454545454545454,0.09090909090909091,0.6363636363636364,0.36363636363636365,3.0,1.75,1.2727272727272727,0.09090909090909091,0.09090909090909091
TR934*0100*2000*01,31.0,17,1.0,0.4117647058823529,0.17647058823529413,0.23529411764705882,0.17647058823529413,0.0,0.0,0.5882352941176471,0.4117647058823529,0.0,0.4117647058823529,0.17647058823529413,2.176470588235294,0.7,1.3217993079584773,0.0,0.058823529411764705
TR936*0100*2000*01,14.0,24,1.0,0.25,0.20833333333333334,0.2916666666666667,0.25,0.0,0.0,0.4583333333333333,0.5416666666666666,0.0,0.5416666666666666,0.25,2.5416666666666665,1.1818181818181819,1.248263888888889,0.125,0.08333333333333333
TR939*0100*2000*01,29.0,17,0.9411764705882353,0.5,0.375,0.0,0.125,0.0,0.0,0.875,0.125,0.0,0.125,0.125,1.75,0.14285714285714285,0.9375,0.0,0.35294117647058826
TR940*0100*2000*01,29.0,16,1.0,0.125,0.3125,0.4375,0.125,0.0,0.0,0.4375,0.5625,0.0,0.5625,0.125,2.5625,1.2857142857142858,0.74609375,0.0625,0.1875
TR941*0100*2000*01,34.0,19,0.9473684210526315,0.05555555555555555,0.3888888888888889,0.3333333333333333,0.16666666666666666,0.05555555555555555,0.0,0.4444444444444444,0.5,0.05555555555555555,0.5555555555555556,0.2222222222222222,2.7777777777777777,1.25,0.9506172839506175,0.0,0.21052631578947367
TR947*0100*2000*01,38.0,32,1.0,0.1875,0.28125,0.1875,0.3125,0.0,0.03125,0.46875,0.5,0.03125,0.53125,0.34375,2.75,1.1333333333333333,1.5625,0.15625,0.0625
TR949*0100*2000*01,40.0,34,0.9411764705882353,0.125,0.28125,0.3125,0.1875,0.03125,0.0625,0.40625,0.5,0.09375,0.59375,0.28125,2.90625,1.4615384615384615,1.6474609375,0.08823529411764706,0.17647058823529413
TR950*0100*2000*01,31.0,18,1.0,0.2222222222222222,0.2777777777777778,0.2222222222222222,0.2222222222222222,0.0,0.05555555555555555,0.5,0.4444444444444444,0.05555555555555555,0.5,0.2777777777777778,2.6666666666666665,1.0,1.7777777777777777,0.05555555555555555,0.16666666666666666
TR952*0100*2000*01,29.0,21,0.9047619047619048,0.2631578947368421,0.3157894736842105,0.3157894736842105,0.10526315789473684,0.0,0.0,0.5789473684210527,0.42105263157894735,0.0,0.42105263157894735,0.10526315789473684,2.263157894736842,0.7272727272727273,0.9307479224376732,0.09523809523809523,0.23809523809523808
TR953*0100*2000*01,37.0,24,1.0,0.16666666666666666,0.25,0.20833333333333334,0.2916666666666667,0.041666666666666664,0.041666666666666664,0.4166666666666667,0.5,0.08333333333333333,0.5833333333333334,0.375,2.9166666666666665,1.4,1.7430555555555554,0.125,0.20833333333333334
TR954*0100*2000*01,36.0,10,1.0,0.4,0.1,0.2,0.1,0.0,0.2,0.5,0.3,0.2,0.5,0.3,2.8,1.0,3.56,0.0,0.0
TR959*0100*2000*01,31.0,17,1.0,0.058823529411764705,0.35294117647058826,0.35294117647058826,0.11764705882352941,0.058823529411764705,0.058823529411764705,0.4117647058823529,0.47058823529411764,0.11764705882352941,0.5882352941176471,0.23529411764705882,2.9411764705882355,1.4285714285714286,1.4671280276816607,0.17647058823529413,0.058823529411764705
TR961*0100*2000*01,37.0,18,1.0,0.2222222222222222,0.3888888888888889,0.16666666666666666,0.16666666666666666,0.0,0.05555555555555555,0.6111111111111112,0.3333333333333333,0.05555555555555555,0.3888888888888889,0.2222222222222222,2.5,0.6363636363636364,1.6944444444444444,0.05555555555555555,0.3333333333333333
TR967*0100*2000*01,33.0,20,0.95,0.3684210526315789,0.21052631578947367,0.21052631578947367,0.15789473684210525,0.0,0.05263157894736842,0.5789473684210527,0.3684210526315789,0.05263157894736842,0.42105263157894735,0.21052631578947367,2.3684210526315788,0.7272727272727273,1.9168975069252077,0.1,0.05
TR968*0100*2000*01,32.0,13,1.0,0.15384615384615385,0.3076923076923077,0.3076923076923077,0.07692307692307693,0.0,0.15384615384615385,0.46153846153846156,0.38461538461538464,0.15384615384615385,0.5384615384615384,0.23076923076923078,2.923076923076923,1.1666666666666667,2.3786982248520707,0.15384615384615385,0.23076923076923078
TR969*0100*2000*01,24.0,27,1.0,0.3333333333333333,0.48148148148148145,0.1111111111111111,0.037037037037037035,0.0,0.037037037037037035,0.8148148148148148,0.14814814814814814,0.037037037037037035,0.18518518518518517,0.07407407407407407,2.0,0.22727272727272727,1.1851851851851851,0.0,0.3333333333333333
TR971*0100*2000*01,22.0,14,1.0,0.2857142857142857,0.07142857142857142,0.07142857142857142,0.35714285714285715,0.07142857142857142,0.14285714285714285,0.35714285714285715,0.42857142857142855,0.21428571428571427,0.6428571428571429,0.5714285714285714,3.2857142857142856,1.8,3.0612244897959187,0.14285714285714285,0.0
TR977*0100*2000*01,24.0,9,1.0,0.3333333333333333,0.2222222222222222,0.0,0.2222222222222222,0.1111111111111111,0.1111111111111111,0.5555555555555556,0.2222222222222222,0.2222222222222222,0.4444444444444444,0.4444444444444444,2.888888888888889,0.8,3.209876543209877,0.0,0.1111111111111111
TR978*0100*2000*01,32.0,18,1.0,0.3333333333333333,0.2777777777777778,0.2777777777777778,0.05555555555555555,0.0,0.05555555555555555,0.6111111111111112,0.3333333333333333,0.05555555555555555,0.3888888888888889,0.1111111111111111,2.2777777777777777,0.6363636363636364,1.6450617283950617,0.05555555555555555,0.2777777777777778
TR981*0100*2000*01,34.0,26,0.9615384615384616,0.44,0.2,0.24,0.08,0.0,0.04,0.64,0.32,0.04,0.36,0.12,2.12,0.5625,1.6256,0.07692307692307693,0.15384615384615385
TR983*0100*2000*01,32.0,26,1.0,0.23076923076923078,0.15384615384615385,0.5,0.07692307692307693,0.038461538461538464,0.0,0.38461538461538464,0.5769230769230769,0.038461538461538464,0.6153846153846154,0.11538461538461539,2.5384615384615383,1.6,1.0946745562130178,0.11538461538461539,0.11538461538461539
TR984*0100*2000*01,21.0,14,0.9285714285714286,0.23076923076923078,0.23076923076923078,0.38461538461538464,0.07692307692307693,0.07692307692307693,0.0,0.46153846153846156,0.46153846153846156,0.07692307692307693,0.5384615384615384,0.15384615384615385,2.5384615384615383,1.1666666666666667,1.3254437869822484,0.0,0.14285714285714285
TR986*0100*2000*01,28.0,24,1.0,0.3333333333333333,0.20833333333333334,0.4166666666666667,0.041666666666666664,0.0,0.0,0.5416666666666666,0.4583333333333333,0.0,0.4583333333333333,0.041666666666666664,2.1666666666666665,0.8461538461538461,0.888888888888889,0.125,0.08333333333333333
TR987*0100*2000*01,33.0,20,1.0,0.35,0.15,0.35,0.1,0.0,0.05,0.5,0.45,0.05,0.5,0.15,2.4,1.0,1.7399999999999998,0.05,0.05
TR988*0100*2000*01,25.0,13,1.0,0.0,0.5384615384615384,0.15384615384615385,0.07692307692307693,0.07692307692307693,0.15384615384615385,0.5384615384615384,0.23076923076923078,0.23076923076923078,0.46153846153846156,0.3076923076923077,3.1538461538461537,0.8571428571428571,2.2840236686390534,0.0,0.15384615384615385
TR991*0100*2000*01,23.0,16,0.9375,0.26666666666666666,0.0,0.4,0.13333333333333333,0.06666666666666667,0.13333333333333333,0.26666666666666666,0.5333333333333333,0.2,0.7333333333333333,0.3333333333333333,3.1333333333333333,2.75,2.648888888888889,0.0625,0.125
TR992*0100*2000*01,20.0,12,1.0,0.25,0.08333333333333333,0.4166666666666667,0.16666666666666666,0.08333333333333333,0.0,0.3333333333333333,0.5833333333333334,0.08333333333333333,0.6666666666666666,0.25,2.75,2.0,1.5208333333333333,0.08333333333333333,0.16666666666666666
TR994*0100*2000*01,22.0,10,1.0,0.3,0.3,0.3,0.1,0.0,0.0,0.6,0.4,0.0,0.4,0.1,2.2,0.6666666666666666,0.9600000000000002,0.0,0.0
TR995*0100*2000*01,33.0,27,1.0,0.3333333333333333,0.25925925925925924,0.25925925925925924,0.1111111111111111,0.037037037037037035,0.0,0.5925925925925926,0.37037037037037035,0.037037037037037035,0.4074074074074074,0.14814814814814814,2.259259259259259,0.6875,1.3031550068587106,0.0,0.037037037037037035
TR998*0100*2000*01,22.0,11,1.0,0.45454545454545453,0.2727272727272727,0.09090909090909091,0.0,0.09090909090909091,0.09090909090909091,0.7272727272727273,0.09090909090909091,0.18181818181818182,0.2727272727272727,0.18181818181818182,2.272727272727273,0.375,2.7438016528925617,0.0,0.18181818181818182
TR999*0100*2000*01,28.0,16,0.9375,0.6,0.13333333333333333,0.26666666666666666,0.0,0.0,0.0,0.7333333333333333,0.26666666666666666,0.0,0.26666666666666666,0.0,1.6666666666666667,0.36363636363636365,0.7555555555555558,0.0625,0.0625
TR1000*0100*2000*01,24.0,16,1.0,0.25,0.3125,0.25,0.0625,0.125,0.0,0.5625,0.3125,0.125,0.4375,0.1875,2.5,0.7777777777777778,1.625,0.0625,0.0
TR1002*0100*2000*01,22.0,12,1.0,0.5,0.16666666666666666,0.25,0.08333333333333333,0.0,0.0,0.6666666666666666,0.3333333333333333,0.0,0.3333333333333333,0.08333333333333333,1.9166666666666667,0.5,1.076388888888889,0.0,0.0
TR1003*0100*2000*01,20.0,16,1.0,0.375,0.25,0.25,0.125,0.0,0.0,0.625,0.375,0.0,0.375,0.125,2.125,0.6,1.109375,0.125,0.0
TR1004*0100*2000*01,32.0,13,1.0,0.46153846153846156,0.15384615384615385,0.23076923076923078,0.07692307692307693,0.07692307692307693,0.0,0.6153846153846154,0.3076923076923077,0.07692307692307693,0.38461538461538464,0.15384615384615385,2.1538461538461537,0.625,1.668639053254438,0.15384615384615385,0.15384615384615385
TR1005*0100*2000*01,19.0,22,0.9090909090909091,0.3,0.3,0.3,0.05,0.0,0.05,0.6,0.35,0.05,0.4,0.1,2.3,0.6666666666666666,1.51,0.18181818181818182,0.18181818181818182
TR1006*0100*2000*01,33.0,33,0.9696969696969697,0.28125,0.21875,0.28125,0.21875,0.0,0.0,0.5,0.5,0.0,0.5,0.21875,2.4375,1.0,1.24609375,0.09090909090909091,0.18181818181818182
TR1009*0100*2000*01,33.0,18,1.0,0.3333333333333333,0.0,0.3888888888888889,0.2777777777777778,0.0,0.0,0.3333333333333333,0.6666666666666666,0.0,0.6666666666666666,0.2777777777777778,2.611111111111111,2.0,1.4598765432098768,0.05555555555555555,0.05555555555555555
TR1015*0100*2000*01,20.0,14,1.0,0.21428571428571427,0.35714285714285715,0.21428571428571427,0.21428571428571427,0.0,0.0,0.5714285714285714,0.42857142857142855,0.0,0.42857142857142855,0.21428571428571427,2.4285714285714284,0.75,1.1020408163265305,0.0,0.14285714285714285
TR1016*0100*2000*01,27.0,22,1.0,0.18181818181818182,0.18181818181818182,0.2727272727272727,0.3181818181818182,0.0,0.045454545454545456,0.36363636363636365,0.5909090909090909,0.045454545454545456,0.6363636363636364,0.36363636363636365,2.909090909090909,1.75,1.6280991735537191,0.09090909090909091,0.09090909090909091
TR1017*0100*2000*01,29.0,16,1.0,0.375,0.25,0.375,0.0,0.0,0.0,0.625,0.375,0.0,0.375,0.0,2.0,0.6,0.75,0.1875,0.125
TR1020*0100*2000*01,25.0,18,1.0,0.4444444444444444,0.1111111111111111,0.2777777777777778,0.05555555555555555,0.05555555555555555,0.05555555555555555,0.5555555555555556,0.3333333333333333,0.1111111111111111,0.4444444444444444,0.16666666666666666,2.3333333333333335,0.8,2.2222222222222228,0.05555555555555555,0.0
TR1024*0100*2000*01,29.0,17,1.0,0.23529411764705882,0.11764705882352941,0.4117647058823529,0.23529411764705882,0.0,0.0,0.35294117647058826,0.6470588235294118,0.0,0.6470588235294118,0.23529411764705882,2.6470588235294117,1.8333333333333333,1.1695501730103806,0.17647058823529413,0.0
TR1025*0100*2000*01,35.0,29,1.0,0.2413793103448276,0.27586206896551724,0.3103448275862069,0.13793103448275862,0.034482758620689655,0.0,0.5172413793103449,0.4482758620689655,0.034482758620689655,0.4827586206896552,0.1724137931034483,2.4482758620689653,0.9333333333333333,1.212841854934602,0.13793103448275862,0.1724137931034483
TR1026*0100*2000*01,36.0,23,0.9130434782608695,0.047619047619047616,0.3333333333333333,0.2857142857142857,0.14285714285714285,0.047619047619047616,0.14285714285714285,0.38095238095238093,0.42857142857142855,0.19047619047619047,0.6190476190476191,0.3333333333333333,3.238095238095238,1.625,2.0861678004535147,0.17391304347826086,0.08695652173913043
TR1029*0100*2000*01,28.0,30,1.0,0.3333333333333333,0.36666666666666664,0.13333333333333333,0.1,0.03333333333333333,0.03333333333333333,0.7,0.23333333333333334,0.06666666666666667,0.3,0.16666666666666666,2.2333333333333334,0.42857142857142855,1.6455555555555554,0.06666666666666667,0.23333333333333334
TR1031*0100*2000*01,23.0,20,1.0,0.6,0.25,0.05,0.05,0.0,0.05,0.85,0.1,0.05,0.15,0.1,1.75,0.17647058823529413,1.5875,0.05,0.0
TR1033*0100*2000*01,20.0,10,0.9,0.6666666666666666,0.1111111111111111,0.1111111111111111,0.1111111111111111,0.0,0.0,0.7777777777777778,0.2222222222222222,0.0,0.2222222222222222,0.1111111111111111,1.6666666666666667,0.2857142857142857,1.1111111111111112,0.0,0.1
TR1036*0100*2000*01,28.0,20,0.9,0.5555555555555556,0.1111111111111111,0.16666666666666666,0.1111111111111111,0.0,0.05555555555555555,0.6666666666666666,0.2777777777777778,0.05555555555555555,0.3333333333333333,0.16666666666666666,2.0555555555555554,0.5,2.052469135802469,0.1,0.2
TR1038*0100*2000*01,17.0,6,1.0,0.16666666666666666,0.16666666666666666,0.16666666666666666,0.3333333333333333,0.16666666666666666,0.0,0.3333333333333333,0.5,0.16666666666666666,0.6666666666666666,0.5,3.1666666666666665,2.0,1.8055555555555554,0.16666666666666666,0.0
TR1039*0100*2000*01,38.0,16,1.0,0.1875,0.1875,0.25,0.375,0.0,0.0,0.375,0.625,0.0,0.625,0.375,2.8125,1.6666666666666667,1.27734375,0.0625,0.0
TR1040*0100*2000*01,22.0,12,1.0,0.3333333333333333,0.3333333333333333,0.08333333333333333,0.16666666666666666,0.08333333333333333,0.0,0.6666666666666666,0.25,0.08333333333333333,0.3333333333333333,0.25,2.3333333333333335,0.5,1.722222222222222,0.08333333333333333,0.16666666666666666
TR1042*0100*2000*01,32.0,23,0.9565217391304348,0.2727272727272727,0.18181818181818182,0.4090909090909091,0.045454545454545456,0.09090909090909091,0.0,0.45454545454545453,0.45454545454545453,0.09090909090909091,0.5454545454545454,0.13636363636363635,2.5,1.2,1.4318181818181819,0.13043478260869565,0.21739130434782608
TR1045*0100*2000*01,17.0,22,1.0,0.5,0.18181818181818182,0.2727272727272727,0.045454545454545456,0.0,0.0,0.6818181818181818,0.3181818181818182,0.0,0.3181818181818182,0.045454545454545456,1.8636363636363635,0.4666666666666667,0.9359504132231404,0.045454545454545456,0.09090909090909091
TR114*0100*2000*01,26.0,16,0.9375,0.13333333333333333,0.4,0.2,0.26666666666666666,0.0,0.0,0.5333333333333333,0.4666666666666667,0.0,0.4666666666666667,0.26666666666666666,2.6,0.875,1.04,0.125,0.25
TR116*0100*2000*01,34.0,25,0.96,0.125,0.4583333333333333,0.16666666666666666,0.20833333333333334,0.041666666666666664,0.0,0.5833333333333334,0.375,0.041666666666666664,0.4166666666666667,0.25,2.5833333333333335,0.7142857142857143,1.1597222222222223,0.0,0.24
TR117*0100*2000*01,31.0,18,0.7777777777777778,0.42857142857142855,0.42857142857142855,0.14285714285714285,0.0,0.0,0.0,0.8571428571428571,0.14285714285714285,0.0,0.14285714285714285,0.0,1.7142857142857142,0.16666666666666666,0.489795918367347,0.05555555555555555,0.3333333333333333
TR118*0100*2000*01,23.0,19,1.0,0.2631578947368421,0.3684210526315789,0.15789473684210525,0.21052631578947367,0.0,0.0,0.631578947368421,0.3684210526315789,0.0,0.3684210526315789,0.21052631578947367,2.3157894736842106,0.5833333333333334,1.1634349030470916,0.0,0.21052631578947367
TR119*0100*2000*01,24.0,18,1.0,0.16666666666666666,0.2222222222222222,0.2777777777777778,0.2222222222222222,0.1111111111111111,0.0,0.3888888888888889,0.5,0.1111111111111111,0.6111111111111112,0.3333333333333333,2.888888888888889,1.5714285714285714,1.5432098765432098,0.05555555555555555,0.16666666666666666
TR120*0100*2000*01,32.0,19,1.0,0.15789473684210525,0.2631578947368421,0.21052631578947367,0.2631578947368421,0.05263157894736842,0.05263157894736842,0.42105263157894735,0.47368421052631576,0.10526315789473684,0.5789473684210527,0.3684210526315789,2.9473684210526314,1.375,1.8393351800554016,0.0,0.05263157894736842
TR123*0100*2000*01,29.0,26,1.0,0.15384615384615385,0.19230769230769232,0.2692307692307692,0.3076923076923077,0.07692307692307693,0.0,0.34615384615384615,0.5769230769230769,0.07692307692307693,0.6538461538461539,0.38461538461538464,2.9615384615384617,1.8888888888888888,1.4215976331360947,0.038461538461538464,0.15384615384615385
TR125*0100*2000*01,35.0,14,1.0,0.42857142857142855,0.07142857142857142,0.2857142857142857,0.14285714285714285,0.07142857142857142,0.0,0.5,0.42857142857142855,0.07142857142857142,0.5,0.21428571428571427,2.357142857142857,1.0,1.8010204081632655,0.07142857142857142,0.0
TR1048*0100*2000*01,21.0,15,1.0,0.3333333333333333,0.26666666666666666,0.13333333333333333,0.2,0.06666666666666667,0.0,0.6,0.3333333333333333,0.06666666666666667,0.4,0.26666666666666666,2.4,0.6666666666666666,1.706666666666667,0.06666666666666667,0.06666666666666667
TR1050*0100*2000*01,26.0,15,1.0,0.26666666666666666,0.4666666666666667,0.13333333333333333,0.13333333333333333,0.0,0.0,0.7333333333333333,0.26666666666666666,0.0,0.26666666666666666,0.13333333333333333,2.1333333333333333,0.36363636363636365,0.9155555555555555,0.0,0.2
TR1051*0100*2000*01,30.0,20,1.0,0.15,0.35,0.25,0.2,0.05,0.0,0.5,0.45,0.05,0.5,0.25,2.65,1.0,1.2275000000000003,0.1,0.0
TR1053*0100*2000*01,25.0,13,1.0,0.38461538461538464,0.15384615384615385,0.38461538461538464,0.07692307692307693,0.0,0.0,0.5384615384615384,0.46153846153846156,0.0,0.46153846153846156,0.07692307692307693,2.1538461538461537,0.8571428571428571,1.0532544378698225,0.3076923076923077,0.0
TR1056*0100*2000*01,31.0,25,1.0,0.36,0.28,0.12,0.2,0.0,0.04,0.64,0.32,0.04,0.36,0.24,2.32,0.5625,1.8176,0.04,0.08
TR1057*0100*2000*01,27.0,26,1.0,0.3076923076923077,0.2692307692307692,0.23076923076923078,0.07692307692307693,0.0,0.11538461538461539,0.5769230769230769,0.3076923076923077,0.11538461538461539,0.4230769230769231,0.19230769230769232,2.5384615384615383,0.7333333333333333,2.4023668639053253,0.038461538461538464,0.15384615384615385
TR1059*0100*2000*01,31.0,20,1.0,0.05,0.2,0.4,0.2,0.05,0.1,0.25,0.6,0.15,0.75,0.35,3.3,3.0,1.61,0.2,0.15
TR1060*0100*2000*01,31.0,19,1.0,0.42105263157894735,0.2631578947368421,0.21052631578947367,0.05263157894736842,0.05263157894736842,0.0,0.6842105263157895,0.2631578947368421,0.05263157894736842,0.3157894736842105,0.10526315789473684,2.0526315789473686,0.46153846153846156,1.3130193905817173,0.05263157894736842,0.10526315789473684
TR1062*0100*2000*01,27.0,23,1.0,0.17391304347826086,0.34782608695652173,0.17391304347826086,0.2608695652173913,0.0,0.043478260869565216,0.5217391304347826,0.43478260869565216,0.043478260869565216,0.4782608695652174,0.30434782608695654,2.6956521739130435,0.9166666666666666,1.6030245746691865,0.13043478260869565,0.21739130434782608
TR1064*0100*2000*01,36.0,16,0.9375,0.3333333333333333,0.2,0.2,0.2,0.0,0.06666666666666667,0.5333333333333333,0.4,0.06666666666666667,0.4666666666666667,0.26666666666666666,2.533333333333333,0.875,2.1155555555555563,0.0625,0.25
TR773*0100*2000*01,32.0,17,1.0,0.29411764705882354,0.17647058823529413,0.29411764705882354,0.058823529411764705,0.058823529411764705,0.11764705882352941,0.47058823529411764,0.35294117647058826,0.17647058823529413,0.5294117647058824,0.23529411764705882,2.764705882352941,1.125,2.6505190311418683,0.058823529411764705,0.058823529411764705
TR1065*0100*2000*01,35.0,19,1.0,0.3684210526315789,0.15789473684210525,0.15789473684210525,0.2631578947368421,0.05263157894736842,0.0,0.5263157894736842,0.42105263157894735,0.05263157894736842,0.47368421052631576,0.3157894736842105,2.473684210526316,0.9,1.8282548476454297,0.05263157894736842,0.05263157894736842
TR1069*0100*2000*01,21.0,21,0.9523809523809523,0.4,0.25,0.3,0.05,0.0,0.0,0.65,0.35,0.0,0.35,0.05,2.0,0.5384615384615384,0.9,0.14285714285714285,0.23809523809523808
TR774*0100*2000*01,34.0,26,1.0,0.15384615384615385,0.2692307692307692,0.3076923076923077,0.15384615384615385,0.038461538461538464,0.07692307692307693,0.4230769230769231,0.46153846153846156,0.11538461538461539,0.5769230769230769,0.2692307692307692,2.8846153846153846,1.3636363636363635,1.8713017751479286,0.07692307692307693,0.15384615384615385
TR1088*0100*2000*01,26.0,10,1.0,0.3,0.5,0.1,0.1,0.0,0.0,0.8,0.2,0.0,0.2,0.1,2.0,0.25,0.8,0.1,0.3
TR1090*0100*2000*01,18.0,15,1.0,0.26666666666666666,0.0,0.4,0.26666666666666666,0.06666666666666667,0.0,0.26666666666666666,0.6666666666666666,0.06666666666666667,0.7333333333333333,0.3333333333333333,2.8666666666666667,2.75,1.582222222222222,0.13333333333333333,0.06666666666666667
TR1092*0100*2000*01,27.0,22,1.0,0.13636363636363635,0.22727272727272727,0.36363636363636365,0.045454545454545456,0.045454545454545456,0.18181818181818182,0.36363636363636365,0.4090909090909091,0.22727272727272727,0.6363636363636364,0.2727272727272727,3.1818181818181817,1.75,2.6033057851239674,0.13636363636363635,0.0
TR1093*0100*2000*01,31.0,16,0.875,0.42857142857142855,0.14285714285714285,0.21428571428571427,0.14285714285714285,0.0,0.07142857142857142,0.5714285714285714,0.35714285714285715,0.07142857142857142,0.42857142857142855,0.21428571428571427,2.357142857142857,0.75,2.2295918367346936,0.125,0.25
TR1095*0100*2000*01,22.0,10,1.0,0.1,0.1,0.5,0.2,0.1,0.0,0.2,0.7,0.1,0.8,0.3,3.1,4.0,1.0899999999999999,0.3,0.2
TR1098*0100*2000*01,26.0,25,1.0,0.36,0.16,0.32,0.12,0.0,0.04,0.52,0.44,0.04,0.48,0.16,2.36,0.9230769230769231,1.6703999999999999,0.16,0.28
TR1100*0100*2000*01,34.0,15,1.0,0.2,0.4,0.2,0.13333333333333333,0.0,0.06666666666666667,0.6,0.3333333333333333,0.06666666666666667,0.4,0.2,2.533333333333333,0.6666666666666666,1.7155555555555553,0.06666666666666667,0.13333333333333333
TR775*0100*2000*01,26.0,18,1.0,0.3333333333333333,0.2777777777777778,0.2222222222222222,0.1111111111111111,0.0,0.05555555555555555,0.6111111111111112,0.3333333333333333,0.05555555555555555,0.3888888888888889,0.16666666666666666,2.3333333333333335,0.6363636363636364,1.7777777777777777,0.16666666666666666,0.1111111111111111
TR1103*0100*2000*01,25.0,18,1.0,0.3333333333333333,0.16666666666666666,0.16666666666666666,0.2777777777777778,0.05555555555555555,0.0,0.5,0.4444444444444444,0.05555555555555555,0.5,0.3333333333333333,2.5555555555555554,1.0,1.8024691358024691,0.05555555555555555,0.16666666666666666
TR1109*0100*2000*01,27.0,17,0.9411764705882353,0.25,0.25,0.25,0.125,0.0625,0.0625,0.5,0.375,0.125,0.5,0.25,2.6875,1.0,2.08984375,0.11764705882352941,0.17647058823529413
TR1112*0100*2000*01,32.0,26,0.8846153846153846,0.17391304347826086,0.21739130434782608,0.391304347826087,0.13043478260869565,0.08695652173913043,0.0,0.391304347826087,0.5217391304347826,0.08695652173913043,0.6086956521739131,0.21739130434782608,2.739130434782609,1.5555555555555556,1.3232514177693764,0.15384615384615385,0.19230769230769232
TR1113*0100*2000*01,25.0,15,1.0,0.26666666666666666,0.4,0.2,0.13333333333333333,0.0,0.0,0.6666666666666666,0.3333333333333333,0.0,0.3333333333333333,0.13333333333333333,2.2,0.5,0.9600000000000002,0.0,0.2
TR1117*0100*2000*01,29.0,17,1.0,0.29411764705882354,0.23529411764705882,0.29411764705882354,0.11764705882352941,0.0,0.058823529411764705,0.5294117647058824,0.4117647058823529,0.058823529411764705,0.47058823529411764,0.17647058823529413,2.4705882352941178,0.8888888888888888,1.778546712802768,0.058823529411764705,0.11764705882352941
TR776*0100*2000*01,34.0,19,0.9473684210526315,0.05555555555555555,0.3333333333333333,0.2777777777777778,0.16666666666666666,0.1111111111111111,0.05555555555555555,0.3888888888888889,0.4444444444444444,0.16666666666666666,0.6111111111111112,0.3333333333333333,3.111111111111111,1.5714285714285714,1.654320987654321,0.21052631578947367,0.15789473684210525
TR1122*0100*2000*01,33.0,20,0.9,0.1111111111111111,0.2777777777777778,0.2777777777777778,0.05555555555555555,0.1111111111111111,0.16666666666666666,0.3888888888888889,0.3333333333333333,0.2777777777777778,0.6111111111111112,0.3333333333333333,3.2777777777777777,1.5714285714285714,2.6450617283950617,0.25,0.3
TR1123*0100*2000*01,26.0,14,1.0,0.5,0.07142857142857142,0.35714285714285715,0.07142857142857142,0.0,0.0,0.5714285714285714,0.42857142857142855,0.0,0.42857142857142855,0.07142857142857142,2.0,0.75,1.1428571428571428,0.14285714285714285,0.0
TR1124*0100*2000*01,32.0,25,1.0,0.28,0.28,0.4,0.0,0.04,0.0,0.56,0.4,0.04,0.44,0.04,2.24,0.7857142857142857,0.9824,0.16,0.08
TR1126*0100*2000*01,37.0,24,0.9583333333333334,0.13043478260869565,0.2608695652173913,0.2608695652173913,0.2608695652173913,0.043478260869565216,0.043478260869565216,0.391304347826087,0.5217391304347826,0.08695652173913043,0.6086956521739131,0.34782608695652173,2.9565217391304346,1.5555555555555556,1.606805293005671,0.0,0.125
TR1133*0100*2000*01,20.0,9,1.0,0.0,0.3333333333333333,0.4444444444444444,0.2222222222222222,0.0,0.0,0.3333333333333333,0.6666666666666666,0.0,0.6666666666666666,0.2222222222222222,2.888888888888889,2.0,0.54320987654321,0.0,0.1111111111111111
TR1134*0100*2000*01,28.0,30,1.0,0.23333333333333334,0.3333333333333333,0.3,0.03333333333333333,0.03333333333333333,0.06666666666666667,0.5666666666666667,0.3333333333333333,0.1,0.43333333333333335,0.13333333333333333,2.5,0.7647058823529411,1.7833333333333334,0.06666666666666667,0.13333333333333333
TR1138*0100*2000*01,29.0,22,0.9545454545454546,0.19047619047619047,0.19047619047619047,0.3333333333333333,0.19047619047619047,0.047619047619047616,0.047619047619047616,0.38095238095238093,0.5238095238095238,0.09523809523809523,0.6190476190476191,0.2857142857142857,2.857142857142857,1.625,1.741496598639456,0.13636363636363635,0.13636363636363635
TR1141*0100*2000*01,28.0,27,1.0,0.25925925925925924,0.14814814814814814,0.2222222222222222,0.14814814814814814,0.14814814814814814,0.07407407407407407,0.4074074074074074,0.37037037037037035,0.2222222222222222,0.5925925925925926,0.37037037037037035,3.0,1.4545454545454546,2.5925925925925926,0.1111111111111111,0.1111111111111111
TR777*0100*2000*01,37.0,19,1.0,0.21052631578947367,0.21052631578947367,0.3684210526315789,0.15789473684210525,0.0,0.05263157894736842,0.42105263157894735,0.5263157894736842,0.05263157894736842,0.5789473684210527,0.21052631578947367,2.6842105263157894,1.375,1.584487534626039,0.15789473684210525,0.15789473684210525
TR133*0100*2000*01,28.0,17,0.9411764705882353,0.1875,0.375,0.375,0.0625,0.0,0.0,0.5625,0.4375,0.0,0.4375,0.0625,2.3125,0.7777777777777778,0.71484375,0.058823529411764705,0.11764705882352941
TR134*0100*2000*01,23.0,22,1.0,0.18181818181818182,0.36363636363636365,0.22727272727272727,0.13636363636363635,0.045454545454545456,0.045454545454545456,0.5454545454545454,0.36363636363636365,0.09090909090909091,0.45454545454545453,0.22727272727272727,2.6363636363636362,0.8333333333333334,1.6859504132231402,0.09090909090909091,0.13636363636363635
TR135*0100*2000*01,36.0,25,1.0,0.2,0.36,0.24,0.12,0.04,0.04,0.56,0.36,0.08,0.44,0.2,2.56,0.7857142857142857,1.6064,0.12,0.12
TR136*0100*2000*01,16.0,16,1.0,0.4375,0.0,0.125,0.1875,0.0625,0.1875,0.4375,0.3125,0.25,0.5625,0.4375,3.0,1.2857142857142858,3.875,0.0625,0.0625
TR137*0100*2000*01,27.0,30,1.0,0.3,0.23333333333333334,0.13333333333333333,0.23333333333333334,0.06666666666666667,0.03333333333333333,0.5333333333333333,0.36666666666666664,0.1,0.4666666666666667,0.3333333333333333,2.6333333333333333,0.875,2.098888888888889,0.1,0.06666666666666667
TR138*0100*2000*01,24.0,8,1.0,0.125,0.125,0.75,0.0,0.0,0.0,0.25,0.75,0.0,0.75,0.0,2.625,3.0,0.484375,0.0,0.0
TR140*0100*2000*01,28.0,19,1.0,0.21052631578947367,0.3684210526315789,0.3684210526315789,0.05263157894736842,0.0,0.0,0.5789473684210527,0.42105263157894735,0.0,0.42105263157894735,0.05263157894736842,2.263157894736842,0.7272727272727273,0.7202216066481996,0.05263157894736842,0.21052631578947367
TR142*0100*2000*01,18.0,10,1.0,0.4,0.2,0.4,0.0,0.0,0.0,0.6,0.4,0.0,0.4,0.0,2.0,0.6666666666666666,0.8,0.2,0.1
TR144*0100*2000*01,30.0,22,1.0,0.36363636363636365,0.2727272727272727,0.2727272727272727,0.045454545454545456,0.0,0.045454545454545456,0.6363636363636364,0.3181818181818182,0.045454545454545456,0.36363636363636365,0.09090909090909091,2.1818181818181817,0.5714285714285714,1.512396694214876,0.18181818181818182,0.09090909090909091
TR145*0100*2000*01,32.0,20,0.95,0.21052631578947367,0.15789473684210525,0.42105263157894735,0.15789473684210525,0.0,0.05263157894736842,0.3684210526315789,0.5789473684210527,0.05263157894736842,0.631578947368421,0.21052631578947367,2.736842105263158,1.7142857142857142,1.5623268698060941,0.1,0.05
TR146*0100*2000*01,36.0,28,1.0,0.42857142857142855,0.2857142857142857,0.14285714285714285,0.07142857142857142,0.03571428571428571,0.03571428571428571,0.7142857142857143,0.21428571428571427,0.07142857142857142,0.2857142857142857,0.14285714285714285,2.107142857142857,0.4,1.7385204081632648,0.07142857142857142,0.07142857142857142
TR147*0100*2000*01,33.0,22,1.0,0.22727272727272727,0.3181818181818182,0.2727272727272727,0.18181818181818182,0.0,0.0,0.5454545454545454,0.45454545454545453,0.0,0.45454545454545453,0.18181818181818182,2.409090909090909,0.8333333333333334,1.059917355371901,0.09090909090909091,0.13636363636363635
TR148*0100*2000*01,31.0,26,1.0,0.19230769230769232,0.5,0.15384615384615385,0.11538461538461539,0.038461538461538464,0.0,0.6923076923076923,0.2692307692307692,0.038461538461538464,0.3076923076923077,0.15384615384615385,2.3076923076923075,0.4444444444444444,1.0591715976331362,0.07692307692307693,0.19230769230769232
TR150*0100*2000*01,31.0,21,1.0,0.23809523809523808,0.23809523809523808,0.19047619047619047,0.14285714285714285,0.0,0.19047619047619047,0.47619047619047616,0.3333333333333333,0.19047619047619047,0.5238095238095238,0.3333333333333333,3.0,1.1,3.0476190476190474,0.0,0.19047619047619047
TR778*0100*2000*01,24.0,20,0.85,0.29411764705882354,0.47058823529411764,0.11764705882352941,0.058823529411764705,0.0,0.058823529411764705,0.7647058823529411,0.17647058823529413,0.058823529411764705,0.23529411764705882,0.11764705882352941,2.176470588235294,0.3076923076923077,1.5570934256055364,0.1,0.4
TR152*0100*2000*01,35.0,17,1.0,0.17647058823529413,0.35294117647058826,0.35294117647058826,0.058823529411764705,0.0,0.058823529411764705,0.5294117647058824,0.4117647058823529,0.058823529411764705,0.47058823529411764,0.11764705882352941,2.5294117647058822,0.8888888888888888,1.4256055363321798,0.058823529411764705,0.11764705882352941
TR153*0100*2000*01,30.0,31,0.9354838709677419,0.3448275862068966,0.06896551724137931,0.27586206896551724,0.1724137931034483,0.13793103448275862,0.0,0.41379310344827586,0.4482758620689655,0.13793103448275862,0.5862068965517241,0.3103448275862069,2.689655172413793,1.4166666666666667,2.076099881093936,0.12903225806451613,0.22580645161290322
TR155*0100*2000*01,27.0,12,1.0,0.3333333333333333,0.25,0.3333333333333333,0.08333333333333333,0.0,0.0,0.5833333333333334,0.4166666666666667,0.0,0.4166666666666667,0.08333333333333333,2.1666666666666665,0.7142857142857143,0.9722222222222222,0.16666666666666666,0.16666666666666666
TR157*0100*2000*01,23.0,13,0.9230769230769231,0.4166666666666667,0.3333333333333333,0.16666666666666666,0.08333333333333333,0.0,0.0,0.75,0.25,0.0,0.25,0.08333333333333333,1.9166666666666667,0.3333333333333333,0.9097222222222222,0.15384615384615385,0.15384615384615385
TR158*0100*2000*01,20.0,18,0.9444444444444444,0.29411764705882354,0.11764705882352941,0.4117647058823529,0.058823529411764705,0.0,0.11764705882352941,0.4117647058823529,0.47058823529411764,0.11764705882352941,0.5882352941176471,0.17647058823529413,2.7058823529411766,1.4285714285714286,2.3252595155709344,0.05555555555555555,0.2777777777777778
TR160*0100*2000*01,17.0,18,0.9444444444444444,0.35294117647058826,0.11764705882352941,0.4117647058823529,0.11764705882352941,0.0,0.0,0.47058823529411764,0.5294117647058824,0.0,0.5294117647058824,0.11764705882352941,2.2941176470588234,1.125,1.1487889273356402,0.1111111111111111,0.05555555555555555
TR161*0100*2000*01,38.0,26,0.9230769230769231,0.2916666666666667,0.16666666666666666,0.4583333333333333,0.08333333333333333,0.0,0.0,0.4583333333333333,0.5416666666666666,0.0,0.5416666666666666,0.08333333333333333,2.3333333333333335,1.1818181818181819,0.9722222222222222,0.15384615384615385,0.19230769230769232
TR163*0100*2000*01,24.0,22,1.0,0.3181818181818182,0.2727272727272727,0.36363636363636365,0.045454545454545456,0.0,0.0,0.5909090909090909,0.4090909090909091,0.0,0.4090909090909091,0.045454545454545456,2.1363636363636362,0.6923076923076923,0.8450413223140497,0.18181818181818182,0.22727272727272727
TR169*0100*2000*01,33.0,19,1.0,0.21052631578947367,0.42105263157894735,0.3157894736842105,0.05263157894736842,0.0,0.0,0.631578947368421,0.3684210526315789,0.0,0.3684210526315789,0.05263157894736842,2.210526315789474,0.5833333333333334,0.6925207756232686,0.0,0.21052631578947367
TR779*0100*2000*01,30.0,24,0.9583333333333334,0.2608695652173913,0.30434782608695654,0.34782608695652173,0.043478260869565216,0.0,0.043478260869565216,0.5652173913043478,0.391304347826087,0.043478260869565216,0.43478260869565216,0.08695652173913043,2.347826086956522,0.7692307692307693,1.3572778827977314,0.20833333333333334,0.125
TR172*0100*2000*01,34.0,13,1.0,0.15384615384615385,0.3076923076923077,0.46153846153846156,0.07692307692307693,0.0,0.0,0.46153846153846156,0.5384615384615384,0.0,0.5384615384615384,0.07692307692307693,2.4615384615384617,1.1666666666666667,0.7100591715976332,0.23076923076923078,0.07692307692307693
TR173*0100*2000*01,33.0,20,1.0,0.1,0.35,0.3,0.25,0.0,0.0,0.45,0.55,0.0,0.55,0.25,2.7,1.2222222222222223,0.9100000000000004,0.0,0.2
TR174*0100*2000*01,30.0,16,1.0,0.25,0.375,0.25,0.0625,0.0,0.0625,0.625,0.3125,0.0625,0.375,0.125,2.375,0.6,1.609375,0.0625,0.125
TR177*0100*2000*01,11.0,18,1.0,0.2777777777777778,0.3333333333333333,0.1111111111111111,0.2777777777777778,0.0,0.0,0.6111111111111112,0.3888888888888889,0.0,0.3888888888888889,0.2777777777777778,2.388888888888889,0.6363636363636364,1.3487654320987656,0.05555555555555555,0.16666666666666666
TR178*0100*2000*01,30.0,16,1.0,0.3125,0.3125,0.3125,0.0625,0.0,0.0,0.625,0.375,0.0,0.375,0.0625,2.125,0.6,0.859375,0.125,0.125
TR182*0100*2000*01,31.0,10,0.9,0.4444444444444444,0.2222222222222222,0.1111111111111111,0.1111111111111111,0.1111111111111111,0.0,0.6666666666666666,0.2222222222222222,0.1111111111111111,0.3333333333333333,0.2222222222222222,2.2222222222222223,0.5,1.9506172839506175,0.1,0.3
TR186*0100*2000*01,30.0,23,1.0,0.2608695652173913,0.34782608695652173,0.17391304347826086,0.13043478260869565,0.0,0.08695652173913043,0.6086956521739131,0.30434782608695654,0.08695652173913043,0.391304347826087,0.21739130434782608,2.5217391304347827,0.6428571428571429,2.0756143667296785,0.13043478260869565,0.13043478260869565
TR188*0100*2000*01,25.0,8,1.0,0.5,0.25,0.125,0.0,0.0,0.125,0.75,0.125,0.125,0.25,0.125,2.125,0.3333333333333333,2.609375,0.0,0.125
TR191*0100*2000*01,22.0,13,1.0,0.3076923076923077,0.15384615384615385,0.15384615384615385,0.15384615384615385,0.07692307692307693,0.15384615384615385,0.46153846153846156,0.3076923076923077,0.23076923076923078,0.5384615384615384,0.38461538461538464,3.0,1.1666666666666667,3.230769230769231,0.23076923076923078,0.3076923076923077
TR192*0100*2000*01,27.0,20,0.95,0.2631578947368421,0.3157894736842105,0.2631578947368421,0.10526315789473684,0.05263157894736842,0.0,0.5789473684210527,0.3684210526315789,0.05263157894736842,0.42105263157894735,0.15789473684210525,2.3684210526315788,0.7272727272727273,1.2853185595567866,0.15,0.15
TR193*0100*2000*01,16.0,14,1.0,0.07142857142857142,0.2857142857142857,0.35714285714285715,0.14285714285714285,0.07142857142857142,0.07142857142857142,0.35714285714285715,0.5,0.14285714285714285,0.6428571428571429,0.2857142857142857,3.0714285714285716,1.8,1.6377551020408165,0.07142857142857142,0.07142857142857142
TR195*0100*2000*01,34.0,20,1.0,0.25,0.1,0.35,0.15,0.1,0.05,0.35,0.5,0.15,0.65,0.3,2.9,1.8571428571428572,2.0900000000000003,0.1,0.05
TR197*0100*2000*01,32.0,27,0.9629629629629629,0.4230769230769231,0.19230769230769232,0.3076923076923077,0.038461538461538464,0.038461538461538464,0.0,0.6153846153846154,0.34615384615384615,0.038461538461538464,0.38461538461538464,0.07692307692307693,2.076923076923077,0.625,1.224852071005917,0.1111111111111111,0.14814814814814814
TR201*0100*2000*01,30.0,16,1.0,0.1875,0.375,0.3125,0.0625,0.0625,0.0,0.5625,0.375,0.0625,0.4375,0.125,2.4375,0.7777777777777778,1.12109375,0.125,0.1875
TR202*0100*2000*01,26.0,15,1.0,0.2,0.13333333333333333,0.4666666666666667,0.2,0.0,0.0,0.3333333333333333,0.6666666666666666,0.0,0.6666666666666666,0.2,2.6666666666666665,2.0,1.022222222222222,0.13333333333333333,0.06666666666666667
TR203*0100*2000*01,34.0,18,1.0,0.2222222222222222,0.2222222222222222,0.2777777777777778,0.2777777777777778,0.0,0.0,0.4444444444444444,0.5555555555555556,0.0,0.5555555555555556,0.2777777777777778,2.611111111111111,1.25,1.2376543209876543,0.16666666666666666,0.05555555555555555
TR204*0100*2000*01,28.0,26,1.0,0.11538461538461539,0.11538461538461539,0.4230769230769231,0.23076923076923078,0.038461538461538464,0.07692307692307693,0.23076923076923078,0.6538461538461539,0.11538461538461539,0.7692307692307693,0.34615384615384615,3.1923076923076925,3.3333333333333335,1.6168639053254437,0.11538461538461539,0.038461538461538464
TR781*0100*2000*01,36.0,33,1.0,0.2727272727272727,0.21212121212121213,0.2727272727272727,0.12121212121212122,0.030303030303030304,0.09090909090909091,0.48484848484848486,0.3939393939393939,0.12121212121212122,0.5151515151515151,0.24242424242424243,2.696969696969697,1.0625,2.2718089990817263,0.15151515151515152,0.09090909090909091
TR209*0100*2000*01,34.0,25,0.96,0.3333333333333333,0.20833333333333334,0.25,0.125,0.041666666666666664,0.041666666666666664,0.5416666666666666,0.375,0.08333333333333333,0.4583333333333333,0.20833333333333334,2.4583333333333335,0.8461538461538461,1.9149305555555554,0.08,0.04
TR216*0100*2000*01,25.0,25,1.0,0.2,0.24,0.44,0.04,0.04,0.04,0.44,0.48,0.08,0.56,0.12,2.6,1.2727272727272727,1.4400000000000004,0.08,0.2
TR217*0100*2000*01,24.0,16,1.0,0.375,0.25,0.1875,0.125,0.0,0.0625,0.625,0.3125,0.0625,0.375,0.1875,2.3125,0.6,1.96484375,0.0,0.0
TR220*0100*2000*01,38.0,24,1.0,0.125,0.3333333333333333,0.20833333333333334,0.2916666666666667,0.041666666666666664,0.0,0.4583333333333333,0.5,0.041666666666666664,0.5416666666666666,0.3333333333333333,2.7916666666666665,1.1818181818181819,1.2482638888888888,0.125,0.041666666666666664
TR229*0100*2000*01,21.0,18,1.0,0.2777777777777778,0.1111111111111111,0.4444444444444444,0.16666666666666666,0.0,0.0,0.3888888888888889,0.6111111111111112,0.0,0.6111111111111112,0.16666666666666666,2.5,1.5714285714285714,1.1388888888888888,0.1111111111111111,0.05555555555555555
TR235*0100*2000*01,40.0,20,1.0,0.25,0.25,0.25,0.2,0.0,0.05,0.5,0.45,0.05,0.5,0.25,2.6,1.0,1.7399999999999998,0.1,0.1
TR238*0100*2000*01,27.0,17,1.0,0.4117647058823529,0.29411764705882354,0.11764705882352941,0.058823529411764705,0.058823529411764705,0.058823529411764705,0.7058823529411765,0.17647058823529413,0.11764705882352941,0.29411764705882354,0.17647058823529413,2.235294117647059,0.4166666666666667,2.179930795847751,0.11764705882352941,0.058823529411764705
TR782*0100*2000*01,28.0,12,1.0,0.25,0.25,0.16666666666666666,0.25,0.0,0.08333333333333333,0.5,0.4166666666666667,0.08333333333333333,0.5,0.3333333333333333,2.75,1.0,2.1875,0.08333333333333333,0.08333333333333333
TR27*0100*2000*01,27.0,23,0.9565217391304348,0.22727272727272727,0.22727272727272727,0.4090909090909091,0.045454545454545456,0.0,0.09090909090909091,0.45454545454545453,0.45454545454545453,0.09090909090909091,0.5454545454545454,0.13636363636363635,2.6363636363636362,1.2,1.867768595041322,0.17391304347826086,0.13043478260869565
TR29*0100*2000*01,29.0,19,0.9473684210526315,0.3888888888888889,0.3333333333333333,0.2777777777777778,0.0,0.0,0.0,0.7222222222222222,0.2777777777777778,0.0,0.2777777777777778,0.0,1.8888888888888888,0.38461538461538464,0.6543209876543209,0.05263157894736842,0.15789473684210525
TR32*0100*2000*01,30.0,14,0.9285714285714286,0.07692307692307693,0.3076923076923077,0.38461538461538464,0.15384615384615385,0.07692307692307693,0.0,0.38461538461538464,0.5384615384615384,0.07692307692307693,0.6153846153846154,0.23076923076923078,2.8461538461538463,1.6,1.0532544378698225,0.21428571428571427,0.2857142857142857
TR37*0100*2000*01,26.0,18,1.0,0.2777777777777778,0.2222222222222222,0.2222222222222222,0.2222222222222222,0.0,0.05555555555555555,0.5,0.4444444444444444,0.05555555555555555,0.5,0.2777777777777778,2.611111111111111,1.0,1.904320987654321,0.16666666666666666,0.05555555555555555
TR783*0100*2000*01,29.0,18,1.0,0.16666666666666666,0.3333333333333333,0.3333333333333333,0.16666666666666666,0.0,0.0,0.5,0.5,0.0,0.5,0.16666666666666666,2.5,1.0,0.9166666666666666,0.16666666666666666,0.2222222222222222
TR242*0100*2000*01,18.0,10,1.0,0.5,0.2,0.1,0.1,0.0,0.1,0.7,0.2,0.1,0.3,0.2,2.2,0.42857142857142855,2.5599999999999996,0.0,0.1
TR243*0100*2000*01,36.0,21,1.0,0.2857142857142857,0.23809523809523808,0.42857142857142855,0.0,0.047619047619047616,0.0,0.5238095238095238,0.42857142857142855,0.047619047619047616,0.47619047619047616,0.047619047619047616,2.2857142857142856,0.9090909090909091,1.0612244897959182,0.14285714285714285,0.0
TR249*0100*2000*01,35.0,20,1.0,0.1,0.4,0.35,0.1,0.0,0.05,0.5,0.45,0.05,0.5,0.15,2.65,1.0,1.2275,0.1,0.3
TR251*0100*2000*01,28.0,15,0.9333333333333333,0.2857142857142857,0.42857142857142855,0.14285714285714285,0.07142857142857142,0.07142857142857142,0.0,0.7142857142857143,0.21428571428571427,0.07142857142857142,0.2857142857142857,0.14285714285714285,2.2142857142857144,0.4,1.3112244897959182,0.06666666666666667,0.2
TR252*0100*2000*01,28.0,22,1.0,0.22727272727272727,0.2727272727272727,0.13636363636363635,0.2727272727272727,0.09090909090909091,0.0,0.5,0.4090909090909091,0.09090909090909091,0.5,0.36363636363636365,2.727272727272727,1.0,1.7438016528925617,0.045454545454545456,0.045454545454545456
TR256*0100*2000*01,24.0,18,1.0,0.2777777777777778,0.2777777777777778,0.3333333333333333,0.1111111111111111,0.0,0.0,0.5555555555555556,0.4444444444444444,0.0,0.4444444444444444,0.1111111111111111,2.2777777777777777,0.8,0.9783950617283952,0.05555555555555555,0.05555555555555555
TR258*0100*2000*01,26.0,29,0.9310344827586207,0.14814814814814814,0.4074074074074074,0.2962962962962963,0.1111111111111111,0.037037037037037035,0.0,0.5555555555555556,0.4074074074074074,0.037037037037037035,0.4444444444444444,0.14814814814814814,2.4814814814814814,0.8,0.99039780521262,0.20689655172413793,0.2413793103448276
TR784*0100*2000*01,32.0,23,1.0,0.30434782608695654,0.2608695652173913,0.2608695652173913,0.043478260869565216,0.0,0.13043478260869565,0.5652173913043478,0.30434782608695654,0.13043478260869565,0.43478260869565216,0.17391304347826086,2.5652173913043477,0.7692307692307693,2.5066162570888464,0.043478260869565216,0.13043478260869565
TR260*0100*2000*01,34.0,27,1.0,0.2962962962962963,0.37037037037037035,0.1111111111111111,0.18518518518518517,0.0,0.037037037037037035,0.6666666666666666,0.2962962962962963,0.037037037037037035,0.3333333333333333,0.2222222222222222,2.3333333333333335,0.5,1.6296296296296295,0.1111111111111111,0.07407407407407407
TR261*0100*2000*01,29.0,21,1.0,0.3333333333333333,0.19047619047619047,0.2857142857142857,0.09523809523809523,0.047619047619047616,0.047619047619047616,0.5238095238095238,0.38095238095238093,0.09523809523809523,0.47619047619047616,0.19047619047619047,2.4761904761904763,0.9090909090909091,1.9637188208616778,0.14285714285714285,0.09523809523809523
TR262*0100*2000*01,36.0,15,1.0,0.13333333333333333,0.2,0.4666666666666667,0.13333333333333333,0.0,0.06666666666666667,0.3333333333333333,0.6,0.06666666666666667,0.6666666666666666,0.2,2.8666666666666667,2.0,1.4488888888888887,0.26666666666666666,0.06666666666666667
TR269*0100*2000*01,29.0,13,1.0,0.15384615384615385,0.07692307692307693,0.38461538461538464,0.3076923076923077,0.07692307692307693,0.0,0.23076923076923078,0.6923076923076923,0.07692307692307693,0.7692307692307693,0.38461538461538464,3.076923076923077,3.3333333333333335,1.301775147928994,0.23076923076923078,0.0
TR270*0100*2000*01,31.0,22,0.9090909090909091,0.25,0.4,0.25,0.05,0.0,0.05,0.65,0.3,0.05,0.35,0.1,2.3,0.5384615384615384,1.41,0.09090909090909091,0.3181818181818182
TR274*0100*2000*01,36.0,25,1.0,0.12,0.2,0.52,0.08,0.08,0.0,0.32,0.6,0.08,0.68,0.16,2.8,2.125,1.04,0.08,0.0
TR276*0100*2000*01,29.0,16,1.0,0.375,0.25,0.25,0.0625,0.0,0.0625,0.625,0.3125,0.0625,0.375,0.125,2.25,0.6,1.8125,0.125,0.125
TR785*0100*2000*01,24.0,20,1.0,0.2,0.25,0.2,0.3,0.0,0.05,0.45,0.5,0.05,0.55,0.35,2.8,1.2222222222222223,1.7600000000000002,0.1,0.25
TR279*0100*2000*01,22.0,29,0.9655172413793104,0.25,0.25,0.42857142857142855,0.07142857142857142,0.0,0.0,0.5,0.5,0.0,0.5,0.07142857142857142,2.3214285714285716,1.0,0.8609693877551019,0.06896551724137931,0.1724137931034483
TR280*0100*2000*01,22.0,26,0.9615384615384616,0.16,0.36,0.28,0.12,0.04,0.04,0.52,0.4,0.08,0.48,0.2,2.64,0.9230769230769231,1.5104,0.11538461538461539,0.15384615384615385
TR281*0100*2000*01,25.0,9,1.0,0.3333333333333333,0.3333333333333333,0.2222222222222222,0.1111111111111111,0.0,0.0,0.6666666666666666,0.3333333333333333,0.0,0.3333333333333333,0.1111111111111111,2.111111111111111,0.5,0.9876543209876544,0.0,0.0
TR282*0100*2000*01,25.0,21,1.0,0.23809523809523808,0.2857142857142857,0.19047619047619047,0.14285714285714285,0.047619047619047616,0.09523809523809523,0.5238095238095238,0.3333333333333333,0.14285714285714285,0.47619047619047616,0.2857142857142857,2.761904761904762,0.9090909090909091,2.3718820861678003,0.047619047619047616,0.047619047619047616
TR283*0100*2000*01,25.0,15,1.0,0.2,0.3333333333333333,0.26666666666666666,0.2,0.0,0.0,0.5333333333333333,0.4666666666666667,0.0,0.4666666666666667,0.2,2.466666666666667,0.875,1.048888888888889,0.2,0.13333333333333333
TR285*0100*2000*01,24.0,20,1.0,0.25,0.2,0.4,0.15,0.0,0.0,0.45,0.55,0.0,0.55,0.15,2.45,1.2222222222222223,1.0474999999999999,0.2,0.15
TR286*0100*2000*01,32.0,27,1.0,0.2222222222222222,0.18518518518518517,0.4444444444444444,0.0,0.1111111111111111,0.037037037037037035,0.4074074074074074,0.4444444444444444,0.14814814814814814,0.5925925925925926,0.14814814814814814,2.7037037037037037,1.4545454545454546,1.764060356652949,0.14814814814814814,0.1111111111111111
TR287*0100*2000*01,26.0,29,0.9310344827586207,0.14814814814814814,0.3333333333333333,0.3333333333333333,0.14814814814814814,0.037037037037037035,0.0,0.48148148148148145,0.48148148148148145,0.037037037037037035,0.5185185185185185,0.18518518518518517,2.5925925925925926,1.0769230769230769,1.0562414266117972,0.034482758620689655,0.20689655172413793
TR290*0100*2000*01,26.0,26,1.0,0.38461538461538464,0.19230769230769232,0.2692307692307692,0.15384615384615385,0.0,0.0,0.5769230769230769,0.4230769230769231,0.0,0.4230769230769231,0.15384615384615385,2.1923076923076925,0.7333333333333333,1.2322485207100593,0.15384615384615385,0.07692307692307693
TR291*0100*2000*01,25.0,24,1.0,0.2916666666666667,0.16666666666666666,0.375,0.16666666666666666,0.0,0.0,0.4583333333333333,0.5416666666666666,0.0,0.5416666666666666,0.16666666666666666,2.4166666666666665,1.1818181818181819,1.159722222222222,0.08333333333333333,0.0
TR292*0100*2000*01,40.0,17,1.0,0.17647058823529413,0.11764705882352941,0.35294117647058826,0.23529411764705882,0.058823529411764705,0.058823529411764705,0.29411764705882354,0.5882352941176471,0.11764705882352941,0.7058823529411765,0.35294117647058826,3.0588235294117645,2.4,1.820069204152249,0.0,0.17647058823529413
TR293*0100*2000*01,37.0,18,1.0,0.3333333333333333,0.2777777777777778,0.2222222222222222,0.1111111111111111,0.0,0.05555555555555555,0.6111111111111112,0.3333333333333333,0.05555555555555555,0.3888888888888889,0.16666666666666666,2.3333333333333335,0.6363636363636364,1.7777777777777777,0.05555555555555555,0.1111111111111111
TR295*0100*2000*01,17.0,19,0.9473684210526315,0.16666666666666666,0.2777777777777778,0.2777777777777778,0.2777777777777778,0.0,0.0,0.4444444444444444,0.5555555555555556,0.0,0.5555555555555556,0.2777777777777778,2.6666666666666665,1.25,1.1111111111111112,0.10526315789473684,0.21052631578947367
TR296*0100*2000*01,33.0,16,1.0,0.3125,0.125,0.25,0.1875,0.0,0.125,0.4375,0.4375,0.125,0.5625,0.3125,2.8125,1.2857142857142858,2.65234375,0.1875,0.0
TR298*0100*2000*01,26.0,24,1.0,0.25,0.3333333333333333,0.16666666666666666,0.25,0.0,0.0,0.5833333333333334,0.4166666666666667,0.0,0.4166666666666667,0.25,2.4166666666666665,0.7142857142857143,1.2430555555555556,0.0,0.041666666666666664
TR300*0100*2000*01,23.0,20,1.0,0.1,0.4,0.35,0.15,0.0,0.0,0.5,0.5,0.0,0.5,0.15,2.55,1.0,0.7475,0.2,0.1
TR302*0100*2000*01,11.0,15,1.0,0.3333333333333333,0.2,0.26666666666666666,0.06666666666666667,0.0,0.13333333333333333,0.5333333333333333,0.3333333333333333,0.13333333333333333,0.4666666666666667,0.2,2.6,0.875,2.6399999999999997,0.13333333333333333,0.0
TR303*0100*2000*01,34.0,14,1.0,0.42857142857142855,0.2857142857142857,0.07142857142857142,0.21428571428571427,0.0,0.0,0.7142857142857143,0.2857142857142857,0.0,0.2857142857142857,0.21428571428571427,2.0714285714285716,0.4,1.3520408163265307,0.07142857142857142,0.14285714285714285
TR307*0100*2000*01,33.0,22,0.9545454545454546,0.23809523809523808,0.14285714285714285,0.3333333333333333,0.09523809523809523,0.19047619047619047,0.0,0.38095238095238093,0.42857142857142855,0.19047619047619047,0.6190476190476191,0.2857142857142857,2.857142857142857,1.625,1.9319727891156457,0.18181818181818182,0.13636363636363635
TR309*0100*2000*01,26.0,12,1.0,0.25,0.3333333333333333,0.3333333333333333,0.08333333333333333,0.0,0.0,0.5833333333333334,0.4166666666666667,0.0,0.4166666666666667,0.08333333333333333,2.25,0.7142857142857143,0.8541666666666666,0.0,0.16666666666666666
TR310*0100*2000*01,26.0,38,1.0,0.2894736842105263,0.23684210526315788,0.39473684210526316,0.07894736842105263,0.0,0.0,0.5263157894736842,0.47368421052631576,0.0,0.47368421052631576,0.07894736842105263,2.263157894736842,0.9,0.9307479224376728,0.02631578947368421,0.21052631578947367
TR312*0100*2000*01,25.0,18,1.0,0.3333333333333333,0.2222222222222222,0.16666666666666666,0.16666666666666666,0.05555555555555555,0.05555555555555555,0.5555555555555556,0.3333333333333333,0.1111111111111111,0.4444444444444444,0.2777777777777778,2.5555555555555554,0.8,2.2469135802469133,0.05555555555555555,0.1111111111111111
TR313*0100*2000*01,33.0,27,1.0,0.2962962962962963,0.25925925925925924,0.3333333333333333,0.1111111111111111,0.0,0.0,0.5555555555555556,0.4444444444444444,0.0,0.4444444444444444,0.1111111111111111,2.259259259259259,0.8,1.0068587105624143,0.07407407407407407,0.18518518518518517
TR314*0100*2000*01,32.0,14,1.0,0.21428571428571427,0.5,0.14285714285714285,0.07142857142857142,0.07142857142857142,0.0,0.7142857142857143,0.21428571428571427,0.07142857142857142,0.2857142857142857,0.14285714285714285,2.2857142857142856,0.4,1.2040816326530612,0.0,0.42857142857142855
TR315*0100*2000*01,24.0,23,1.0,0.391304347826087,0.391304347826087,0.0,0.21739130434782608,0.0,0.0,0.782608695652174,0.21739130434782608,0.0,0.21739130434782608,0.21739130434782608,2.0434782608695654,0.2777777777777778,1.2589792060491494,0.043478260869565216,0.13043478260869565
TR316*0100*2000*01,35.0,28,0.9642857142857143,0.1111111111111111,0.2962962962962963,0.5185185185185185,0.037037037037037035,0.0,0.037037037037037035,0.4074074074074074,0.5555555555555556,0.037037037037037035,0.5925925925925926,0.07407407407407407,2.6296296296296298,1.4545454545454546,0.9739368998628258,0.14285714285714285,0.10714285714285714
TR318*0100*2000*01,32.0,30,0.9333333333333333,0.25,0.35714285714285715,0.21428571428571427,0.10714285714285714,0.03571428571428571,0.03571428571428571,0.6071428571428571,0.32142857142857145,0.07142857142857142,0.39285714285714285,0.17857142857142858,2.4285714285714284,0.6470588235294118,1.6020408163265305,0.06666666666666667,0.23333333333333334
TR319*0100*2000*01,21.0,14,1.0,0.5,0.07142857142857142,0.21428571428571427,0.14285714285714285,0.0,0.07142857142857142,0.5714285714285714,0.35714285714285715,0.07142857142857142,0.42857142857142855,0.21428571428571427,2.2857142857142856,0.75,2.346938775510204,0.0,0.0
TR321*0100*2000*01,21.0,29,1.0,0.3103448275862069,0.3103448275862069,0.3103448275862069,0.0,0.06896551724137931,0.0,0.6206896551724138,0.3103448275862069,0.06896551724137931,0.3793103448275862,0.06896551724137931,2.206896551724138,0.6111111111111112,1.1985731272294886,0.10344827586206896,0.3103448275862069
TR325*0100*2000*01,25.0,16,1.0,0.4375,0.1875,0.1875,0.125,0.0625,0.0,0.625,0.3125,0.0625,0.375,0.1875,2.1875,0.6,1.65234375,0.0625,0.1875
TR327*0100*2000*01,26.0,16,1.0,0.4375,0.125,0.25,0.1875,0.0,0.0,0.5625,0.4375,0.0,0.4375,0.1875,2.1875,0.7777777777777778,1.40234375,0.1875,0.0625
TR328*0100*2000*01,30.0,28,0.9642857142857143,0.18518518518518517,0.3333333333333333,0.2962962962962963,0.1111111111111111,0.07407407407407407,0.0,0.5185185185185185,0.4074074074074074,0.07407407407407407,0.48148148148148145,0.18518518518518517,2.5555555555555554,0.9285714285714286,1.2839506172839505,0.21428571428571427,0.21428571428571427
TR329*0100*2000*01,29.0,19,1.0,0.2631578947368421,0.15789473684210525,0.15789473684210525,0.3684210526315789,0.0,0.05263157894736842,0.42105263157894735,0.5263157894736842,0.05263157894736842,0.5789473684210527,0.42105263157894735,2.8421052631578947,1.375,2.0277008310249305,0.21052631578947367,0.05263157894736842
TR331*0100*2000*01,25.0,13,1.0,0.38461538461538464,0.3076923076923077,0.3076923076923077,0.0,0.0,0.0,0.6923076923076923,0.3076923076923077,0.0,0.3076923076923077,0.0,1.9230769230769231,0.4444444444444444,0.6863905325443788,0.07692307692307693,0.15384615384615385
TR334*0100*2000*01,19.0,10,1.0,0.3,0.2,0.2,0.3,0.0,0.0,0.5,0.5,0.0,0.5,0.3,2.5,1.0,1.45,0.1,0.1
TR335*0100*2000*01,33.0,26,0.9615384615384616,0.28,0.16,0.2,0.24,0.04,0.08,0.44,0.44,0.12,0.56,0.36,2.84,1.2727272727272727,2.3743999999999996,0.038461538461538464,0.23076923076923078
TR338*0100*2000*01,30.0,23,0.9565217391304348,0.13636363636363635,0.45454545454545453,0.22727272727272727,0.09090909090909091,0.045454545454545456,0.045454545454545456,0.5909090909090909,0.3181818181818182,0.09090909090909091,0.4090909090909091,0.18181818181818182,2.590909090909091,0.6923076923076923,1.5144628099173554,0.043478260869565216,0.30434782608695654
TR342*0100*2000*01,28.0,19,1.0,0.21052631578947367,0.3684210526315789,0.3684210526315789,0.0,0.0,0.05263157894736842,0.5789473684210527,0.3684210526315789,0.05263157894736842,0.42105263157894735,0.05263157894736842,2.3684210526315788,0.7272727272727273,1.2853185595567864,0.10526315789473684,0.05263157894736842
TR343*0100*2000*01,24.0,15,1.0,0.3333333333333333,0.4,0.26666666666666666,0.0,0.0,0.0,0.7333333333333333,0.26666666666666666,0.0,0.26666666666666666,0.0,1.9333333333333333,0.36363636363636365,0.5955555555555557,0.13333333333333333,0.06666666666666667
TR344*0100*2000*01,35.0,19,0.9473684210526315,0.3333333333333333,0.3888888888888889,0.16666666666666666,0.05555555555555555,0.0,0.05555555555555555,0.7222222222222222,0.2222222222222222,0.05555555555555555,0.2777777777777778,0.1111111111111111,2.1666666666666665,0.38461538461538464,1.5833333333333333,0.10526315789473684,0.15789473684210525
TR345*0100*2000*01,36.0,42,0.9047619047619048,0.13157894736842105,0.5,0.21052631578947367,0.13157894736842105,0.0,0.02631578947368421,0.631578947368421,0.34210526315789475,0.02631578947368421,0.3684210526315789,0.15789473684210525,2.4473684210526314,0.5833333333333334,1.0893351800554019,0.0,0.35714285714285715
TR346*0100*2000*01,24.0,20,0.95,0.3684210526315789,0.3684210526315789,0.2631578947368421,0.0,0.0,0.0,0.7368421052631579,0.2631578947368421,0.0,0.2631578947368421,0.0,1.894736842105263,0.35714285714285715,0.6204986149584489,0.05,0.2
TR347*0100*2000*01,39.0,18,0.9444444444444444,0.17647058823529413,0.0,0.5294117647058824,0.23529411764705882,0.058823529411764705,0.0,0.17647058823529413,0.7647058823529411,0.058823529411764705,0.8235294117647058,0.29411764705882354,3.0,4.666666666666667,1.1764705882352942,0.4444444444444444,0.1111111111111111
TR349*0100*2000*01,23.0,16,1.0,0.0625,0.125,0.5625,0.25,0.0,0.0,0.1875,0.8125,0.0,0.8125,0.25,3.0,4.333333333333333,0.625,0.1875,0.0
TR350*0100*2000*01,25.0,19,0.9473684210526315,0.2777777777777778,0.16666666666666666,0.2777777777777778,0.2222222222222222,0.0,0.05555555555555555,0.4444444444444444,0.5,0.05555555555555555,0.5555555555555556,0.2777777777777778,2.6666666666666665,1.25,1.8888888888888888,0.10526315789473684,0.15789473684210525
TR356*0100*2000*01,25.0,22,0.9545454545454546,0.09523809523809523,0.09523809523809523,0.2857142857142857,0.3333333333333333,0.0,0.19047619047619047,0.19047619047619047,0.6190476190476191,0.19047619047619047,0.8095238095238095,0.5238095238095238,3.619047619047619,4.25,2.140589569160998,0.13636363636363635,0.13636363636363635
TR358*0100*2000*01,35.0,24,1.0,0.25,0.125,0.3333333333333333,0.20833333333333334,0.041666666666666664,0.041666666666666664,0.375,0.5416666666666666,0.08333333333333333,0.625,0.2916666666666667,2.7916666666666665,1.6666666666666667,1.831597222222222,0.08333333333333333,0.16666666666666666
TR360*0100*2000*01,38.0,20,0.95,0.15789473684210525,0.2631578947368421,0.3157894736842105,0.2631578947368421,0.0,0.0,0.42105263157894735,0.5789473684210527,0.0,0.5789473684210527,0.2631578947368421,2.6842105263157894,1.375,1.0581717451523547,0.15,0.1
TR361*0100*2000*01,26.0,20,1.0,0.25,0.2,0.3,0.25,0.0,0.0,0.45,0.55,0.0,0.55,0.25,2.55,1.2222222222222223,1.2474999999999996,0.1,0.05
TR363*0100*2000*01,34.0,21,0.9523809523809523,0.15,0.3,0.25,0.25,0.0,0.05,0.45,0.5,0.05,0.55,0.3,2.8,1.2222222222222223,1.56,0.09523809523809523,0.19047619047619047
TR366*0100*2000*01,31.0,13,0.9230769230769231,0.3333333333333333,0.16666666666666666,0.3333333333333333,0.08333333333333333,0.08333333333333333,0.0,0.5,0.4166666666666667,0.08333333333333333,0.5,0.16666666666666666,2.4166666666666665,1.0,1.576388888888889,0.15384615384615385,0.07692307692307693
TR372*0100*2000*01,35.0,25,0.96,0.125,0.20833333333333334,0.25,0.3333333333333333,0.0,0.08333333333333333,0.3333333333333333,0.5833333333333334,0.08333333333333333,0.6666666666666666,0.4166666666666667,3.125,2.0,1.7760416666666667,0.12,0.12
TR790*0100*2000*01,33.0,15,1.0,0.26666666666666666,0.26666666666666666,0.2,0.2,0.0,0.06666666666666667,0.5333333333333333,0.4,0.06666666666666667,0.4666666666666667,0.26666666666666666,2.6,0.875,1.9733333333333334,0.06666666666666667,0.06666666666666667
TR374*0100*2000*01,27.0,21,1.0,0.19047619047619047,0.14285714285714285,0.38095238095238093,0.2857142857142857,0.0,0.0,0.3333333333333333,0.6666666666666666,0.0,0.6666666666666666,0.2857142857142857,2.761904761904762,2.0,1.1337868480725621,0.047619047619047616,0.09523809523809523
TR379*0100*2000*01,36.0,15,1.0,0.13333333333333333,0.13333333333333333,0.4,0.13333333333333333,0.0,0.2,0.26666666666666666,0.5333333333333333,0.2,0.7333333333333333,0.3333333333333333,3.3333333333333335,2.75,2.488888888888889,0.2,0.06666666666666667
TR381*0100*2000*01,39.0,23,1.0,0.30434782608695654,0.2608695652173913,0.17391304347826086,0.2608695652173913,0.0,0.0,0.5652173913043478,0.43478260869565216,0.0,0.43478260869565216,0.2608695652173913,2.391304347826087,0.7692307692307693,1.3686200378071833,0.08695652173913043,0.17391304347826086
TR382*0100*2000*01,33.0,20,0.9,0.2222222222222222,0.3333333333333333,0.3333333333333333,0.1111111111111111,0.0,0.0,0.5555555555555556,0.4444444444444444,0.0,0.4444444444444444,0.1111111111111111,2.3333333333333335,0.8,0.8888888888888888,0.15,0.4
TR383*0100*2000*01,35.0,22,1.0,0.045454545454545456,0.2727272727272727,0.3181818181818182,0.18181818181818182,0.045454545454545456,0.13636363636363635,0.3181818181818182,0.5,0.18181818181818182,0.6818181818181818,0.36363636363636365,3.3181818181818183,2.142857142857143,1.9442148760330575,0.18181818181818182,0.045454545454545456
TR385*0100*2000*01,31.0,27,0.9629629629629629,0.34615384615384615,0.23076923076923078,0.3076923076923077,0.11538461538461539,0.0,0.0,0.5769230769230769,0.4230769230769231,0.0,0.4230769230769231,0.11538461538461539,2.1923076923076925,0.7333333333333333,1.0784023668639053,0.1111111111111111,0.1111111111111111
TR399*0100*2000*01,30.0,26,1.0,0.38461538461538464,0.3076923076923077,0.2692307692307692,0.038461538461538464,0.0,0.0,0.6923076923076923,0.3076923076923077,0.0,0.3076923076923077,0.038461538461538464,1.9615384615384615,0.4444444444444444,0.8062130177514794,0.07692307692307693,0.11538461538461539
TR403*0100*2000*01,26.0,18,0.9444444444444444,0.4117647058823529,0.35294117647058826,0.11764705882352941,0.058823529411764705,0.0,0.058823529411764705,0.7647058823529411,0.17647058823529413,0.058823529411764705,0.23529411764705882,0.11764705882352941,2.0588235294117645,0.3076923076923077,1.70242214532872,0.05555555555555555,0.1111111111111111
TR407*0100*2000*01,33.0,10,0.9,0.2222222222222222,0.2222222222222222,0.5555555555555556,0.0,0.0,0.0,0.4444444444444444,0.5555555555555556,0.0,0.5555555555555556,0.0,2.3333333333333335,1.25,0.6666666666666666,0.3,0.1
TR408*0100*2000*01,34.0,18,1.0,0.2777777777777778,0.1111111111111111,0.2777777777777778,0.2777777777777778,0.05555555555555555,0.0,0.3888888888888889,0.5555555555555556,0.05555555555555555,0.6111111111111112,0.3333333333333333,2.7222222222222223,1.5714285714285714,1.6450617283950622,0.2222222222222222,0.0
TR413*0100*2000*01,35.0,20,0.95,0.21052631578947367,0.3157894736842105,0.21052631578947367,0.10526315789473684,0.15789473684210525,0.0,0.5263157894736842,0.3157894736842105,0.15789473684210525,0.47368421052631576,0.2631578947368421,2.6842105263157894,0.9,1.7950138504155122,0.1,0.1
TR416*0100*2000*01,24.0,14,1.0,0.07142857142857142,0.35714285714285715,0.5,0.07142857142857142,0.0,0.0,0.42857142857142855,0.5714285714285714,0.0,0.5714285714285714,0.07142857142857142,2.5714285714285716,1.3333333333333333,0.5306122448979592,0.14285714285714285,0.07142857142857142
TE1*0100*2001*01,30.0,14,0.8571428571428571,0.08333333333333333,0.16666666666666666,0.5,0.25,0.0,0.0,0.25,0.75,0.0,0.75,0.25,2.9166666666666665,3.0,0.7430555555555555,0.07142857142857142,0.21428571428571427
TE2*0100*2001*01,27.0,33,1.0,0.24242424242424243,0.15151515151515152,0.2727272727272727,0.12121212121212122,0.12121212121212122,0.09090909090909091,0.3939393939393939,0.3939393939393939,0.21212121212121213,0.6060606060606061,0.3333333333333333,3.0,1.5384615384615385,2.5454545454545454,0.09090909090909091,0.06060606060606061
TE3*0100*2001*01,34.0,16,1.0,0.0625,0.0625,0.4375,0.125,0.125,0.1875,0.125,0.5625,0.3125,0.875,0.4375,3.75,7.0,2.0625,0.125,0.0
TE4*0100*2001*01,29.0,20,1.0,0.05,0.15,0.6,0.1,0.05,0.05,0.2,0.7,0.1,0.8,0.2,3.1,4.0,1.0900000000000003,0.1,0.0
TE5*0100*2001*01,29.0,19,1.0,0.47368421052631576,0.21052631578947367,0.10526315789473684,0.10526315789473684,0.05263157894736842,0.05263157894736842,0.6842105263157895,0.21052631578947367,0.10526315789473684,0.3157894736842105,0.21052631578947367,2.210526315789474,0.46153846153846156,2.2714681440443214,0.05263157894736842,0.10526315789473684
TE6*0100*2001*01,24.0,17,1.0,0.11764705882352941,0.35294117647058826,0.23529411764705882,0.17647058823529413,0.11764705882352941,0.0,0.47058823529411764,0.4117647058823529,0.11764705882352941,0.5294117647058824,0.29411764705882354,2.823529411764706,1.125,1.4394463667820068,0.29411764705882354,0.0
TE7*0100*2001*01,26.0,11,0.9090909090909091,0.2,0.3,0.1,0.2,0.1,0.1,0.5,0.3,0.2,0.5,0.4,3.0,1.0,2.6,0.0,0.18181818181818182
TE8*0100*2001*01,25.0,20,0.85,0.23529411764705882,0.17647058823529413,0.47058823529411764,0.11764705882352941,0.0,0.0,0.4117647058823529,0.5882352941176471,0.0,0.5882352941176471,0.11764705882352941,2.4705882352941178,1.4285714285714286,0.9550173010380625,0.15,0.25
TE9*0100*2001*01,24.0,12,0.9166666666666666,0.2727272727272727,0.09090909090909091,0.18181818181818182,0.18181818181818182,0.09090909090909091,0.18181818181818182,0.36363636363636365,0.36363636363636365,0.2727272727272727,0.6363636363636364,0.45454545454545453,3.272727272727273,1.75,3.289256198347108,0.08333333333333333,0.25
TE10*0100*2001*01,26.0,17,1.0,0.35294117647058826,0.29411764705882354,0.11764705882352941,0.11764705882352941,0.058823529411764705,0.058823529411764705,0.6470588235294118,0.23529411764705882,0.11764705882352941,0.35294117647058826,0.23529411764705882,2.411764705882353,0.5454545454545454,2.242214532871973,0.058823529411764705,0.0
TE11*0100*2001*01,23.0,16,1.0,0.3125,0.3125,0.25,0.0,0.0,0.125,0.625,0.25,0.125,0.375,0.125,2.4375,0.6,2.37109375,0.125,0.0625
TE12*0100*2001*01,26.0,19,1.0,0.2631578947368421,0.3684210526315789,0.15789473684210525,0.0,0.05263157894736842,0.15789473684210525,0.631578947368421,0.15789473684210525,0.21052631578947367,0.3684210526315789,0.21052631578947367,2.6842105263157894,0.5833333333333334,2.952908587257618,0.15789473684210525,0.0
TE13*0100*2001*01,26.0,17,1.0,0.23529411764705882,0.35294117647058826,0.29411764705882354,0.11764705882352941,0.0,0.0,0.5882352941176471,0.4117647058823529,0.0,0.4117647058823529,0.11764705882352941,2.2941176470588234,0.7,0.9134948096885813,0.0,0.17647058823529413
TE14*0100*2001*01,38.0,23,0.9565217391304348,0.18181818181818182,0.3181818181818182,0.18181818181818182,0.09090909090909091,0.18181818181818182,0.045454545454545456,0.5,0.2727272727272727,0.22727272727272727,0.5,0.3181818181818182,2.909090909090909,1.0,2.2644628099173554,0.08695652173913043,0.17391304347826086
TE15*0100*2001*01,27.0,26,0.9615384615384616,0.32,0.16,0.32,0.16,0.04,0.0,0.48,0.48,0.04,0.52,0.2,2.44,1.0833333333333333,1.4464,0.07692307692307693,0.11538461538461539
TE16*0100*2001*01,39.0,21,1.0,0.38095238095238093,0.19047619047619047,0.23809523809523808,0.14285714285714285,0.047619047619047616,0.0,0.5714285714285714,0.38095238095238093,0.047619047619047616,0.42857142857142855,0.19047619047619047,2.2857142857142856,0.75,1.537414965986395,0.0,0.0
TE17*0100*2001*01,25.0,11,0.9090909090909091,0.3,0.4,0.2,0.0,0.0,0.1,0.7,0.2,0.1,0.3,0.1,2.3,0.42857142857142855,2.0100000000000002,0.09090909090909091,0.18181818181818182
TE18*0100*2001*01,24.0,14,1.0,0.6428571428571429,0.07142857142857142,0.21428571428571427,0.0,0.0,0.07142857142857142,0.7142857142857143,0.21428571428571427,0.07142857142857142,0.2857142857142857,0.07142857142857142,1.8571428571428572,0.4,1.9795918367346936,0.0,0.0
TE19*0100*2001*01,25.0,13,1.0,0.5384615384615384,0.07692307692307693,0.23076923076923078,0.15384615384615385,0.0,0.0,0.6153846153846154,0.38461538461538464,0.0,0.38461538461538464,0.15384615384615385,2.0,0.625,1.3846153846153846,0.07692307692307693,0.0
TE20*0100*2001*01,30.0,15,1.0,0.3333333333333333,0.3333333333333333,0.2,0.0,0.13333333333333333,0.0,0.6666666666666666,0.2,0.13333333333333333,0.3333333333333333,0.13333333333333333,2.2666666666666666,0.5,1.662222222222222,0.0,0.0
TE21*0100*2001*01,27.0,17,1.0,0.23529411764705882,0.11764705882352941,0.35294117647058826,0.17647058823529413,0.058823529411764705,0.058823529411764705,0.35294117647058826,0.5294117647058824,0.11764705882352941,0.6470588235294118,0.29411764705882354,2.8823529411764706,1.8333333333333333,1.9861591695501735,0.058823529411764705,0.058823529411764705
TE22*0100*2001*01,20.0,16,1.0,0.3125,0.1875,0.1875,0.1875,0.125,0.0,0.5,0.375,0.125,0.5,0.3125,2.625,1.0,1.984375,0.0625,0.0625
TE23*0100*2001*01,21.0,17,1.0,0.11764705882352941,0.11764705882352941,0.17647058823529413,0.47058823529411764,0.058823529411764705,0.058823529411764705,0.23529411764705882,0.6470588235294118,0.11764705882352941,0.7647058823529411,0.5882352941176471,3.411764705882353,3.25,1.6539792387543253,0.058823529411764705,0.17647058823529413
TE24*0100*2001*01,21.0,16,1.0,0.1875,0.4375,0.25,0.125,0.0,0.0,0.625,0.375,0.0,0.375,0.125,2.3125,0.6,0.83984375,0.0625,0.3125
TE25*0100*2001*01,26.0,13,1.0,0.38461538461538464,0.15384615384615385,0.3076923076923077,0.0,0.07692307692307693,0.07692307692307693,0.5384615384615384,0.3076923076923077,0.15384615384615385,0.46153846153846156,0.15384615384615385,2.4615384615384617,0.8571428571428571,2.4023668639053257,0.0,0.07692307692307693
TE26*0100*2001*01,22.0,19,0.9473684210526315,0.16666666666666666,0.5,0.2777777777777778,0.0,0.05555555555555555,0.0,0.6666666666666666,0.2777777777777778,0.05555555555555555,0.3333333333333333,0.05555555555555555,2.2777777777777777,0.5,0.8672839506172839,0.05263157894736842,0.21052631578947367
TE27*0100*2001*01,24.0,12,0.9166666666666666,0.7272727272727273,0.0,0.09090909090909091,0.09090909090909091,0.09090909090909091,0.0,0.7272727272727273,0.18181818181818182,0.09090909090909091,0.2727272727272727,0.18181818181818182,1.8181818181818181,0.375,1.9669421487603302,0.0,0.16666666666666666
TE28*0100*2001*01,38.0,13,1.0,0.46153846153846156,0.15384615384615385,0.23076923076923078,0.07692307692307693,0.0,0.07692307692307693,0.6153846153846154,0.3076923076923077,0.07692307692307693,0.38461538461538464,0.15384615384615385,2.230769230769231,0.625,2.1775147928994083,0.15384615384615385,0.07692307692307693
TE29*0100*2001*01,30.0,19,1.0,0.10526315789473684,0.15789473684210525,0.3684210526315789,0.15789473684210525,0.15789473684210525,0.05263157894736842,0.2631578947368421,0.5263157894736842,0.21052631578947367,0.7368421052631579,0.3684210526315789,3.263157894736842,2.8,1.7728531855955674,0.05263157894736842,0.0
TE30*0100*2001*01,24.0,13,1.0,0.38461538461538464,0.07692307692307693,0.3076923076923077,0.23076923076923078,0.0,0.0,0.46153846153846156,0.5384615384615384,0.0,0.5384615384615384,0.23076923076923078,2.3846153846153846,1.1666666666666667,1.467455621301775,0.0,0.0
TE31*0100*2001*01,23.0,22,1.0,0.45454545454545453,0.13636363636363635,0.22727272727272727,0.045454545454545456,0.09090909090909091,0.045454545454545456,0.5909090909090909,0.2727272727272727,0.13636363636363635,0.4090909090909091,0.18181818181818182,2.3181818181818183,0.6923076923076923,2.307851239669421,0.045454545454545456,0.0
TE32*0100*2001*01,22.0,22,1.0,0.045454545454545456,0.3181818181818182,0.2727272727272727,0.2727272727272727,0.0,0.09090909090909091,0.36363636363636365,0.5454545454545454,0.09090909090909091,0.6363636363636364,0.36363636363636365,3.1363636363636362,1.75,1.572314049586777,0.13636363636363635,0.045454545454545456
TE33*0100*2001*01,23.0,7,1.0,0.2857142857142857,0.0,0.42857142857142855,0.14285714285714285,0.14285714285714285,0.0,0.2857142857142857,0.5714285714285714,0.14285714285714285,0.7142857142857143,0.2857142857142857,2.857142857142857,2.5,1.836734693877551,0.0,0.14285714285714285
TE34*0100*2001*01,39.0,26,0.9615384615384616,0.04,0.36,0.2,0.24,0.0,0.16,0.4,0.44,0.16,0.6,0.4,3.28,1.5,2.1216,0.15384615384615385,0.15384615384615385
TE35*0100*2001*01,34.0,18,1.0,0.16666666666666666,0.5,0.1111111111111111,0.16666666666666666,0.0,0.05555555555555555,0.6666666666666666,0.2777777777777778,0.05555555555555555,0.3333333333333333,0.2222222222222222,2.5,0.5,1.5833333333333333,0.0,0.16666666666666666
TE95*0100*2001*01,27.0,12,1.0,0.25,0.08333333333333333,0.25,0.3333333333333333,0.08333333333333333,0.0,0.3333333333333333,0.5833333333333334,0.08333333333333333,0.6666666666666666,0.4166666666666667,2.9166666666666665,2.0,1.7430555555555554,0.08333333333333333,0.08333333333333333
TE36*0100*2001*01,37.0,24,1.0,0.16666666666666666,0.25,0.375,0.125,0.0,0.08333333333333333,0.4166666666666667,0.5,0.08333333333333333,0.5833333333333334,0.20833333333333334,2.7916666666666665,1.4,1.748263888888889,0.125,0.08333333333333333
TE37*0100*2001*01,31.0,10,1.0,0.4,0.2,0.2,0.1,0.0,0.1,0.6,0.3,0.1,0.4,0.2,2.4,0.6666666666666666,2.44,0.2,0.1
TE38*0100*2001*01,28.0,17,1.0,0.23529411764705882,0.058823529411764705,0.47058823529411764,0.11764705882352941,0.0,0.11764705882352941,0.29411764705882354,0.5882352941176471,0.11764705882352941,0.7058823529411765,0.23529411764705882,2.9411764705882355,2.4,2.173010380622838,0.11764705882352941,0.11764705882352941
TE39*0100*2001*01,26.0,18,1.0,0.2777777777777778,0.2777777777777778,0.3333333333333333,0.05555555555555555,0.0,0.05555555555555555,0.5555555555555556,0.3888888888888889,0.05555555555555555,0.4444444444444444,0.1111111111111111,2.388888888888889,0.8,1.5709876543209875,0.1111111111111111,0.0
TE40*0100*2001*01,34.0,19,1.0,0.10526315789473684,0.47368421052631576,0.2631578947368421,0.05263157894736842,0.05263157894736842,0.05263157894736842,0.5789473684210527,0.3157894736842105,0.10526315789473684,0.42105263157894735,0.15789473684210525,2.6315789473684212,0.7272727272727273,1.4958448753462603,0.10526315789473684,0.05263157894736842
TE41*0100*2001*01,26.0,22,0.9545454545454546,0.2857142857142857,0.3333333333333333,0.14285714285714285,0.14285714285714285,0.0,0.09523809523809523,0.6190476190476191,0.2857142857142857,0.09523809523809523,0.38095238095238093,0.23809523809523808,2.5238095238095237,0.6153846153846154,2.249433106575964,0.13636363636363635,0.18181818181818182
TE42*0100*2001*01,34.0,19,0.9473684210526315,0.16666666666666666,0.3888888888888889,0.2222222222222222,0.16666666666666666,0.05555555555555555,0.0,0.5555555555555556,0.3888888888888889,0.05555555555555555,0.4444444444444444,0.2222222222222222,2.5555555555555554,0.8,1.2469135802469136,0.05263157894736842,0.15789473684210525
TE43*0100*2001*01,19.0,18,1.0,0.2777777777777778,0.2222222222222222,0.2777777777777778,0.16666666666666666,0.05555555555555555,0.0,0.5,0.4444444444444444,0.05555555555555555,0.5,0.2222222222222222,2.5,1.0,1.4722222222222223,0.0,0.05555555555555555
TE44*0100*2001*01,26.0,18,1.0,0.2777777777777778,0.3333333333333333,0.2777777777777778,0.0,0.0,0.1111111111111111,0.6111111111111112,0.2777777777777778,0.1111111111111111,0.3888888888888889,0.1111111111111111,2.4444444444444446,0.6363636363636364,2.135802469135802,0.0,0.1111111111111111
TE45*0100*2001*01,31.0,28,1.0,0.10714285714285714,0.21428571428571427,0.4642857142857143,0.10714285714285714,0.07142857142857142,0.03571428571428571,0.32142857142857145,0.5714285714285714,0.10714285714285714,0.6785714285714286,0.21428571428571427,2.9285714285714284,2.111111111111111,1.3520408163265307,0.03571428571428571,0.10714285714285714
TE46*0100*2001*01,18.0,11,1.0,0.6363636363636364,0.0,0.2727272727272727,0.09090909090909091,0.0,0.0,0.6363636363636364,0.36363636363636365,0.0,0.36363636363636365,0.09090909090909091,1.8181818181818181,0.5714285714285714,1.2396694214876034,0.0,0.0
TE47*0100*2001*01,19.0,16,1.0,0.1875,0.125,0.4375,0.25,0.0,0.0,0.3125,0.6875,0.0,0.6875,0.25,2.75,2.2,1.0625,0.0,0.0
TE48*0100*2001*01,25.0,18,1.0,0.05555555555555555,0.5,0.2222222222222222,0.2222222222222222,0.0,0.0,0.5555555555555556,0.4444444444444444,0.0,0.4444444444444444,0.2222222222222222,2.611111111111111,0.8,0.7932098765432098,0.05555555555555555,0.0
TE49*0100*2001*01,26.0,11,1.0,0.2727272727272727,0.18181818181818182,0.09090909090909091,0.36363636363636365,0.09090909090909091,0.0,0.45454545454545453,0.45454545454545453,0.09090909090909091,0.5454545454545454,0.45454545454545453,2.8181818181818183,1.2,1.9669421487603302,0.0,0.0
TE50*0100*2001*01,29.0,14,0.9285714285714286,0.15384615384615385,0.3076923076923077,0.23076923076923078,0.15384615384615385,0.15384615384615385,0.0,0.46153846153846156,0.38461538461538464,0.15384615384615385,0.5384615384615384,0.3076923076923077,2.8461538461538463,1.1666666666666667,1.6686390532544377,0.21428571428571427,0.07142857142857142
TE51*0100*2001*01,18.0,10,0.9,0.4444444444444444,0.3333333333333333,0.0,0.1111111111111111,0.0,0.1111111111111111,0.7777777777777778,0.1111111111111111,0.1111111111111111,0.2222222222222222,0.2222222222222222,2.2222222222222223,0.2857142857142857,2.6172839506172836,0.2,0.2
TE52*0100*2001*01,27.0,11,1.0,0.09090909090909091,0.36363636363636365,0.2727272727272727,0.09090909090909091,0.09090909090909091,0.09090909090909091,0.45454545454545453,0.36363636363636365,0.18181818181818182,0.5454545454545454,0.2727272727272727,3.0,1.2,2.0,0.09090909090909091,0.09090909090909091
TE53*0100*2001*01,35.0,22,0.9545454545454546,0.09523809523809523,0.2857142857142857,0.3333333333333333,0.14285714285714285,0.0,0.14285714285714285,0.38095238095238093,0.47619047619047616,0.14285714285714285,0.6190476190476191,0.2857142857142857,3.0952380952380953,1.625,2.0861678004535142,0.13636363636363635,0.13636363636363635
TE54*0100*2001*01,22.0,13,1.0,0.23076923076923078,0.15384615384615385,0.5384615384615384,0.07692307692307693,0.0,0.0,0.38461538461538464,0.6153846153846154,0.0,0.6153846153846154,0.07692307692307693,2.4615384615384617,1.6,0.8639053254437871,0.0,0.07692307692307693
TE55*0100*2001*01,36.0,29,0.9655172413793104,0.14285714285714285,0.14285714285714285,0.35714285714285715,0.32142857142857145,0.03571428571428571,0.0,0.2857142857142857,0.6785714285714286,0.03571428571428571,0.7142857142857143,0.35714285714285715,2.9642857142857144,2.5,1.177295918367347,0.0,0.06896551724137931
TE96*0100*2001*01,30.0,21,1.0,0.38095238095238093,0.09523809523809523,0.2857142857142857,0.19047619047619047,0.0,0.047619047619047616,0.47619047619047616,0.47619047619047616,0.047619047619047616,0.5238095238095238,0.23809523809523808,2.4761904761904763,1.1,1.963718820861678,0.047619047619047616,0.0
TE56*0100*2001*01,14.0,10,1.0,0.3,0.2,0.2,0.1,0.0,0.2,0.5,0.3,0.2,0.5,0.3,2.9,1.0,3.29,0.2,0.1
TE57*0100*2001*01,24.0,10,0.9,0.4444444444444444,0.0,0.3333333333333333,0.1111111111111111,0.1111111111111111,0.0,0.4444444444444444,0.4444444444444444,0.1111111111111111,0.5555555555555556,0.2222222222222222,2.4444444444444446,1.25,2.0246913580246915,0.0,0.1
TE58*0100*2001*01,29.0,15,0.8666666666666667,0.23076923076923078,0.07692307692307693,0.15384615384615385,0.38461538461538464,0.07692307692307693,0.07692307692307693,0.3076923076923077,0.5384615384615384,0.15384615384615385,0.6923076923076923,0.5384615384615384,3.230769230769231,2.25,2.3313609467455616,0.2,0.13333333333333333
TE59*0100*2001*01,28.0,16,0.875,0.2857142857142857,0.2857142857142857,0.2857142857142857,0.07142857142857142,0.0,0.07142857142857142,0.5714285714285714,0.35714285714285715,0.07142857142857142,0.42857142857142855,0.14285714285714285,2.4285714285714284,0.75,1.8163265306122451,0.125,0.1875
TE60*0100*2001*01,25.0,20,0.95,0.3157894736842105,0.10526315789473684,0.3157894736842105,0.05263157894736842,0.05263157894736842,0.15789473684210525,0.42105263157894735,0.3684210526315789,0.21052631578947367,0.5789473684210527,0.2631578947368421,2.8947368421052633,1.375,3.0415512465373964,0.05,0.1
TE61*0100*2001*01,37.0,26,1.0,0.23076923076923078,0.23076923076923078,0.11538461538461539,0.3076923076923077,0.038461538461538464,0.07692307692307693,0.46153846153846156,0.4230769230769231,0.11538461538461539,0.5384615384615384,0.4230769230769231,2.923076923076923,1.1666666666666667,2.3017751479289936,0.07692307692307693,0.038461538461538464
TE62*0100*2001*01,24.0,25,1.0,0.24,0.2,0.32,0.12,0.04,0.08,0.44,0.44,0.12,0.56,0.24,2.76,1.2727272727272727,2.1024000000000003,0.08,0.04
TE63*0100*2001*01,36.0,17,1.0,0.4117647058823529,0.11764705882352941,0.29411764705882354,0.17647058823529413,0.0,0.0,0.5294117647058824,0.47058823529411764,0.0,0.47058823529411764,0.17647058823529413,2.235294117647059,0.8888888888888888,1.3564013840830447,0.0,0.0
TE64*0100*2001*01,13.0,18,0.9444444444444444,0.058823529411764705,0.29411764705882354,0.35294117647058826,0.11764705882352941,0.11764705882352941,0.058823529411764705,0.35294117647058826,0.47058823529411764,0.17647058823529413,0.6470588235294118,0.29411764705882354,3.1176470588235294,1.8333333333333333,1.633217993079585,0.0,0.1111111111111111
TE65*0100*2001*01,23.0,21,1.0,0.19047619047619047,0.14285714285714285,0.38095238095238093,0.14285714285714285,0.047619047619047616,0.09523809523809523,0.3333333333333333,0.5238095238095238,0.14285714285714285,0.6666666666666666,0.2857142857142857,3.0,2.0,2.0952380952380953,0.23809523809523808,0.047619047619047616
TE66*0100*2001*01,29.0,18,1.0,0.05555555555555555,0.5,0.1111111111111111,0.1111111111111111,0.1111111111111111,0.1111111111111111,0.5555555555555556,0.2222222222222222,0.2222222222222222,0.4444444444444444,0.3333333333333333,3.0555555555555554,0.8,2.2746913580246915,0.16666666666666666,0.2222222222222222
TE67*0100*2001*01,31.0,17,0.8823529411764706,0.13333333333333333,0.4666666666666667,0.13333333333333333,0.2,0.0,0.06666666666666667,0.6,0.3333333333333333,0.06666666666666667,0.4,0.26666666666666666,2.6666666666666665,0.6666666666666666,1.6888888888888889,0.058823529411764705,0.29411764705882354
TE68*0100*2001*01,23.0,21,0.9523809523809523,0.2,0.35,0.1,0.1,0.1,0.15,0.55,0.2,0.25,0.45,0.35,3.0,0.8181818181818182,3.0,0.047619047619047616,0.19047619047619047
TE69*0100*2001*01,28.0,12,1.0,0.08333333333333333,0.25,0.25,0.16666666666666666,0.16666666666666666,0.08333333333333333,0.3333333333333333,0.4166666666666667,0.25,0.6666666666666666,0.4166666666666667,3.3333333333333335,2.0,2.0555555555555554,0.16666666666666666,0.0
TE70*0100*2001*01,26.0,10,1.0,0.1,0.2,0.4,0.1,0.0,0.2,0.3,0.5,0.2,0.7,0.3,3.3,2.3333333333333335,2.41,0.0,0.1
TE71*0100*2001*01,21.0,21,0.9523809523809523,0.1,0.4,0.3,0.15,0.05,0.0,0.5,0.45,0.05,0.5,0.2,2.65,1.0,1.0275,0.09523809523809523,0.047619047619047616
TE72*0100*2001*01,38.0,22,1.0,0.18181818181818182,0.4090909090909091,0.13636363636363635,0.22727272727272727,0.045454545454545456,0.0,0.5909090909090909,0.36363636363636365,0.045454545454545456,0.4090909090909091,0.2727272727272727,2.5454545454545454,0.6923076923076923,1.3388429752066118,0.09090909090909091,0.09090909090909091
TE73*0100*2001*01,32.0,18,1.0,0.4444444444444444,0.16666666666666666,0.16666666666666666,0.1111111111111111,0.0,0.1111111111111111,0.6111111111111112,0.2777777777777778,0.1111111111111111,0.3888888888888889,0.2222222222222222,2.388888888888889,0.6363636363636364,2.6820987654320985,0.0,0.05555555555555555
TE74*0100*2001*01,29.0,9,0.8888888888888888,0.25,0.5,0.125,0.125,0.0,0.0,0.75,0.25,0.0,0.25,0.125,2.125,0.3333333333333333,0.859375,0.0,0.2222222222222222
TE97*0100*2001*01,34.0,20,1.0,0.2,0.4,0.2,0.1,0.1,0.0,0.6,0.3,0.1,0.4,0.2,2.5,0.6666666666666666,1.45,0.1,0.25
TE75*0100*2001*01,36.0,19,0.9473684210526315,0.1111111111111111,0.2222222222222222,0.3333333333333333,0.2777777777777778,0.0,0.05555555555555555,0.3333333333333333,0.6111111111111112,0.05555555555555555,0.6666666666666666,0.3333333333333333,3.0,2.0,1.4444444444444444,0.05263157894736842,0.15789473684210525
TE76*0100*2001*01,40.0,37,0.972972972972973,0.19444444444444445,0.3611111111111111,0.2222222222222222,0.1388888888888889,0.05555555555555555,0.027777777777777776,0.5555555555555556,0.3611111111111111,0.08333333333333333,0.4444444444444444,0.2222222222222222,2.5833333333333335,0.8,1.576388888888889,0.0,0.13513513513513514
TE77*0100*2001*01,29.0,18,1.0,0.3888888888888889,0.2222222222222222,0.1111111111111111,0.2222222222222222,0.05555555555555555,0.0,0.6111111111111112,0.3333333333333333,0.05555555555555555,0.3888888888888889,0.2777777777777778,2.3333333333333335,0.6363636363636364,1.7777777777777777,0.05555555555555555,0.05555555555555555
TE78*0100*2001*01,34.0,24,0.9583333333333334,0.21739130434782608,0.30434782608695654,0.13043478260869565,0.17391304347826086,0.08695652173913043,0.08695652173913043,0.5217391304347826,0.30434782608695654,0.17391304347826086,0.4782608695652174,0.34782608695652173,2.869565217391304,0.9166666666666666,2.461247637051039,0.041666666666666664,0.041666666666666664
TE79*0100*2001*01,36.0,20,1.0,0.2,0.4,0.25,0.15,0.0,0.0,0.6,0.4,0.0,0.4,0.15,2.35,0.6666666666666666,0.9275,0.05,0.0
TE80*0100*2001*01,37.0,25,1.0,0.12,0.36,0.12,0.2,0.08,0.12,0.48,0.32,0.2,0.52,0.4,3.12,1.0833333333333333,2.4256,0.16,0.0
TE81*0100*2001*01,17.0,10,1.0,0.3,0.3,0.2,0.2,0.0,0.0,0.6,0.4,0.0,0.4,0.2,2.3,0.6666666666666666,1.21,0.1,0.0
TE82*0100*2001*01,32.0,25,1.0,0.2,0.28,0.2,0.2,0.0,0.12,0.48,0.4,0.12,0.52,0.32,2.88,1.0833333333333333,2.3456,0.16,0.04
TE83*0100*2001*01,25.0,25,1.0,0.4,0.36,0.12,0.12,0.0,0.0,0.76,0.24,0.0,0.24,0.12,1.96,0.3157894736842105,0.9984000000000001,0.04,0.0
TE84*0100*2001*01,25.0,13,1.0,0.3076923076923077,0.15384615384615385,0.15384615384615385,0.3076923076923077,0.0,0.07692307692307693,0.46153846153846156,0.46153846153846156,0.07692307692307693,0.5384615384615384,0.38461538461538464,2.769230769230769,1.1666666666666667,2.331360946745562,0.3076923076923077,0.0
TE85*0100*2001*01,36.0,33,0.9393939393939394,0.2903225806451613,0.12903225806451613,0.3225806451612903,0.06451612903225806,0.16129032258064516,0.03225806451612903,0.41935483870967744,0.3870967741935484,0.1935483870967742,0.5806451612903226,0.25806451612903225,2.774193548387097,1.3846153846153846,2.239334027055151,0.12121212121212122,0.06060606060606061
TE86*0100*2001*01,31.0,18,0.9444444444444444,0.11764705882352941,0.35294117647058826,0.4117647058823529,0.11764705882352941,0.0,0.0,0.47058823529411764,0.5294117647058824,0.0,0.5294117647058824,0.11764705882352941,2.5294117647058822,1.125,0.7197231833910036,0.2222222222222222,0.2222222222222222
TE87*0100*2001*01,27.0,20,1.0,0.35,0.25,0.25,0.1,0.05,0.0,0.6,0.35,0.05,0.4,0.15,2.25,0.6666666666666666,1.3875,0.05,0.05
TE88*0100*2001*01,19.0,17,1.0,0.23529411764705882,0.35294117647058826,0.4117647058823529,0.0,0.0,0.0,0.5882352941176471,0.4117647058823529,0.0,0.4117647058823529,0.0,2.176470588235294,0.7,0.6159169550173011,0.11764705882352941,0.058823529411764705
TE89*0100*2001*01,28.0,14,1.0,0.21428571428571427,0.35714285714285715,0.2857142857142857,0.14285714285714285,0.0,0.0,0.5714285714285714,0.42857142857142855,0.0,0.42857142857142855,0.14285714285714285,2.357142857142857,0.75,0.9438775510204082,0.0,0.0
TE90*0100*2001*01,20.0,20,1.0,0.05,0.45,0.45,0.05,0.0,0.0,0.5,0.5,0.0,0.5,0.05,2.5,1.0,0.45,0.0,0.05
TE91*0100*2001*01,25.0,8,1.0,0.25,0.0,0.375,0.125,0.0,0.25,0.25,0.5,0.25,0.75,0.375,3.375,3.0,3.234375,0.0,0.0
TE92*0100*2001*01,23.0,32,1.0,0.28125,0.21875,0.28125,0.125,0.0625,0.03125,0.5,0.40625,0.09375,0.5,0.21875,2.5625,1.0,1.80859375,0.0625,0.125
TE93*0100*2001*01,22.0,16,1.0,0.3125,0.3125,0.1875,0.0,0.0,0.1875,0.625,0.1875,0.1875,0.375,0.1875,2.625,0.6,3.109375,0.0625,0.0625
TE94*0100*2001*01,23.0,10,1.0,0.2,0.2,0.1,0.3,0.1,0.1,0.4,0.4,0.2,0.6,0.5,3.2,1.5,2.5599999999999996,0.1,0.1
TR447*0101*2000*01,28.0,11,0.9090909090909091,0.1,0.2,0.6,0.1,0.0,0.0,0.3,0.7,0.0,0.7,0.1,2.7,2.3333333333333335,0.61,0.18181818181818182,0.18181818181818182
TR454*0101*2000*01,22.0,15,1.0,0.13333333333333333,0.3333333333333333,0.4,0.06666666666666667,0.0,0.06666666666666667,0.4666666666666667,0.4666666666666667,0.06666666666666667,0.5333333333333333,0.13333333333333333,2.6666666666666665,1.1428571428571428,1.422222222222222,0.13333333333333333,0.13333333333333333
TR471*0101*2000*01,27.0,11,0.8181818181818182,0.3333333333333333,0.2222222222222222,0.3333333333333333,0.1111111111111111,0.0,0.0,0.5555555555555556,0.4444444444444444,0.0,0.4444444444444444,0.1111111111111111,2.2222222222222223,0.8,1.0617283950617284,0.18181818181818182,0.2727272727272727
TR568*0101*2000*01,29.0,14,0.8571428571428571,0.25,0.08333333333333333,0.25,0.3333333333333333,0.08333333333333333,0.0,0.3333333333333333,0.5833333333333334,0.08333333333333333,0.6666666666666666,0.4166666666666667,2.9166666666666665,2.0,1.7430555555555554,0.14285714285714285,0.14285714285714285
TR294*0101*2000*01,25.0,10,1.0,0.4,0.1,0.5,0.0,0.0,0.0,0.5,0.5,0.0,0.5,0.0,2.1,1.0,0.89,0.0,0.1
TR336*0101*2000*01,22.0,11,1.0,0.45454545454545453,0.18181818181818182,0.36363636363636365,0.0,0.0,0.0,0.6363636363636364,0.36363636363636365,0.0,0.36363636363636365,0.0,1.9090909090909092,0.5714285714285714,0.8099173553719008,0.09090909090909091,0.18181818181818182
OU6*0101*2001*01,34.0,29,1.0,0.1724137931034483,0.27586206896551724,0.2413793103448276,0.2413793103448276,0.034482758620689655,0.034482758620689655,0.4482758620689655,0.4827586206896552,0.06896551724137931,0.5517241379310345,0.3103448275862069,2.793103448275862,1.2307692307692308,1.6123662306777646,0.034482758620689655,0.13793103448275862
TR5*0102*2000*02,29.0,9,1.0,0.4444444444444444,0.1111111111111111,0.4444444444444444,0.0,0.0,0.0,0.5555555555555556,0.4444444444444444,0.0,0.4444444444444444,0.0,2.0,0.8,0.8888888888888888,0.1111111111111111,0.0
TR8*0102*2000*02,34.0,24,0.9583333333333334,0.21739130434782608,0.13043478260869565,0.34782608695652173,0.2608695652173913,0.0,0.043478260869565216,0.34782608695652173,0.6086956521739131,0.043478260869565216,0.6521739130434783,0.30434782608695654,2.8260869565217392,1.875,1.6219281663516063,0.16666666666666666,0.08333333333333333
TR433*0102*2000*02,23.0,11,1.0,0.18181818181818182,0.2727272727272727,0.18181818181818182,0.18181818181818182,0.0,0.18181818181818182,0.45454545454545453,0.36363636363636365,0.18181818181818182,0.5454545454545454,0.36363636363636365,3.090909090909091,1.2,2.809917355371901,0.18181818181818182,0.0
TR501*0102*2000*02,29.0,19,1.0,0.47368421052631576,0.05263157894736842,0.05263157894736842,0.2631578947368421,0.05263157894736842,0.10526315789473684,0.5263157894736842,0.3157894736842105,0.15789473684210525,0.47368421052631576,0.42105263157894735,2.6842105263157894,0.9,3.268698060941828,0.15789473684210525,0.15789473684210525
TR507*0102*2000*02,26.0,17,0.9411764705882353,0.5,0.0625,0.1875,0.1875,0.0625,0.0,0.5625,0.375,0.0625,0.4375,0.25,2.25,0.7777777777777778,1.9375,0.058823529411764705,0.11764705882352941
TR508*0102*2000*02,26.0,23,1.0,0.391304347826087,0.2608695652173913,0.13043478260869565,0.21739130434782608,0.0,0.0,0.6521739130434783,0.34782608695652173,0.0,0.34782608695652173,0.21739130434782608,2.1739130434782608,0.5333333333333333,1.3610586011342154,0.08695652173913043,0.21739130434782608
TR510*0102*2000*02,35.0,18,1.0,0.2777777777777778,0.3333333333333333,0.16666666666666666,0.16666666666666666,0.05555555555555555,0.0,0.6111111111111112,0.3333333333333333,0.05555555555555555,0.3888888888888889,0.2222222222222222,2.388888888888889,0.6363636363636364,1.4598765432098766,0.05555555555555555,0.16666666666666666
TR83*0102*2000*02,23.0,25,0.96,0.375,0.16666666666666666,0.2916666666666667,0.041666666666666664,0.041666666666666664,0.08333333333333333,0.5416666666666666,0.3333333333333333,0.125,0.4583333333333333,0.16666666666666666,2.4583333333333335,0.8461538461538461,2.3315972222222223,0.2,0.12
TR517*0102*2000*02,25.0,17,1.0,0.35294117647058826,0.17647058823529413,0.23529411764705882,0.17647058823529413,0.058823529411764705,0.0,0.5294117647058824,0.4117647058823529,0.058823529411764705,0.47058823529411764,0.23529411764705882,2.411764705882353,0.8888888888888888,1.6539792387543253,0.29411764705882354,0.23529411764705882
TR535*0102*2000*02,32.0,34,0.9705882352941176,0.2727272727272727,0.24242424242424243,0.2727272727272727,0.15151515151515152,0.06060606060606061,0.0,0.5151515151515151,0.42424242424242425,0.06060606060606061,0.48484848484848486,0.21212121212121213,2.484848484848485,0.9411764705882353,1.4618916437098253,0.11764705882352941,0.08823529411764706
TR537*0102*2000*02,34.0,20,1.0,0.4,0.25,0.25,0.1,0.0,0.0,0.65,0.35,0.0,0.35,0.1,2.05,0.5384615384615384,1.0474999999999999,0.1,0.05
TR545*0102*2000*02,35.0,19,1.0,0.3684210526315789,0.2631578947368421,0.2631578947368421,0.0,0.05263157894736842,0.05263157894736842,0.631578947368421,0.2631578947368421,0.10526315789473684,0.3684210526315789,0.10526315789473684,2.263157894736842,0.5833333333333334,1.8781163434903045,0.15789473684210525,0.21052631578947367
TR548*0102*2000*02,23.0,26,1.0,0.46153846153846156,0.23076923076923078,0.23076923076923078,0.07692307692307693,0.0,0.0,0.6923076923076923,0.3076923076923077,0.0,0.3076923076923077,0.07692307692307693,1.9230769230769231,0.4444444444444444,0.9940828402366864,0.07692307692307693,0.11538461538461539
TR550*0102*2000*02,24.0,21,1.0,0.42857142857142855,0.09523809523809523,0.19047619047619047,0.2857142857142857,0.0,0.0,0.5238095238095238,0.47619047619047616,0.0,0.47619047619047616,0.2857142857142857,2.3333333333333335,0.9090909090909091,1.6507936507936507,0.047619047619047616,0.047619047619047616
TR58*0102*2000*02,31.0,27,1.0,0.18518518518518517,0.18518518518518517,0.3333333333333333,0.2962962962962963,0.0,0.0,0.37037037037037035,0.6296296296296297,0.0,0.6296296296296297,0.2962962962962963,2.740740740740741,1.7,1.1550068587105626,0.07407407407407407,0.07407407407407407
TR86*0102*2000*02,34.0,24,1.0,0.3333333333333333,0.25,0.16666666666666666,0.125,0.0,0.125,0.5833333333333334,0.2916666666666667,0.125,0.4166666666666667,0.25,2.5833333333333335,0.7142857142857143,2.6597222222222228,0.041666666666666664,0.20833333333333334
TR578*0102*2000*02,23.0,16,1.0,0.5625,0.25,0.0625,0.0,0.0625,0.0625,0.8125,0.0625,0.125,0.1875,0.125,1.9375,0.23076923076923078,2.18359375,0.0,0.0625
TR582*0102*2000*02,23.0,24,1.0,0.5,0.20833333333333334,0.20833333333333334,0.041666666666666664,0.0,0.041666666666666664,0.7083333333333334,0.25,0.041666666666666664,0.2916666666666667,0.08333333333333333,1.9583333333333333,0.4117647058823529,1.539930555555556,0.041666666666666664,0.16666666666666666
TR584*0102*2000*02,30.0,11,1.0,0.18181818181818182,0.18181818181818182,0.36363636363636365,0.2727272727272727,0.0,0.0,0.36363636363636365,0.6363636363636364,0.0,0.6363636363636364,0.2727272727272727,2.727272727272727,1.75,1.1074380165289257,0.0,0.0
TR599*0102*2000*02,25.0,29,1.0,0.6206896551724138,0.034482758620689655,0.10344827586206896,0.06896551724137931,0.034482758620689655,0.13793103448275862,0.6551724137931034,0.1724137931034483,0.1724137931034483,0.3448275862068966,0.2413793103448276,2.2758620689655173,0.5263157894736842,3.4411414982164095,0.06896551724137931,0.034482758620689655
TR601*0102*2000*02,21.0,23,1.0,0.5652173913043478,0.13043478260869565,0.08695652173913043,0.08695652173913043,0.0,0.13043478260869565,0.6956521739130435,0.17391304347826086,0.13043478260869565,0.30434782608695654,0.21739130434782608,2.217391304347826,0.4375,3.0396975425330814,0.08695652173913043,0.13043478260869565
TR607*0102*2000*02,32.0,23,1.0,0.391304347826087,0.043478260869565216,0.2608695652173913,0.13043478260869565,0.0,0.17391304347826086,0.43478260869565216,0.391304347826087,0.17391304347826086,0.5652173913043478,0.30434782608695654,2.8260869565217392,1.3,3.274102079395085,0.13043478260869565,0.08695652173913043
TR89*0102*2000*02,31.0,31,1.0,0.22580645161290322,0.3225806451612903,0.22580645161290322,0.22580645161290322,0.0,0.0,0.5483870967741935,0.45161290322580644,0.0,0.45161290322580644,0.22580645161290322,2.4516129032258065,0.8235294117647058,1.1508844953173778,0.03225806451612903,0.16129032258064516
TR65*0102*2000*02,25.0,20,1.0,0.5,0.15,0.25,0.05,0.0,0.05,0.65,0.3,0.05,0.35,0.1,2.05,0.5384615384615384,1.7474999999999998,0.3,0.25
TR75*0102*2000*02,31.0,21,0.9523809523809523,0.35,0.2,0.15,0.1,0.1,0.1,0.55,0.25,0.2,0.45,0.3,2.7,0.8181818181818182,2.91,0.047619047619047616,0.2857142857142857
TR710*0102*2000*02,26.0,25,0.96,0.3333333333333333,0.3333333333333333,0.16666666666666666,0.16666666666666666,0.0,0.0,0.6666666666666666,0.3333333333333333,0.0,0.3333333333333333,0.16666666666666666,2.1666666666666665,0.5,1.1388888888888888,0.0,0.16
TR711*0102*2000*02,30.0,15,1.0,0.26666666666666666,0.06666666666666667,0.3333333333333333,0.26666666666666666,0.06666666666666667,0.0,0.3333333333333333,0.6,0.06666666666666667,0.6666666666666666,0.3333333333333333,2.8,2.0,1.6266666666666665,0.06666666666666667,0.06666666666666667
TR717*0102*2000*02,37.0,21,1.0,0.19047619047619047,0.09523809523809523,0.42857142857142855,0.14285714285714285,0.14285714285714285,0.0,0.2857142857142857,0.5714285714285714,0.14285714285714285,0.7142857142857143,0.2857142857142857,2.9523809523809526,2.5,1.5691609977324261,0.0,0.047619047619047616
TR738*0102*2000*02,28.0,30,1.0,0.23333333333333334,0.1,0.16666666666666666,0.43333333333333335,0.03333333333333333,0.03333333333333333,0.3333333333333333,0.6,0.06666666666666667,0.6666666666666666,0.5,3.033333333333333,2.0,1.8988888888888893,0.06666666666666667,0.1
TR761*0102*2000*02,26.0,15,1.0,0.3333333333333333,0.13333333333333333,0.3333333333333333,0.2,0.0,0.0,0.4666666666666667,0.5333333333333333,0.0,0.5333333333333333,0.2,2.4,1.1428571428571428,1.3066666666666664,0.13333333333333333,0.06666666666666667
TR851*0102*2000*02,30.0,26,1.0,0.34615384615384615,0.23076923076923078,0.23076923076923078,0.15384615384615385,0.0,0.038461538461538464,0.5769230769230769,0.38461538461538464,0.038461538461538464,0.4230769230769231,0.19230769230769232,2.3461538461538463,0.7333333333333333,1.6878698224852071,0.15384615384615385,0.15384615384615385
TR854*0102*2000*02,22.0,22,0.9545454545454546,0.23809523809523808,0.19047619047619047,0.38095238095238093,0.09523809523809523,0.047619047619047616,0.047619047619047616,0.42857142857142855,0.47619047619047616,0.09523809523809523,0.5714285714285714,0.19047619047619047,2.6666666666666665,1.3333333333333333,1.7460317460317463,0.09090909090909091,0.09090909090909091
TR857*0102*2000*02,29.0,22,0.9545454545454546,0.3333333333333333,0.19047619047619047,0.23809523809523808,0.14285714285714285,0.047619047619047616,0.047619047619047616,0.5238095238095238,0.38095238095238093,0.09523809523809523,0.47619047619047616,0.23809523809523808,2.5238095238095237,0.9090909090909091,2.058956916099773,0.18181818181818182,0.18181818181818182
TR862*0102*2000*02,30.0,31,1.0,0.3225806451612903,0.25806451612903225,0.22580645161290322,0.16129032258064516,0.0,0.03225806451612903,0.5806451612903226,0.3870967741935484,0.03225806451612903,0.41935483870967744,0.1935483870967742,2.3548387096774195,0.7222222222222222,1.5837669094693028,0.03225806451612903,0.0967741935483871
TR864*0102*2000*02,38.0,33,0.9696969696969697,0.28125,0.1875,0.15625,0.15625,0.09375,0.125,0.46875,0.3125,0.21875,0.53125,0.375,2.96875,1.1333333333333333,2.9677734375,0.12121212121212122,0.12121212121212122
TR874*0102*2000*02,30.0,19,1.0,0.5263157894736842,0.21052631578947367,0.15789473684210525,0.05263157894736842,0.05263157894736842,0.0,0.7368421052631579,0.21052631578947367,0.05263157894736842,0.2631578947368421,0.10526315789473684,1.894736842105263,0.35714285714285715,1.3573407202216068,0.10526315789473684,0.10526315789473684
TR876*0102*2000*02,23.0,21,1.0,0.6190476190476191,0.0,0.19047619047619047,0.14285714285714285,0.0,0.047619047619047616,0.6190476190476191,0.3333333333333333,0.047619047619047616,0.38095238095238093,0.19047619047619047,2.0476190476190474,0.6153846153846154,2.1405895691609973,0.0,0.047619047619047616
TR109*0102*2000*02,24.0,25,1.0,0.4,0.32,0.12,0.12,0.0,0.04,0.72,0.24,0.04,0.28,0.16,2.12,0.3888888888888889,1.6256,0.12,0.12
TR113*0102*2000*02,28.0,13,0.9230769230769231,0.4166666666666667,0.16666666666666666,0.08333333333333333,0.3333333333333333,0.0,0.0,0.5833333333333334,0.4166666666666667,0.0,0.4166666666666667,0.3333333333333333,2.3333333333333335,0.7142857142857143,1.7222222222222223,0.07692307692307693,0.15384615384615385
TR907*0102*2000*02,32.0,24,1.0,0.25,0.3333333333333333,0.20833333333333334,0.16666666666666666,0.041666666666666664,0.0,0.5833333333333334,0.375,0.041666666666666664,0.4166666666666667,0.20833333333333334,2.4166666666666665,0.7142857142857143,1.326388888888889,0.25,0.041666666666666664
TR915*0102*2000*02,38.0,25,1.0,0.32,0.12,0.28,0.2,0.04,0.04,0.44,0.48,0.08,0.56,0.28,2.64,1.2727272727272727,1.9904,0.0,0.04
TR937*0102*2000*02,26.0,23,1.0,0.2608695652173913,0.21739130434782608,0.21739130434782608,0.2608695652173913,0.0,0.043478260869565216,0.4782608695652174,0.4782608695652174,0.043478260869565216,0.5217391304347826,0.30434782608695654,2.652173913043478,1.0909090909090908,1.7920604914933835,0.13043478260869565,0.17391304347826086
TR960*0102*2000*02,34.0,29,1.0,0.3103448275862069,0.27586206896551724,0.2413793103448276,0.10344827586206896,0.034482758620689655,0.034482758620689655,0.5862068965517241,0.3448275862068966,0.06896551724137931,0.41379310344827586,0.1724137931034483,2.3793103448275863,0.7058823529411765,1.6837098692033292,0.1724137931034483,0.20689655172413793
TR976*0102*2000*02,25.0,20,1.0,0.3,0.25,0.3,0.0,0.1,0.05,0.55,0.3,0.15,0.45,0.15,2.5,0.8181818181818182,2.05,0.0,0.25
TR1012*0102*2000*02,26.0,16,1.0,0.375,0.3125,0.125,0.125,0.0,0.0625,0.6875,0.25,0.0625,0.3125,0.1875,2.25,0.45454545454545453,1.9375,0.0625,0.25
TR1019*0102*2000*02,20.0,13,1.0,0.23076923076923078,0.23076923076923078,0.3076923076923077,0.15384615384615385,0.07692307692307693,0.0,0.46153846153846156,0.46153846153846156,0.07692307692307693,0.5384615384615384,0.23076923076923078,2.6153846153846154,1.1666666666666667,1.4674556213017749,0.07692307692307693,0.15384615384615385
TR1041*0102*2000*02,29.0,15,1.0,0.2,0.26666666666666666,0.3333333333333333,0.13333333333333333,0.0,0.06666666666666667,0.4666666666666667,0.4666666666666667,0.06666666666666667,0.5333333333333333,0.2,2.6666666666666665,1.1428571428571428,1.6888888888888884,0.2,0.06666666666666667
TR1043*0102*2000*02,17.0,16,1.0,0.375,0.125,0.25,0.1875,0.0,0.0625,0.5,0.4375,0.0625,0.5,0.25,2.5,1.0,2.125,0.0,0.0
TR771*0102*2000*02,32.0,17,1.0,0.5882352941176471,0.11764705882352941,0.17647058823529413,0.058823529411764705,0.058823529411764705,0.0,0.7058823529411765,0.23529411764705882,0.058823529411764705,0.29411764705882354,0.11764705882352941,1.8823529411764706,0.4166666666666667,1.5155709342560553,0.058823529411764705,0.0
TR1066*0102*2000*02,20.0,13,1.0,0.38461538461538464,0.23076923076923078,0.07692307692307693,0.23076923076923078,0.0,0.07692307692307693,0.6153846153846154,0.3076923076923077,0.07692307692307693,0.38461538461538464,0.3076923076923077,2.4615384615384617,0.625,2.4023668639053257,0.07692307692307693,0.23076923076923078
TR1071*0102*2000*02,37.0,26,0.9615384615384616,0.44,0.24,0.16,0.12,0.0,0.04,0.68,0.28,0.04,0.32,0.16,2.12,0.47058823529411764,1.7055999999999998,0.11538461538461539,0.15384615384615385
TR1111*0102*2000*02,25.0,26,1.0,0.5,0.11538461538461539,0.19230769230769232,0.07692307692307693,0.07692307692307693,0.038461538461538464,0.6153846153846154,0.2692307692307692,0.11538461538461539,0.38461538461538464,0.19230769230769232,2.230769230769231,0.625,2.2544378698224854,0.15384615384615385,0.0
TR1130*0102*2000*02,26.0,20,0.95,0.2631578947368421,0.2631578947368421,0.0,0.3157894736842105,0.05263157894736842,0.10526315789473684,0.5263157894736842,0.3157894736842105,0.15789473684210525,0.47368421052631576,0.47368421052631576,2.9473684210526314,0.9,2.7867036011080337,0.1,0.1
TR1136*0102*2000*02,23.0,30,1.0,0.3,0.3333333333333333,0.13333333333333333,0.2,0.03333333333333333,0.0,0.6333333333333333,0.3333333333333333,0.03333333333333333,0.36666666666666664,0.23333333333333334,2.3333333333333335,0.5789473684210527,1.422222222222222,0.1,0.1
TR141*0102*2000*02,22.0,16,1.0,0.3125,0.3125,0.0625,0.25,0.0,0.0625,0.625,0.3125,0.0625,0.375,0.3125,2.5,0.6,2.125,0.1875,0.125
TR143*0102*2000*02,38.0,22,0.9545454545454546,0.3333333333333333,0.23809523809523808,0.14285714285714285,0.19047619047619047,0.047619047619047616,0.047619047619047616,0.5714285714285714,0.3333333333333333,0.09523809523809523,0.42857142857142855,0.2857142857142857,2.5238095238095237,0.75,2.1541950113378685,0.045454545454545456,0.09090909090909091
TR183*0102*2000*02,30.0,26,1.0,0.4230769230769231,0.3076923076923077,0.11538461538461539,0.038461538461538464,0.038461538461538464,0.07692307692307693,0.7307692307692307,0.15384615384615385,0.11538461538461539,0.2692307692307692,0.15384615384615385,2.1923076923076925,0.3684210526315789,2.2322485207100593,0.038461538461538464,0.23076923076923078
TR184*0102*2000*02,22.0,14,0.9285714285714286,0.46153846153846156,0.15384615384615385,0.3076923076923077,0.0,0.0,0.07692307692307693,0.6153846153846154,0.3076923076923077,0.07692307692307693,0.38461538461538464,0.07692307692307693,2.1538461538461537,0.625,1.9763313609467454,0.07142857142857142,0.07142857142857142
TR185*0102*2000*02,26.0,23,1.0,0.4782608695652174,0.08695652173913043,0.2608695652173913,0.043478260869565216,0.0,0.13043478260869565,0.5652173913043478,0.30434782608695654,0.13043478260869565,0.43478260869565216,0.17391304347826086,2.391304347826087,0.7692307692307693,2.8468809073724004,0.17391304347826086,0.13043478260869565
TR187*0102*2000*02,30.0,31,0.9354838709677419,0.4482758620689655,0.20689655172413793,0.27586206896551724,0.0,0.0,0.06896551724137931,0.6551724137931034,0.27586206896551724,0.06896551724137931,0.3448275862068966,0.06896551724137931,2.103448275862069,0.5263157894736842,1.8168846611177172,0.0,0.16129032258064516
TR189*0102*2000*02,24.0,21,0.9523809523809523,0.35,0.25,0.2,0.15,0.0,0.05,0.6,0.35,0.05,0.4,0.2,2.35,0.6666666666666666,1.8275000000000001,0.047619047619047616,0.2857142857142857
TR194*0102*2000*02,23.0,23,1.0,0.6521739130434783,0.043478260869565216,0.13043478260869565,0.13043478260869565,0.0,0.043478260869565216,0.6956521739130435,0.2608695652173913,0.043478260869565216,0.30434782608695654,0.17391304347826086,1.9130434782608696,0.4375,1.9924385633270325,0.0,0.08695652173913043
TR196*0102*2000*02,35.0,19,1.0,0.2631578947368421,0.10526315789473684,0.2631578947368421,0.3157894736842105,0.05263157894736842,0.0,0.3684210526315789,0.5789473684210527,0.05263157894736842,0.631578947368421,0.3684210526315789,2.789473684210526,1.7142857142857142,1.6398891966759002,0.21052631578947367,0.05263157894736842
TR199*0102*2000*02,27.0,22,1.0,0.2727272727272727,0.2727272727272727,0.13636363636363635,0.22727272727272727,0.0,0.09090909090909091,0.5454545454545454,0.36363636363636365,0.09090909090909091,0.45454545454545453,0.3181818181818182,2.6818181818181817,0.8333333333333334,2.307851239669421,0.0,0.22727272727272727
TR200*0102*2000*02,33.0,25,1.0,0.36,0.08,0.32,0.2,0.0,0.04,0.44,0.52,0.04,0.56,0.24,2.52,1.2727272727272727,1.8496000000000001,0.16,0.12
TR207*0102*2000*02,28.0,27,1.0,0.4074074074074074,0.14814814814814814,0.25925925925925924,0.14814814814814814,0.037037037037037035,0.0,0.5555555555555556,0.4074074074074074,0.037037037037037035,0.4444444444444444,0.18518518518518517,2.259259259259259,0.8,1.5253772290809324,0.1111111111111111,0.037037037037037035
TR208*0102*2000*02,35.0,28,1.0,0.39285714285714285,0.25,0.21428571428571427,0.03571428571428571,0.03571428571428571,0.07142857142857142,0.6428571428571429,0.25,0.10714285714285714,0.35714285714285715,0.14285714285714285,2.2857142857142856,0.5555555555555556,2.1326530612244903,0.03571428571428571,0.03571428571428571
TR211*0102*2000*02,31.0,28,1.0,0.10714285714285714,0.35714285714285715,0.25,0.25,0.03571428571428571,0.0,0.4642857142857143,0.5,0.03571428571428571,0.5357142857142857,0.2857142857142857,2.75,1.1538461538461537,1.1160714285714286,0.07142857142857142,0.07142857142857142
TR214*0102*2000*02,34.0,16,0.9375,0.13333333333333333,0.5333333333333333,0.26666666666666666,0.06666666666666667,0.0,0.0,0.6666666666666666,0.3333333333333333,0.0,0.3333333333333333,0.06666666666666667,2.2666666666666666,0.5,0.5955555555555557,0.1875,0.0625
TR215*0102*2000*02,24.0,27,1.0,0.25925925925925924,0.4074074074074074,0.3333333333333333,0.0,0.0,0.0,0.6666666666666666,0.3333333333333333,0.0,0.3333333333333333,0.0,2.074074074074074,0.5,0.5871056241426612,0.07407407407407407,0.3333333333333333
TR219*0102*2000*02,31.0,20,1.0,0.4,0.15,0.25,0.15,0.05,0.0,0.55,0.4,0.05,0.45,0.2,2.3,0.8181818181818182,1.6099999999999999,0.1,0.15
TR228*0102*2000*02,31.0,22,1.0,0.6363636363636364,0.13636363636363635,0.045454545454545456,0.045454545454545456,0.09090909090909091,0.045454545454545456,0.7727272727272727,0.09090909090909091,0.13636363636363635,0.22727272727272727,0.18181818181818182,1.9545454545454546,0.29411764705882354,2.40702479338843,0.09090909090909091,0.0
TR231*0102*2000*02,27.0,15,1.0,0.4,0.26666666666666666,0.13333333333333333,0.06666666666666667,0.13333333333333333,0.0,0.6666666666666666,0.2,0.13333333333333333,0.3333333333333333,0.2,2.2666666666666666,0.5,1.9288888888888887,0.13333333333333333,0.26666666666666666
TR233*0102*2000*02,33.0,23,0.9565217391304348,0.22727272727272727,0.18181818181818182,0.22727272727272727,0.2727272727272727,0.0,0.09090909090909091,0.4090909090909091,0.5,0.09090909090909091,0.5909090909090909,0.36363636363636365,2.909090909090909,1.4444444444444444,2.173553719008265,0.08695652173913043,0.08695652173913043
TR21*0102*2000*02,26.0,15,1.0,0.4,0.2,0.26666666666666666,0.13333333333333333,0.0,0.0,0.6,0.4,0.0,0.4,0.13333333333333333,2.1333333333333333,0.6666666666666666,1.182222222222222,0.06666666666666667,0.06666666666666667
TR23*0102*2000*02,12.0,10,1.0,0.5,0.2,0.0,0.1,0.1,0.1,0.7,0.1,0.2,0.3,0.3,2.4,0.42857142857142855,3.2400000000000007,0.1,0.1
TR25*0102*2000*02,29.0,11,1.0,0.18181818181818182,0.18181818181818182,0.2727272727272727,0.09090909090909091,0.0,0.2727272727272727,0.36363636363636365,0.36363636363636365,0.2727272727272727,0.6363636363636364,0.36363636363636365,3.3636363636363638,1.75,3.322314049586777,0.36363636363636365,0.09090909090909091
TR36*0102*2000*02,24.0,22,1.0,0.18181818181818182,0.13636363636363635,0.2727272727272727,0.22727272727272727,0.0,0.18181818181818182,0.3181818181818182,0.5,0.18181818181818182,0.6818181818181818,0.4090909090909091,3.272727272727273,2.142857142857143,2.652892561983471,0.045454545454545456,0.09090909090909091
TR240*0102*2000*02,26.0,21,1.0,0.38095238095238093,0.2857142857142857,0.23809523809523808,0.047619047619047616,0.0,0.047619047619047616,0.6666666666666666,0.2857142857142857,0.047619047619047616,0.3333333333333333,0.09523809523809523,2.142857142857143,0.5,1.5510204081632655,0.0,0.0
TR247*0102*2000*02,25.0,20,1.0,0.35,0.1,0.25,0.15,0.1,0.05,0.45,0.4,0.15,0.55,0.3,2.7,1.2222222222222223,2.4099999999999997,0.1,0.0
TR284*0102*2000*02,33.0,19,1.0,0.3684210526315789,0.15789473684210525,0.2631578947368421,0.10526315789473684,0.05263157894736842,0.05263157894736842,0.5263157894736842,0.3684210526315789,0.10526315789473684,0.47368421052631576,0.21052631578947367,2.473684210526316,0.9,2.14404432132964,0.21052631578947367,0.15789473684210525
TR289*0102*2000*02,31.0,16,0.9375,0.4,0.2,0.06666666666666667,0.2,0.06666666666666667,0.06666666666666667,0.6,0.26666666666666666,0.13333333333333333,0.4,0.3333333333333333,2.533333333333333,0.6666666666666666,2.6488888888888886,0.125,0.1875
TR384*0102*2000*02,28.0,24,1.0,0.5416666666666666,0.125,0.125,0.125,0.08333333333333333,0.0,0.6666666666666666,0.25,0.08333333333333333,0.3333333333333333,0.20833333333333334,2.0833333333333335,0.5,1.909722222222222,0.08333333333333333,0.125
TR396*0102*2000*02,31.0,12,1.0,0.5,0.16666666666666666,0.16666666666666666,0.0,0.08333333333333333,0.08333333333333333,0.6666666666666666,0.16666666666666666,0.16666666666666666,0.3333333333333333,0.16666666666666666,2.25,0.5,2.6875,0.16666666666666666,0.08333333333333333
TR397*0102*2000*02,25.0,15,0.9333333333333333,0.7857142857142857,0.14285714285714285,0.0,0.07142857142857142,0.0,0.0,0.9285714285714286,0.07142857142857142,0.0,0.07142857142857142,0.07142857142857142,1.3571428571428572,0.07692307692307693,0.6581632653061226,0.13333333333333333,0.06666666666666667
TR406*0102*2000*02,27.0,21,0.9047619047619048,0.3684210526315789,0.21052631578947367,0.15789473684210525,0.10526315789473684,0.05263157894736842,0.10526315789473684,0.5789473684210527,0.2631578947368421,0.15789473684210525,0.42105263157894735,0.2631578947368421,2.5789473684210527,0.7272727272727273,2.770083102493075,0.09523809523809523,0.14285714285714285
TR2*0102*2000*01,29.0,14,1.0,0.5714285714285714,0.0,0.35714285714285715,0.07142857142857142,0.0,0.0,0.5714285714285714,0.42857142857142855,0.0,0.42857142857142855,0.07142857142857142,1.9285714285714286,0.75,1.2091836734693875,0.07142857142857142,0.14285714285714285
TR6*0102*2000*01,30.0,14,0.9285714285714286,0.23076923076923078,0.15384615384615385,0.46153846153846156,0.15384615384615385,0.0,0.0,0.38461538461538464,0.6153846153846154,0.0,0.6153846153846154,0.15384615384615385,2.5384615384615383,1.6,1.017751479289941,0.07142857142857142,0.14285714285714285
TR9*0102*2000*01,21.0,10,1.0,0.3,0.2,0.2,0.3,0.0,0.0,0.5,0.5,0.0,0.5,0.3,2.5,1.0,1.45,0.1,0.1
TR10*0102*2000*01,23.0,20,1.0,0.2,0.3,0.3,0.1,0.05,0.05,0.5,0.4,0.1,0.5,0.2,2.65,1.0,1.7274999999999998,0.15,0.1
TR12*0102*2000*01,15.0,7,1.0,0.2857142857142857,0.14285714285714285,0.2857142857142857,0.2857142857142857,0.0,0.0,0.42857142857142855,0.5714285714285714,0.0,0.5714285714285714,0.2857142857142857,2.5714285714285716,1.3333333333333333,1.3877551020408163,0.2857142857142857,0.14285714285714285
TR14*0102*2000*01,32.0,12,0.9166666666666666,0.2727272727272727,0.2727272727272727,0.0,0.36363636363636365,0.0,0.09090909090909091,0.5454545454545454,0.36363636363636365,0.09090909090909091,0.45454545454545453,0.45454545454545453,2.8181818181818183,0.8333333333333334,2.5123966942148757,0.0,0.25
TR18*0102*2000*01,33.0,18,0.9444444444444444,0.35294117647058826,0.17647058823529413,0.23529411764705882,0.17647058823529413,0.0,0.058823529411764705,0.5294117647058824,0.4117647058823529,0.058823529411764705,0.47058823529411764,0.23529411764705882,2.4705882352941178,0.8888888888888888,2.0138408304498268,0.1111111111111111,0.1111111111111111
TR19*0102*2000*01,22.0,16,0.9375,0.2,0.13333333333333333,0.4666666666666667,0.2,0.0,0.0,0.3333333333333333,0.6666666666666666,0.0,0.6666666666666666,0.2,2.6666666666666665,2.0,1.0222222222222221,0.125,0.1875
TR20*0102*2000*01,30.0,25,0.96,0.08333333333333333,0.125,0.4166666666666667,0.25,0.125,0.0,0.20833333333333334,0.6666666666666666,0.125,0.7916666666666666,0.375,3.2083333333333335,3.8,1.1649305555555556,0.08,0.08
TR417*0102*2000*01,31.0,25,0.92,0.17391304347826086,0.17391304347826086,0.4782608695652174,0.08695652173913043,0.08695652173913043,0.0,0.34782608695652173,0.5652173913043478,0.08695652173913043,0.6521739130434783,0.17391304347826086,2.739130434782609,1.875,1.2362948960302458,0.24,0.12
TR419*0102*2000*01,20.0,14,1.0,0.07142857142857142,0.21428571428571427,0.21428571428571427,0.2857142857142857,0.14285714285714285,0.07142857142857142,0.2857142857142857,0.5,0.21428571428571427,0.7142857142857143,0.5,3.4285714285714284,2.5,1.8163265306122454,0.14285714285714285,0.14285714285714285
TR420*0102*2000*01,33.0,20,1.0,0.25,0.3,0.2,0.15,0.05,0.05,0.55,0.35,0.1,0.45,0.25,2.6,0.8181818181818182,1.94,0.15,0.15
TR422*0102*2000*01,26.0,20,1.0,0.1,0.25,0.3,0.3,0.05,0.0,0.35,0.6,0.05,0.65,0.35,2.95,1.8571428571428572,1.1475000000000002,0.2,0.05
TR426*0102*2000*01,27.0,24,0.9583333333333334,0.13043478260869565,0.17391304347826086,0.43478260869565216,0.2608695652173913,0.0,0.0,0.30434782608695654,0.6956521739130435,0.0,0.6956521739130435,0.2608695652173913,2.8260869565217392,2.2857142857142856,0.9262759924385634,0.16666666666666666,0.25
TR428*0102*2000*01,30.0,27,0.9259259259259259,0.32,0.12,0.36,0.16,0.04,0.0,0.44,0.52,0.04,0.56,0.2,2.48,1.2727272727272727,1.4496,0.18518518518518517,0.14814814814814814
TR429*0102*2000*01,30.0,18,1.0,0.2222222222222222,0.2222222222222222,0.2222222222222222,0.2777777777777778,0.0,0.05555555555555555,0.4444444444444444,0.5,0.05555555555555555,0.5555555555555556,0.3333333333333333,2.7777777777777777,1.25,1.8395061728395063,0.16666666666666666,0.05555555555555555
TR432*0102*2000*01,24.0,19,0.9473684210526315,0.3888888888888889,0.05555555555555555,0.3333333333333333,0.16666666666666666,0.0,0.05555555555555555,0.4444444444444444,0.5,0.05555555555555555,0.5555555555555556,0.2222222222222222,2.5,1.25,2.0277777777777777,0.05263157894736842,0.2631578947368421
TR434*0102*2000*01,15.0,12,1.0,0.4166666666666667,0.16666666666666666,0.3333333333333333,0.08333333333333333,0.0,0.0,0.5833333333333334,0.4166666666666667,0.0,0.4166666666666667,0.08333333333333333,2.0833333333333335,0.7142857142857143,1.0763888888888886,0.08333333333333333,0.16666666666666666
TR435*0102*2000*01,36.0,31,0.967741935483871,0.1,0.13333333333333333,0.16666666666666666,0.4666666666666667,0.13333333333333333,0.0,0.23333333333333334,0.6333333333333333,0.13333333333333333,0.7666666666666667,0.6,3.4,3.2857142857142856,1.3733333333333333,0.22580645161290322,0.0967741935483871
TR437*0102*2000*01,24.0,23,0.9565217391304348,0.045454545454545456,0.18181818181818182,0.3181818181818182,0.4090909090909091,0.0,0.045454545454545456,0.22727272727272727,0.7272727272727273,0.045454545454545456,0.7727272727272727,0.45454545454545453,3.272727272727273,3.4,1.1074380165289255,0.08695652173913043,0.08695652173913043
TR439*0102*2000*01,22.0,13,0.9230769230769231,0.16666666666666666,0.3333333333333333,0.0,0.4166666666666667,0.0,0.08333333333333333,0.5,0.4166666666666667,0.08333333333333333,0.5,0.5,3.0,1.0,2.1666666666666665,0.0,0.07692307692307693
TR440*0102*2000*01,25.0,12,1.0,0.08333333333333333,0.16666666666666666,0.3333333333333333,0.4166666666666667,0.0,0.0,0.25,0.75,0.0,0.75,0.4166666666666667,3.0833333333333335,3.0,0.9097222222222222,0.0,0.08333333333333333
TR441*0102*2000*01,33.0,27,1.0,0.18518518518518517,0.25925925925925924,0.18518518518518517,0.37037037037037035,0.0,0.0,0.4444444444444444,0.5555555555555556,0.0,0.5555555555555556,0.37037037037037035,2.740740740740741,1.25,1.3031550068587106,0.1111111111111111,0.14814814814814814
TR444*0102*2000*01,20.0,19,0.8947368421052632,0.35294117647058826,0.11764705882352941,0.29411764705882354,0.11764705882352941,0.058823529411764705,0.058823529411764705,0.47058823529411764,0.4117647058823529,0.11764705882352941,0.5294117647058824,0.23529411764705882,2.588235294117647,1.125,2.2422145328719725,0.15789473684210525,0.15789473684210525
TR445*0102*2000*01,25.0,17,1.0,0.17647058823529413,0.058823529411764705,0.47058823529411764,0.29411764705882354,0.0,0.0,0.23529411764705882,0.7647058823529411,0.0,0.7647058823529411,0.29411764705882354,2.8823529411764706,3.25,1.0449826989619377,0.11764705882352941,0.11764705882352941
TR448*0102*2000*01,24.0,21,0.8095238095238095,0.29411764705882354,0.0,0.4117647058823529,0.29411764705882354,0.0,0.0,0.29411764705882354,0.7058823529411765,0.0,0.7058823529411765,0.29411764705882354,2.7058823529411766,2.4,1.3840830449826989,0.2857142857142857,0.19047619047619047
TR450*0102*2000*01,28.0,13,1.0,0.38461538461538464,0.23076923076923078,0.07692307692307693,0.3076923076923077,0.0,0.0,0.6153846153846154,0.38461538461538464,0.0,0.38461538461538464,0.3076923076923077,2.3076923076923075,0.625,1.5976331360946743,0.0,0.15384615384615385
TR452*0102*2000*01,37.0,25,1.0,0.2,0.12,0.36,0.28,0.04,0.0,0.32,0.64,0.04,0.68,0.32,2.84,2.125,1.3344,0.2,0.08
TR455*0102*2000*01,24.0,14,0.9285714285714286,0.15384615384615385,0.23076923076923078,0.15384615384615385,0.38461538461538464,0.0,0.07692307692307693,0.38461538461538464,0.5384615384615384,0.07692307692307693,0.6153846153846154,0.46153846153846156,3.076923076923077,1.6,1.9171597633136093,0.07142857142857142,0.2857142857142857
TR457*0102*2000*01,24.0,19,1.0,0.2631578947368421,0.2631578947368421,0.15789473684210525,0.21052631578947367,0.10526315789473684,0.0,0.5263157894736842,0.3684210526315789,0.10526315789473684,0.47368421052631576,0.3157894736842105,2.6315789473684212,0.9,1.8116343490304707,0.15789473684210525,0.10526315789473684
TR460*0102*2000*01,24.0,17,1.0,0.0,0.11764705882352941,0.23529411764705882,0.5882352941176471,0.0,0.058823529411764705,0.11764705882352941,0.8235294117647058,0.058823529411764705,0.8823529411764706,0.6470588235294118,3.6470588235294117,7.5,0.8166089965397925,0.0,0.11764705882352941
TR461*0102*2000*01,16.0,12,0.9166666666666666,0.2727272727272727,0.09090909090909091,0.18181818181818182,0.18181818181818182,0.0,0.2727272727272727,0.36363636363636365,0.36363636363636365,0.2727272727272727,0.6363636363636364,0.45454545454545453,3.3636363636363638,1.75,3.6859504132231407,0.08333333333333333,0.08333333333333333
TR462*0102*2000*01,26.0,13,1.0,0.3076923076923077,0.07692307692307693,0.3076923076923077,0.23076923076923078,0.0,0.07692307692307693,0.38461538461538464,0.5384615384615384,0.07692307692307693,0.6153846153846154,0.3076923076923077,2.769230769230769,1.6,2.1775147928994083,0.07692307692307693,0.0
TR463*0102*2000*01,20.0,14,1.0,0.21428571428571427,0.2857142857142857,0.35714285714285715,0.07142857142857142,0.07142857142857142,0.0,0.5,0.42857142857142855,0.07142857142857142,0.5,0.14285714285714285,2.5,1.0,1.25,0.07142857142857142,0.07142857142857142
TR464*0102*2000*01,23.0,20,0.9,0.2222222222222222,0.3333333333333333,0.1111111111111111,0.2777777777777778,0.0,0.05555555555555555,0.5555555555555556,0.3888888888888889,0.05555555555555555,0.4444444444444444,0.3333333333333333,2.6666666666666665,0.8,1.8888888888888893,0.15,0.15
TR466*0102*2000*01,24.0,15,1.0,0.3333333333333333,0.06666666666666667,0.26666666666666666,0.2,0.06666666666666667,0.06666666666666667,0.4,0.4666666666666667,0.13333333333333333,0.6,0.3333333333333333,2.8,1.5,2.426666666666667,0.06666666666666667,0.0
TR470*0102*2000*01,25.0,19,1.0,0.2631578947368421,0.2631578947368421,0.2631578947368421,0.15789473684210525,0.0,0.05263157894736842,0.5263157894736842,0.42105263157894735,0.05263157894736842,0.47368421052631576,0.21052631578947367,2.526315789473684,0.9,1.7229916897506925,0.05263157894736842,0.10526315789473684
TR473*0102*2000*01,22.0,18,1.0,0.2777777777777778,0.2777777777777778,0.2222222222222222,0.16666666666666666,0.0,0.05555555555555555,0.5555555555555556,0.3888888888888889,0.05555555555555555,0.4444444444444444,0.2222222222222222,2.5,0.8,1.8055555555555556,0.0,0.16666666666666666
TR474*0102*2000*01,32.0,12,1.0,0.16666666666666666,0.08333333333333333,0.16666666666666666,0.5833333333333334,0.0,0.0,0.25,0.75,0.0,0.75,0.5833333333333334,3.1666666666666665,3.0,1.3055555555555556,0.16666666666666666,0.16666666666666666
TR476*0102*2000*01,33.0,36,1.0,0.19444444444444445,0.16666666666666666,0.3611111111111111,0.2222222222222222,0.027777777777777776,0.027777777777777776,0.3611111111111111,0.5833333333333334,0.05555555555555555,0.6388888888888888,0.2777777777777778,2.8055555555555554,1.7692307692307692,1.4899691358024691,0.1111111111111111,0.1111111111111111
TR477*0102*2000*01,23.0,33,0.9696969696969697,0.09375,0.1875,0.34375,0.375,0.0,0.0,0.28125,0.71875,0.0,0.71875,0.375,3.0,2.5555555555555554,0.9375,0.12121212121212122,0.15151515151515152
TR479*0102*2000*01,30.0,28,1.0,0.25,0.21428571428571427,0.25,0.10714285714285714,0.03571428571428571,0.14285714285714285,0.4642857142857143,0.35714285714285715,0.17857142857142858,0.5357142857142857,0.2857142857142857,2.892857142857143,1.1538461538461537,2.7385204081632657,0.10714285714285714,0.2857142857142857
TR481*0102*2000*01,28.0,28,0.9285714285714286,0.11538461538461539,0.23076923076923078,0.4230769230769231,0.15384615384615385,0.07692307692307693,0.0,0.34615384615384615,0.5769230769230769,0.07692307692307693,0.6538461538461539,0.23076923076923078,2.8461538461538463,1.8888888888888888,1.1301775147928994,0.14285714285714285,0.17857142857142858
TR483*0102*2000*01,25.0,21,0.9523809523809523,0.2,0.1,0.35,0.25,0.0,0.1,0.3,0.6,0.1,0.7,0.35,3.05,2.3333333333333335,2.0475000000000003,0.047619047619047616,0.14285714285714285
TR484*0102*2000*01,37.0,24,1.0,0.041666666666666664,0.20833333333333334,0.375,0.375,0.0,0.0,0.25,0.75,0.0,0.75,0.375,3.0833333333333335,3.0,0.7430555555555554,0.041666666666666664,0.125
TR490*0102*2000*01,20.0,14,1.0,0.07142857142857142,0.2857142857142857,0.21428571428571427,0.2857142857142857,0.07142857142857142,0.07142857142857142,0.35714285714285715,0.5,0.14285714285714285,0.6428571428571429,0.42857142857142855,3.2142857142857144,1.8,1.739795918367347,0.0,0.14285714285714285
TR492*0102*2000*01,26.0,24,0.9583333333333334,0.21739130434782608,0.34782608695652173,0.21739130434782608,0.21739130434782608,0.0,0.0,0.5652173913043478,0.43478260869565216,0.0,0.43478260869565216,0.21739130434782608,2.4347826086956523,0.7692307692307693,1.1153119092627595,0.2916666666666667,0.125
TR82*0102*2000*01,30.0,23,1.0,0.08695652173913043,0.2608695652173913,0.43478260869565216,0.08695652173913043,0.13043478260869565,0.0,0.34782608695652173,0.5217391304347826,0.13043478260869565,0.6521739130434783,0.21739130434782608,2.9130434782608696,1.875,1.2098298676748585,0.08695652173913043,0.08695652173913043
TR494*0102*2000*01,33.0,17,1.0,0.17647058823529413,0.17647058823529413,0.29411764705882354,0.29411764705882354,0.058823529411764705,0.0,0.35294117647058826,0.5882352941176471,0.058823529411764705,0.6470588235294118,0.35294117647058826,2.8823529411764706,1.8333333333333333,1.3979238754325263,0.058823529411764705,0.058823529411764705
TR498*0102*2000*01,23.0,17,0.9411764705882353,0.25,0.0625,0.3125,0.125,0.25,0.0,0.3125,0.4375,0.25,0.6875,0.375,3.0625,2.2,2.18359375,0.35294117647058826,0.11764705882352941
TR500*0102*2000*01,25.0,22,0.9545454545454546,0.23809523809523808,0.19047619047619047,0.38095238095238093,0.14285714285714285,0.047619047619047616,0.0,0.42857142857142855,0.5238095238095238,0.047619047619047616,0.5714285714285714,0.19047619047619047,2.5714285714285716,1.3333333333333333,1.2925170068027212,0.09090909090909091,0.13636363636363635
TR503*0102*2000*01,32.0,23,0.9565217391304348,0.3181818181818182,0.18181818181818182,0.3181818181818182,0.09090909090909091,0.045454545454545456,0.045454545454545456,0.5,0.4090909090909091,0.09090909090909091,0.5,0.18181818181818182,2.5,1.0,1.8863636363636365,0.2608695652173913,0.21739130434782608
TR504*0102*2000*01,21.0,21,1.0,0.23809523809523808,0.14285714285714285,0.23809523809523808,0.19047619047619047,0.0,0.19047619047619047,0.38095238095238093,0.42857142857142855,0.19047619047619047,0.6190476190476191,0.38095238095238093,3.142857142857143,1.625,2.9795918367346936,0.0,0.0
TR511*0102*2000*01,32.0,19,1.0,0.21052631578947367,0.3684210526315789,0.10526315789473684,0.2631578947368421,0.05263157894736842,0.0,0.5789473684210527,0.3684210526315789,0.05263157894736842,0.42105263157894735,0.3157894736842105,2.5789473684210527,0.7272727272727273,1.5069252077562325,0.0,0.15789473684210525
TR512*0102*2000*01,27.0,26,1.0,0.19230769230769232,0.15384615384615385,0.38461538461538464,0.15384615384615385,0.038461538461538464,0.07692307692307693,0.34615384615384615,0.5384615384615384,0.11538461538461539,0.6538461538461539,0.2692307692307692,2.923076923076923,1.8888888888888888,1.9171597633136095,0.07692307692307693,0.19230769230769232
TR513*0102*2000*01,25.0,13,1.0,0.23076923076923078,0.15384615384615385,0.38461538461538464,0.23076923076923078,0.0,0.0,0.38461538461538464,0.6153846153846154,0.0,0.6153846153846154,0.23076923076923078,2.6153846153846154,1.6,1.1597633136094674,0.23076923076923078,0.07692307692307693
TR519*0102*2000*01,13.0,13,1.0,0.15384615384615385,0.07692307692307693,0.46153846153846156,0.15384615384615385,0.0,0.15384615384615385,0.23076923076923078,0.6153846153846154,0.15384615384615385,0.7692307692307693,0.3076923076923077,3.230769230769231,3.3333333333333335,2.177514792899408,0.07692307692307693,0.15384615384615385
TR523*0102*2000*01,31.0,17,1.0,0.058823529411764705,0.058823529411764705,0.23529411764705882,0.5882352941176471,0.058823529411764705,0.0,0.11764705882352941,0.8235294117647058,0.058823529411764705,0.8823529411764706,0.6470588235294118,3.5294117647058822,7.5,0.8373702422145328,0.058823529411764705,0.23529411764705882
TR526*0102*2000*01,34.0,13,1.0,0.23076923076923078,0.15384615384615385,0.15384615384615385,0.15384615384615385,0.15384615384615385,0.15384615384615385,0.38461538461538464,0.3076923076923077,0.3076923076923077,0.6153846153846154,0.46153846153846156,3.3076923076923075,1.6,3.1360946745562126,0.15384615384615385,0.15384615384615385
TR528*0102*2000*01,27.0,14,0.9285714285714286,0.15384615384615385,0.23076923076923078,0.3076923076923077,0.3076923076923077,0.0,0.0,0.38461538461538464,0.6153846153846154,0.0,0.6153846153846154,0.3076923076923077,2.769230769230769,1.6,1.1005917159763317,0.0,0.07142857142857142
TR530*0102*2000*01,22.0,18,1.0,0.2777777777777778,0.2777777777777778,0.2777777777777778,0.16666666666666666,0.0,0.0,0.5555555555555556,0.4444444444444444,0.0,0.4444444444444444,0.16666666666666666,2.3333333333333335,0.8,1.1111111111111112,0.16666666666666666,0.16666666666666666
TR532*0102*2000*01,31.0,16,1.0,0.1875,0.1875,0.25,0.375,0.0,0.0,0.375,0.625,0.0,0.625,0.375,2.8125,1.6666666666666667,1.27734375,0.0625,0.1875
TR539*0102*2000*01,25.0,17,0.7647058823529411,0.3076923076923077,0.0,0.07692307692307693,0.46153846153846156,0.15384615384615385,0.0,0.3076923076923077,0.5384615384615384,0.15384615384615385,0.6923076923076923,0.6153846153846154,3.1538461538461537,2.25,2.284023668639053,0.058823529411764705,0.23529411764705882
TR541*0102*2000*01,28.0,23,1.0,0.13043478260869565,0.391304347826087,0.21739130434782608,0.17391304347826086,0.0,0.08695652173913043,0.5217391304347826,0.391304347826087,0.08695652173913043,0.4782608695652174,0.2608695652173913,2.782608695652174,0.9166666666666666,1.8223062381852557,0.17391304347826086,0.17391304347826086
TR542*0102*2000*01,21.0,18,0.9444444444444444,0.23529411764705882,0.23529411764705882,0.17647058823529413,0.058823529411764705,0.0,0.29411764705882354,0.47058823529411764,0.23529411764705882,0.29411764705882354,0.5294117647058824,0.35294117647058826,3.235294117647059,1.125,3.826989619377162,0.16666666666666666,0.2222222222222222
TR546*0102*2000*01,21.0,10,1.0,0.0,0.2,0.4,0.2,0.1,0.1,0.2,0.6,0.2,0.8,0.4,3.5,4.0,1.45,0.1,0.1
TR549*0102*2000*01,22.0,12,1.0,0.3333333333333333,0.25,0.25,0.16666666666666666,0.0,0.0,0.5833333333333334,0.4166666666666667,0.0,0.4166666666666667,0.16666666666666666,2.25,0.7142857142857143,1.1875,0.08333333333333333,0.08333333333333333
TR551*0102*2000*01,25.0,29,0.9655172413793104,0.14285714285714285,0.21428571428571427,0.2857142857142857,0.17857142857142858,0.07142857142857142,0.10714285714285714,0.35714285714285715,0.4642857142857143,0.17857142857142858,0.6428571428571429,0.35714285714285715,3.142857142857143,1.8,2.193877551020409,0.10344827586206896,0.13793103448275862
TR552*0102*2000*01,34.0,32,0.96875,0.16129032258064516,0.2903225806451613,0.2903225806451613,0.16129032258064516,0.06451612903225806,0.03225806451612903,0.45161290322580644,0.45161290322580644,0.0967741935483871,0.5483870967741935,0.25806451612903225,2.774193548387097,1.2142857142857142,1.59417273673257,0.1875,0.1875
TR555*0102*2000*01,29.0,13,1.0,0.23076923076923078,0.15384615384615385,0.3076923076923077,0.23076923076923078,0.0,0.07692307692307693,0.38461538461538464,0.5384615384615384,0.07692307692307693,0.6153846153846154,0.3076923076923077,2.8461538461538463,1.6,1.9763313609467457,0.07692307692307693,0.23076923076923078
TR85*0102*2000*01,24.0,13,0.9230769230769231,0.0,0.3333333333333333,0.16666666666666666,0.4166666666666667,0.0,0.08333333333333333,0.3333333333333333,0.5833333333333334,0.08333333333333333,0.6666666666666666,0.5,3.3333333333333335,2.0,1.388888888888889,0.07692307692307693,0.23076923076923078
TR40*0102*2000*01,23.0,19,1.0,0.2631578947368421,0.10526315789473684,0.2631578947368421,0.21052631578947367,0.05263157894736842,0.10526315789473684,0.3684210526315789,0.47368421052631576,0.15789473684210525,0.631578947368421,0.3684210526315789,3.0,1.7142857142857142,2.526315789473684,0.10526315789473684,0.10526315789473684
TR41*0102*2000*01,25.0,18,1.0,0.2222222222222222,0.16666666666666666,0.3333333333333333,0.1111111111111111,0.16666666666666666,0.0,0.3888888888888889,0.4444444444444444,0.16666666666666666,0.6111111111111112,0.2777777777777778,2.8333333333333335,1.5714285714285714,1.8055555555555556,0.16666666666666666,0.05555555555555555
TR43*0102*2000*01,28.0,17,0.9411764705882353,0.0625,0.1875,0.25,0.3125,0.1875,0.0,0.25,0.5625,0.1875,0.75,0.5,3.375,3.0,1.359375,0.35294117647058826,0.17647058823529413
TR45*0102*2000*01,27.0,9,1.0,0.1111111111111111,0.2222222222222222,0.5555555555555556,0.0,0.0,0.1111111111111111,0.3333333333333333,0.5555555555555556,0.1111111111111111,0.6666666666666666,0.1111111111111111,2.888888888888889,2.0,1.6543209876543208,0.1111111111111111,0.2222222222222222
TR47*0102*2000*01,29.0,22,1.0,0.22727272727272727,0.18181818181818182,0.36363636363636365,0.13636363636363635,0.045454545454545456,0.045454545454545456,0.4090909090909091,0.5,0.09090909090909091,0.5909090909090909,0.22727272727272727,2.727272727272727,1.4444444444444444,1.7438016528925617,0.09090909090909091,0.22727272727272727
TR48*0102*2000*01,25.0,14,1.0,0.07142857142857142,0.21428571428571427,0.2857142857142857,0.35714285714285715,0.0,0.07142857142857142,0.2857142857142857,0.6428571428571429,0.07142857142857142,0.7142857142857143,0.42857142857142855,3.2142857142857144,2.5,1.4540816326530612,0.07142857142857142,0.14285714285714285
TR51*0102*2000*01,22.0,12,1.0,0.0,0.4166666666666667,0.3333333333333333,0.25,0.0,0.0,0.4166666666666667,0.5833333333333334,0.0,0.5833333333333334,0.25,2.8333333333333335,1.4,0.6388888888888888,0.16666666666666666,0.0
TR53*0102*2000*01,19.0,23,1.0,0.2608695652173913,0.30434782608695654,0.30434782608695654,0.13043478260869565,0.0,0.0,0.5652173913043478,0.43478260869565216,0.0,0.43478260869565216,0.13043478260869565,2.3043478260869565,0.7692307692307693,0.9943289224952742,0.043478260869565216,0.043478260869565216
TR55*0102*2000*01,31.0,23,1.0,0.08695652173913043,0.2608695652173913,0.30434782608695654,0.2608695652173913,0.043478260869565216,0.043478260869565216,0.34782608695652173,0.5652173913043478,0.08695652173913043,0.6521739130434783,0.34782608695652173,3.0434782608695654,1.875,1.4328922495274103,0.13043478260869565,0.043478260869565216
TR56*0102*2000*01,38.0,20,0.95,0.10526315789473684,0.10526315789473684,0.21052631578947367,0.3684210526315789,0.15789473684210525,0.05263157894736842,0.21052631578947367,0.5789473684210527,0.21052631578947367,0.7894736842105263,0.5789473684210527,3.526315789473684,3.75,1.7229916897506925,0.15,0.2
TR57*0102*2000*01,34.0,22,1.0,0.22727272727272727,0.22727272727272727,0.4090909090909091,0.09090909090909091,0.0,0.045454545454545456,0.45454545454545453,0.5,0.045454545454545456,0.5454545454545454,0.13636363636363635,2.5454545454545454,1.2,1.4297520661157024,0.13636363636363635,0.13636363636363635
TR561*0102*2000*01,25.0,16,0.9375,0.2,0.06666666666666667,0.4666666666666667,0.2,0.0,0.06666666666666667,0.26666666666666666,0.6666666666666666,0.06666666666666667,0.7333333333333333,0.26666666666666666,2.933333333333333,2.75,1.6622222222222223,0.0625,0.125
TR564*0102*2000*01,31.0,21,1.0,0.19047619047619047,0.19047619047619047,0.2857142857142857,0.2857142857142857,0.047619047619047616,0.0,0.38095238095238093,0.5714285714285714,0.047619047619047616,0.6190476190476191,0.3333333333333333,2.8095238095238093,1.625,1.3922902494331066,0.047619047619047616,0.047619047619047616
TR565*0102*2000*01,27.0,21,1.0,0.09523809523809523,0.3333333333333333,0.38095238095238093,0.14285714285714285,0.0,0.047619047619047616,0.42857142857142855,0.5238095238095238,0.047619047619047616,0.5714285714285714,0.19047619047619047,2.761904761904762,1.3333333333333333,1.2290249433106577,0.09523809523809523,0.047619047619047616
TR566*0102*2000*01,22.0,14,1.0,0.35714285714285715,0.2857142857142857,0.21428571428571427,0.0,0.0,0.14285714285714285,0.6428571428571429,0.21428571428571427,0.14285714285714285,0.35714285714285715,0.14285714285714285,2.4285714285714284,0.5555555555555556,2.6734693877551017,0.07142857142857142,0.14285714285714285
TR571*0102*2000*01,24.0,12,1.0,0.16666666666666666,0.25,0.16666666666666666,0.25,0.16666666666666666,0.0,0.4166666666666667,0.4166666666666667,0.16666666666666666,0.5833333333333334,0.4166666666666667,3.0,1.4,1.8333333333333333,0.16666666666666666,0.0
TR572*0102*2000*01,28.0,21,0.9523809523809523,0.1,0.05,0.35,0.45,0.05,0.0,0.15,0.8,0.05,0.85,0.5,3.3,5.666666666666667,1.0100000000000002,0.0,0.19047619047619047
TR573*0102*2000*01,27.0,22,1.0,0.18181818181818182,0.13636363636363635,0.4090909090909091,0.18181818181818182,0.0,0.09090909090909091,0.3181818181818182,0.5909090909090909,0.09090909090909091,0.6818181818181818,0.2727272727272727,2.9545454545454546,2.142857142857143,1.8615702479338843,0.18181818181818182,0.045454545454545456
TR574*0102*2000*01,27.0,20,0.9,0.2777777777777778,0.2777777777777778,0.2222222222222222,0.05555555555555555,0.1111111111111111,0.05555555555555555,0.5555555555555556,0.2777777777777778,0.16666666666666666,0.4444444444444444,0.2222222222222222,2.611111111111111,0.8,2.2376543209876543,0.25,0.2
TR575*0102*2000*01,22.0,12,1.0,0.25,0.08333333333333333,0.4166666666666667,0.16666666666666666,0.0,0.08333333333333333,0.3333333333333333,0.5833333333333334,0.08333333333333333,0.6666666666666666,0.25,2.8333333333333335,2.0,1.9722222222222225,0.08333333333333333,0.08333333333333333
TR579*0102*2000*01,27.0,15,1.0,0.13333333333333333,0.2,0.4,0.2,0.0,0.06666666666666667,0.3333333333333333,0.6,0.06666666666666667,0.6666666666666666,0.26666666666666666,2.933333333333333,2.0,1.5288888888888892,0.13333333333333333,0.0
TR589*0102*2000*01,28.0,17,1.0,0.0,0.23529411764705882,0.4117647058823529,0.23529411764705882,0.0,0.11764705882352941,0.23529411764705882,0.6470588235294118,0.11764705882352941,0.7647058823529411,0.35294117647058826,3.3529411764705883,3.25,1.4048442906574394,0.058823529411764705,0.17647058823529413
TR590*0102*2000*01,20.0,12,1.0,0.08333333333333333,0.3333333333333333,0.4166666666666667,0.08333333333333333,0.0,0.08333333333333333,0.4166666666666667,0.5,0.08333333333333333,0.5833333333333334,0.16666666666666666,2.8333333333333335,1.4,1.4722222222222225,0.0,0.08333333333333333
TR594*0102*2000*01,27.0,14,1.0,0.21428571428571427,0.14285714285714285,0.42857142857142855,0.14285714285714285,0.07142857142857142,0.0,0.35714285714285715,0.5714285714285714,0.07142857142857142,0.6428571428571429,0.21428571428571427,2.7142857142857144,1.8,1.346938775510204,0.21428571428571427,0.0
TR88*0102*2000*01,23.0,11,1.0,0.09090909090909091,0.36363636363636365,0.2727272727272727,0.18181818181818182,0.09090909090909091,0.0,0.45454545454545453,0.45454545454545453,0.09090909090909091,0.5454545454545454,0.2727272727272727,2.8181818181818183,1.2,1.239669421487603,0.0,0.09090909090909091
TR600*0102*2000*01,28.0,17,1.0,0.35294117647058826,0.23529411764705882,0.23529411764705882,0.17647058823529413,0.0,0.0,0.5882352941176471,0.4117647058823529,0.0,0.4117647058823529,0.17647058823529413,2.235294117647059,0.7,1.2387543252595155,0.17647058823529413,0.23529411764705882
TR603*0102*2000*01,33.0,18,1.0,0.16666666666666666,0.1111111111111111,0.4444444444444444,0.16666666666666666,0.05555555555555555,0.05555555555555555,0.2777777777777778,0.6111111111111112,0.1111111111111111,0.7222222222222222,0.2777777777777778,3.0,2.6,1.6666666666666667,0.16666666666666666,0.1111111111111111
TR610*0102*2000*01,29.0,18,0.9444444444444444,0.11764705882352941,0.17647058823529413,0.35294117647058826,0.23529411764705882,0.058823529411764705,0.058823529411764705,0.29411764705882354,0.5882352941176471,0.11764705882352941,0.7058823529411765,0.35294117647058826,3.1176470588235294,2.4,1.633217993079585,0.1111111111111111,0.16666666666666666
TR612*0102*2000*01,31.0,18,1.0,0.2222222222222222,0.2777777777777778,0.2222222222222222,0.2222222222222222,0.0,0.05555555555555555,0.5,0.4444444444444444,0.05555555555555555,0.5,0.2777777777777778,2.6666666666666665,1.0,1.7777777777777777,0.16666666666666666,0.1111111111111111
TR614*0102*2000*01,18.0,10,1.0,0.3,0.2,0.3,0.1,0.0,0.1,0.5,0.4,0.1,0.5,0.2,2.6,1.0,2.24,0.0,0.2
TR616*0102*2000*01,21.0,18,1.0,0.2222222222222222,0.1111111111111111,0.5,0.16666666666666666,0.0,0.0,0.3333333333333333,0.6666666666666666,0.0,0.6666666666666666,0.16666666666666666,2.611111111111111,2.0,1.0154320987654322,0.1111111111111111,0.05555555555555555
TR621*0102*2000*01,29.0,18,1.0,0.1111111111111111,0.3333333333333333,0.3888888888888889,0.16666666666666666,0.0,0.0,0.4444444444444444,0.5555555555555556,0.0,0.5555555555555556,0.16666666666666666,2.611111111111111,1.25,0.79320987654321,0.1111111111111111,0.05555555555555555
TR628*0102*2000*01,28.0,20,0.9,0.16666666666666666,0.5,0.05555555555555555,0.2222222222222222,0.05555555555555555,0.0,0.6666666666666666,0.2777777777777778,0.05555555555555555,0.3333333333333333,0.2777777777777778,2.5,0.5,1.3611111111111112,0.05,0.25
TR629*0102*2000*01,32.0,12,1.0,0.0,0.16666666666666666,0.25,0.4166666666666667,0.08333333333333333,0.08333333333333333,0.16666666666666666,0.6666666666666666,0.16666666666666666,0.8333333333333334,0.5833333333333334,3.6666666666666665,5.0,1.2222222222222223,0.16666666666666666,0.08333333333333333
TR631*0102*2000*01,28.0,14,1.0,0.07142857142857142,0.21428571428571427,0.5,0.07142857142857142,0.0,0.14285714285714285,0.2857142857142857,0.5714285714285714,0.14285714285714285,0.7142857142857143,0.21428571428571427,3.142857142857143,2.5,1.8367346938775508,0.14285714285714285,0.21428571428571427
TR637*0102*2000*01,24.0,21,0.9047619047619048,0.21052631578947367,0.21052631578947367,0.3684210526315789,0.15789473684210525,0.05263157894736842,0.0,0.42105263157894735,0.5263157894736842,0.05263157894736842,0.5789473684210527,0.21052631578947367,2.6315789473684212,1.375,1.2853185595567866,0.19047619047619047,0.14285714285714285
TR640*0102*2000*01,33.0,19,1.0,0.05263157894736842,0.3157894736842105,0.42105263157894735,0.21052631578947367,0.0,0.0,0.3684210526315789,0.631578947368421,0.0,0.631578947368421,0.21052631578947367,2.789473684210526,1.7142857142857142,0.6925207756232686,0.05263157894736842,0.0
TR641*0102*2000*01,22.0,18,0.9444444444444444,0.11764705882352941,0.17647058823529413,0.29411764705882354,0.29411764705882354,0.11764705882352941,0.0,0.29411764705882354,0.5882352941176471,0.11764705882352941,0.7058823529411765,0.4117647058823529,3.1176470588235294,2.4,1.3979238754325263,0.16666666666666666,0.16666666666666666
TR642*0102*2000*01,27.0,17,1.0,0.35294117647058826,0.0,0.35294117647058826,0.23529411764705882,0.058823529411764705,0.0,0.35294117647058826,0.5882352941176471,0.058823529411764705,0.6470588235294118,0.29411764705882354,2.6470588235294117,1.8333333333333333,1.7577854671280277,0.058823529411764705,0.0
TR643*0102*2000*01,24.0,11,1.0,0.45454545454545453,0.09090909090909091,0.18181818181818182,0.18181818181818182,0.09090909090909091,0.0,0.5454545454545454,0.36363636363636365,0.09090909090909091,0.45454545454545453,0.2727272727272727,2.3636363636363638,0.8333333333333334,2.049586776859504,0.0,0.09090909090909091
TR648*0102*2000*01,20.0,17,1.0,0.11764705882352941,0.29411764705882354,0.35294117647058826,0.058823529411764705,0.11764705882352941,0.058823529411764705,0.4117647058823529,0.4117647058823529,0.17647058823529413,0.5882352941176471,0.23529411764705882,2.9411764705882355,1.4285714285714286,1.820069204152249,0.11764705882352941,0.11764705882352941
TR650*0102*2000*01,21.0,17,1.0,0.23529411764705882,0.29411764705882354,0.35294117647058826,0.11764705882352941,0.0,0.0,0.5294117647058824,0.47058823529411764,0.0,0.47058823529411764,0.11764705882352941,2.3529411764705883,0.8888888888888888,0.9342560553633218,0.058823529411764705,0.23529411764705882
TR652*0102*2000*01,24.0,10,1.0,0.1,0.3,0.4,0.2,0.0,0.0,0.4,0.6,0.0,0.6,0.2,2.7,1.5,0.8099999999999999,0.1,0.1
TR91*0102*2000*01,26.0,20,1.0,0.2,0.4,0.15,0.25,0.0,0.0,0.6,0.4,0.0,0.4,0.25,2.45,0.6666666666666666,1.1475,0.05,0.15
TR656*0102*2000*01,33.0,22,0.9090909090909091,0.3,0.2,0.2,0.2,0.05,0.05,0.5,0.4,0.1,0.5,0.3,2.65,1.0,2.1275,0.09090909090909091,0.09090909090909091
TR657*0102*2000*01,28.0,22,1.0,0.22727272727272727,0.22727272727272727,0.3181818181818182,0.18181818181818182,0.0,0.045454545454545456,0.45454545454545453,0.5,0.045454545454545456,0.5454545454545454,0.22727272727272727,2.6363636363636362,1.2,1.5950413223140494,0.0,0.09090909090909091
TR659*0102*2000*01,30.0,18,1.0,0.2777777777777778,0.3333333333333333,0.2222222222222222,0.1111111111111111,0.05555555555555555,0.0,0.6111111111111112,0.3333333333333333,0.05555555555555555,0.3888888888888889,0.16666666666666666,2.3333333333333335,0.6363636363636364,1.3333333333333333,0.05555555555555555,0.05555555555555555
TR660*0102*2000*01,35.0,23,0.9565217391304348,0.3181818181818182,0.13636363636363635,0.22727272727272727,0.2727272727272727,0.0,0.045454545454545456,0.45454545454545453,0.5,0.045454545454545456,0.5454545454545454,0.3181818181818182,2.6363636363636362,1.2,1.958677685950413,0.08695652173913043,0.08695652173913043
TR661*0102*2000*01,34.0,13,0.9230769230769231,0.08333333333333333,0.25,0.25,0.25,0.16666666666666666,0.0,0.3333333333333333,0.5,0.16666666666666666,0.6666666666666666,0.4166666666666667,3.1666666666666665,2.0,1.472222222222222,0.07692307692307693,0.15384615384615385
TR666*0102*2000*01,25.0,12,1.0,0.16666666666666666,0.3333333333333333,0.25,0.25,0.0,0.0,0.5,0.5,0.0,0.5,0.25,2.5833333333333335,1.0,1.076388888888889,0.08333333333333333,0.25
TR667*0102*2000*01,25.0,20,1.0,0.2,0.35,0.3,0.1,0.0,0.05,0.55,0.4,0.05,0.45,0.15,2.5,0.8181818181818182,1.45,0.2,0.35
TR672*0102*2000*01,34.0,18,1.0,0.2222222222222222,0.3888888888888889,0.2222222222222222,0.16666666666666666,0.0,0.0,0.6111111111111112,0.3888888888888889,0.0,0.3888888888888889,0.16666666666666666,2.3333333333333335,0.6363636363636364,1.0,0.16666666666666666,0.16666666666666666
TR673*0102*2000*01,28.0,25,1.0,0.12,0.2,0.16,0.24,0.12,0.16,0.32,0.4,0.28,0.68,0.52,3.52,2.125,2.5696000000000003,0.0,0.04
TR674*0102*2000*01,29.0,25,1.0,0.16,0.24,0.12,0.24,0.08,0.16,0.4,0.36,0.24,0.6,0.48,3.32,1.5,2.7776000000000005,0.16,0.16
TR677*0102*2000*01,21.0,16,1.0,0.125,0.1875,0.5,0.0625,0.0625,0.0625,0.3125,0.5625,0.125,0.6875,0.1875,2.9375,2.2,1.55859375,0.0,0.125
TR678*0102*2000*01,31.0,26,0.9615384615384616,0.16,0.28,0.32,0.2,0.0,0.04,0.44,0.52,0.04,0.56,0.24,2.72,1.2727272727272727,1.4015999999999997,0.038461538461538464,0.11538461538461539
TR681*0102*2000*01,25.0,22,1.0,0.3181818181818182,0.3181818181818182,0.18181818181818182,0.09090909090909091,0.09090909090909091,0.0,0.6363636363636364,0.2727272727272727,0.09090909090909091,0.36363636363636365,0.18181818181818182,2.3181818181818183,0.5714285714285714,1.580578512396694,0.09090909090909091,0.09090909090909091
TR684*0102*2000*01,26.0,17,1.0,0.11764705882352941,0.11764705882352941,0.29411764705882354,0.23529411764705882,0.23529411764705882,0.0,0.23529411764705882,0.5294117647058824,0.23529411764705882,0.7647058823529411,0.47058823529411764,3.3529411764705883,3.25,1.6401384083044983,0.17647058823529413,0.0
TR687*0102*2000*01,28.0,24,1.0,0.125,0.125,0.4166666666666667,0.2916666666666667,0.041666666666666664,0.0,0.25,0.7083333333333334,0.041666666666666664,0.75,0.3333333333333333,3.0,3.0,1.0833333333333333,0.125,0.2916666666666667
TR688*0102*2000*01,26.0,15,1.0,0.06666666666666667,0.26666666666666666,0.26666666666666666,0.06666666666666667,0.13333333333333333,0.2,0.3333333333333333,0.3333333333333333,0.3333333333333333,0.6666666666666666,0.4,3.533333333333333,2.0,2.6488888888888895,0.13333333333333333,0.13333333333333333
TR689*0102*2000*01,20.0,14,1.0,0.0,0.14285714285714285,0.42857142857142855,0.2857142857142857,0.14285714285714285,0.0,0.14285714285714285,0.7142857142857143,0.14285714285714285,0.8571428571428571,0.42857142857142855,3.4285714285714284,6.0,0.8163265306122449,0.21428571428571427,0.2857142857142857
TR690*0102*2000*01,28.0,22,0.9090909090909091,0.05,0.25,0.4,0.25,0.0,0.05,0.3,0.65,0.05,0.7,0.3,3.05,2.3333333333333335,1.1474999999999997,0.045454545454545456,0.18181818181818182
TR691*0102*2000*01,23.0,13,1.0,0.38461538461538464,0.15384615384615385,0.15384615384615385,0.15384615384615385,0.15384615384615385,0.0,0.5384615384615384,0.3076923076923077,0.15384615384615385,0.46153846153846156,0.3076923076923077,2.5384615384615383,0.8571428571428571,2.248520710059172,0.07692307692307693,0.15384615384615385
TR696*0102*2000*01,28.0,21,1.0,0.2857142857142857,0.047619047619047616,0.42857142857142855,0.19047619047619047,0.047619047619047616,0.0,0.3333333333333333,0.6190476190476191,0.047619047619047616,0.6666666666666666,0.23809523809523808,2.6666666666666665,2.0,1.4603174603174605,0.047619047619047616,0.14285714285714285
TR697*0102*2000*01,26.0,20,1.0,0.3,0.3,0.1,0.2,0.05,0.05,0.6,0.3,0.1,0.4,0.3,2.55,0.6666666666666666,2.1475,0.1,0.3
TR63*0102*2000*01,20.0,18,1.0,0.5,0.2777777777777778,0.16666666666666666,0.05555555555555555,0.0,0.0,0.7777777777777778,0.2222222222222222,0.0,0.2222222222222222,0.05555555555555555,1.7777777777777777,0.2857142857142857,0.8395061728395061,0.0,0.1111111111111111
TR64*0102*2000*01,9.0,22,1.0,0.2727272727272727,0.22727272727272727,0.3181818181818182,0.045454545454545456,0.045454545454545456,0.09090909090909091,0.5,0.36363636363636365,0.13636363636363635,0.5,0.18181818181818182,2.6363636363636362,1.0,2.2314049586776856,0.045454545454545456,0.09090909090909091
TR66*0102*2000*01,27.0,27,1.0,0.37037037037037035,0.07407407407407407,0.25925925925925924,0.07407407407407407,0.14814814814814814,0.07407407407407407,0.4444444444444444,0.3333333333333333,0.2222222222222222,0.5555555555555556,0.2962962962962963,2.7777777777777777,1.25,2.839506172839506,0.1111111111111111,0.07407407407407407
TR68*0102*2000*01,30.0,19,1.0,0.2631578947368421,0.3157894736842105,0.15789473684210525,0.21052631578947367,0.05263157894736842,0.0,0.5789473684210527,0.3684210526315789,0.05263157894736842,0.42105263157894735,0.2631578947368421,2.473684210526316,0.7272727272727273,1.5124653739612188,0.21052631578947367,0.10526315789473684
TR72*0102*2000*01,24.0,29,1.0,0.13793103448275862,0.3103448275862069,0.3448275862068966,0.1724137931034483,0.0,0.034482758620689655,0.4482758620689655,0.5172413793103449,0.034482758620689655,0.5517241379310345,0.20689655172413793,2.689655172413793,1.2307692307692308,1.248513674197384,0.10344827586206896,0.10344827586206896
TR74*0102*2000*01,30.0,15,1.0,0.13333333333333333,0.2,0.26666666666666666,0.26666666666666666,0.06666666666666667,0.06666666666666667,0.3333333333333333,0.5333333333333333,0.13333333333333333,0.6666666666666666,0.4,3.1333333333333333,2.0,1.8488888888888888,0.0,0.2
TR77*0102*2000*01,28.0,19,0.9473684210526315,0.1111111111111111,0.16666666666666666,0.3888888888888889,0.2222222222222222,0.1111111111111111,0.0,0.2777777777777778,0.6111111111111112,0.1111111111111111,0.7222222222222222,0.3333333333333333,3.0555555555555554,2.6,1.274691358024691,0.15789473684210525,0.10526315789473684
TR700*0102*2000*01,31.0,20,0.95,0.10526315789473684,0.15789473684210525,0.47368421052631576,0.21052631578947367,0.0,0.05263157894736842,0.2631578947368421,0.6842105263157895,0.05263157894736842,0.7368421052631579,0.2631578947368421,3.0,2.8,1.263157894736842,0.1,0.15
TR702*0102*2000*01,26.0,28,1.0,0.14285714285714285,0.2857142857142857,0.32142857142857145,0.07142857142857142,0.03571428571428571,0.14285714285714285,0.42857142857142855,0.39285714285714285,0.17857142857142858,0.5714285714285714,0.25,3.0,1.3333333333333333,2.357142857142857,0.21428571428571427,0.03571428571428571
TR703*0102*2000*01,30.0,14,1.0,0.21428571428571427,0.14285714285714285,0.35714285714285715,0.21428571428571427,0.0,0.07142857142857142,0.35714285714285715,0.5714285714285714,0.07142857142857142,0.6428571428571429,0.2857142857142857,2.857142857142857,1.8,1.836734693877551,0.07142857142857142,0.0
TR705*0102*2000*01,23.0,14,1.0,0.35714285714285715,0.42857142857142855,0.07142857142857142,0.14285714285714285,0.0,0.0,0.7857142857142857,0.21428571428571427,0.0,0.21428571428571427,0.14285714285714285,2.0,0.2727272727272727,1.0,0.14285714285714285,0.0
TR706*0102*2000*01,25.0,13,1.0,0.15384615384615385,0.3076923076923077,0.15384615384615385,0.23076923076923078,0.15384615384615385,0.0,0.46153846153846156,0.38461538461538464,0.15384615384615385,0.5384615384615384,0.38461538461538464,2.923076923076923,1.1666666666666667,1.7633136094674557,0.07692307692307693,0.23076923076923078
TR707*0102*2000*01,33.0,19,1.0,0.10526315789473684,0.3157894736842105,0.3684210526315789,0.21052631578947367,0.0,0.0,0.42105263157894735,0.5789473684210527,0.0,0.5789473684210527,0.21052631578947367,2.6842105263157894,1.375,0.8476454293628809,0.10526315789473684,0.21052631578947367
TR709*0102*2000*01,26.0,16,1.0,0.25,0.375,0.1875,0.0625,0.125,0.0,0.625,0.25,0.125,0.375,0.1875,2.4375,0.6,1.62109375,0.125,0.25
TR712*0102*2000*01,29.0,11,1.0,0.2727272727272727,0.2727272727272727,0.2727272727272727,0.09090909090909091,0.0,0.09090909090909091,0.5454545454545454,0.36363636363636365,0.09090909090909091,0.45454545454545453,0.18181818181818182,2.5454545454545454,0.8333333333333334,2.066115702479339,0.09090909090909091,0.18181818181818182
TR714*0102*2000*01,31.0,26,1.0,0.11538461538461539,0.11538461538461539,0.38461538461538464,0.3076923076923077,0.07692307692307693,0.0,0.23076923076923078,0.6923076923076923,0.07692307692307693,0.7692307692307693,0.38461538461538464,3.1153846153846154,3.3333333333333335,1.1789940828402368,0.07692307692307693,0.15384615384615385
TR1*0102*2000*01,31.0,21,1.0,0.19047619047619047,0.2857142857142857,0.2857142857142857,0.23809523809523808,0.0,0.0,0.47619047619047616,0.5238095238095238,0.0,0.5238095238095238,0.23809523809523808,2.5714285714285716,1.1,1.102040816326531,0.14285714285714285,0.14285714285714285
TR721*0102*2000*01,27.0,17,1.0,0.058823529411764705,0.35294117647058826,0.23529411764705882,0.17647058823529413,0.11764705882352941,0.058823529411764705,0.4117647058823529,0.4117647058823529,0.17647058823529413,0.5882352941176471,0.35294117647058826,3.1176470588235294,1.4285714285714286,1.7508650519031141,0.0,0.23529411764705882
TR726*0102*2000*01,32.0,23,1.0,0.2608695652173913,0.08695652173913043,0.43478260869565216,0.21739130434782608,0.0,0.0,0.34782608695652173,0.6521739130434783,0.0,0.6521739130434783,0.21739130434782608,2.608695652173913,1.875,1.1947069943289221,0.08695652173913043,0.043478260869565216
TR729*0102*2000*01,26.0,16,1.0,0.25,0.4375,0.1875,0.125,0.0,0.0,0.6875,0.3125,0.0,0.3125,0.125,2.1875,0.45454545454545453,0.90234375,0.0,0.1875
TR736*0102*2000*01,25.0,10,1.0,0.2,0.3,0.3,0.2,0.0,0.0,0.5,0.5,0.0,0.5,0.2,2.5,1.0,1.05,0.0,0.1
TR739*0102*2000*01,29.0,18,1.0,0.2777777777777778,0.2777777777777778,0.2222222222222222,0.1111111111111111,0.05555555555555555,0.05555555555555555,0.5555555555555556,0.3333333333333333,0.1111111111111111,0.4444444444444444,0.2222222222222222,2.5555555555555554,0.8,2.024691358024691,0.0,0.05555555555555555
TR741*0102*2000*01,31.0,21,1.0,0.23809523809523808,0.19047619047619047,0.2857142857142857,0.2857142857142857,0.0,0.0,0.42857142857142855,0.5714285714285714,0.0,0.5714285714285714,0.2857142857142857,2.619047619047619,1.3333333333333333,1.2834467120181405,0.047619047619047616,0.3333333333333333
TR742*0102*2000*01,26.0,13,1.0,0.23076923076923078,0.3076923076923077,0.23076923076923078,0.15384615384615385,0.07692307692307693,0.0,0.5384615384615384,0.38461538461538464,0.07692307692307693,0.46153846153846156,0.23076923076923078,2.5384615384615383,0.8571428571428571,1.4792899408284024,0.15384615384615385,0.3076923076923077
TR743*0102*2000*01,36.0,11,0.9090909090909091,0.0,0.1,0.3,0.2,0.2,0.2,0.1,0.5,0.4,0.9,0.6,4.1,9.0,1.6900000000000002,0.0,0.2727272727272727
TR744*0102*2000*01,24.0,13,0.8461538461538461,0.45454545454545453,0.36363636363636365,0.09090909090909091,0.09090909090909091,0.0,0.0,0.8181818181818182,0.18181818181818182,0.0,0.18181818181818182,0.09090909090909091,1.8181818181818181,0.2222222222222222,0.8760330578512395,0.0,0.38461538461538464
TR747*0102*2000*01,30.0,19,0.9473684210526315,0.3333333333333333,0.16666666666666666,0.2222222222222222,0.2222222222222222,0.0,0.05555555555555555,0.5,0.4444444444444444,0.05555555555555555,0.5,0.2777777777777778,2.5555555555555554,1.0,2.0246913580246915,0.05263157894736842,0.10526315789473684
TR750*0102*2000*01,36.0,20,1.0,0.15,0.25,0.2,0.3,0.0,0.1,0.4,0.5,0.1,0.6,0.4,3.05,1.5,2.0475000000000003,0.15,0.1
TR751*0102*2000*01,20.0,17,1.0,0.17647058823529413,0.23529411764705882,0.35294117647058826,0.11764705882352941,0.058823529411764705,0.058823529411764705,0.4117647058823529,0.47058823529411764,0.11764705882352941,0.5882352941176471,0.23529411764705882,2.823529411764706,1.4285714285714286,1.7923875432525953,0.11764705882352941,0.11764705882352941
TR753*0102*2000*01,37.0,24,0.9583333333333334,0.08695652173913043,0.21739130434782608,0.2608695652173913,0.30434782608695654,0.08695652173913043,0.043478260869565216,0.30434782608695654,0.5652173913043478,0.13043478260869565,0.6956521739130435,0.43478260869565216,3.217391304347826,2.2857142857142856,1.5614366729678644,0.20833333333333334,0.125
TR754*0102*2000*01,34.0,21,1.0,0.23809523809523808,0.2857142857142857,0.23809523809523808,0.19047619047619047,0.047619047619047616,0.0,0.5238095238095238,0.42857142857142855,0.047619047619047616,0.47619047619047616,0.23809523809523808,2.5238095238095237,0.9090909090909091,1.3922902494331064,0.14285714285714285,0.09523809523809523
TR755*0102*2000*01,36.0,35,0.9714285714285714,0.2647058823529412,0.29411764705882354,0.29411764705882354,0.11764705882352941,0.0,0.029411764705882353,0.5588235294117647,0.4117647058823529,0.029411764705882353,0.4411764705882353,0.14705882352941177,2.3823529411764706,0.7894736842105263,1.3538062283737025,0.14285714285714285,0.3142857142857143
TR758*0102*2000*01,24.0,15,0.9333333333333333,0.2857142857142857,0.07142857142857142,0.35714285714285715,0.2857142857142857,0.0,0.0,0.35714285714285715,0.6428571428571429,0.0,0.6428571428571429,0.2857142857142857,2.642857142857143,1.8,1.3724489795918366,0.06666666666666667,0.2
TR793*0102*2000*01,18.0,8,1.0,0.125,0.375,0.0,0.375,0.125,0.0,0.5,0.375,0.125,0.5,0.5,3.0,1.0,1.75,0.125,0.0
TR794*0102*2000*01,14.0,20,1.0,0.35,0.1,0.4,0.1,0.0,0.05,0.45,0.5,0.05,0.55,0.15,2.45,1.2222222222222223,1.7474999999999998,0.15,0.05
TR797*0102*2000*01,24.0,14,1.0,0.2857142857142857,0.14285714285714285,0.35714285714285715,0.0,0.07142857142857142,0.14285714285714285,0.42857142857142855,0.35714285714285715,0.21428571428571427,0.5714285714285714,0.21428571428571427,2.857142857142857,1.3333333333333333,2.8367346938775504,0.35714285714285715,0.07142857142857142
TR801*0102*2000*01,21.0,13,1.0,0.3076923076923077,0.3076923076923077,0.07692307692307693,0.23076923076923078,0.0,0.07692307692307693,0.6153846153846154,0.3076923076923077,0.07692307692307693,0.38461538461538464,0.3076923076923077,2.5384615384615383,0.625,2.248520710059171,0.0,0.15384615384615385
TR802*0102*2000*01,36.0,17,1.0,0.058823529411764705,0.29411764705882354,0.23529411764705882,0.23529411764705882,0.11764705882352941,0.058823529411764705,0.35294117647058826,0.47058823529411764,0.17647058823529413,0.6470588235294118,0.4117647058823529,3.235294117647059,1.8333333333333333,1.709342560553633,0.11764705882352941,0.0
TR803*0102*2000*01,27.0,22,1.0,0.09090909090909091,0.18181818181818182,0.5454545454545454,0.18181818181818182,0.0,0.0,0.2727272727272727,0.7272727272727273,0.0,0.7272727272727273,0.18181818181818182,2.8181818181818183,2.6666666666666665,0.6942148760330578,0.09090909090909091,0.0
TR805*0102*2000*01,14.0,10,0.9,0.0,0.3333333333333333,0.5555555555555556,0.1111111111111111,0.0,0.0,0.3333333333333333,0.6666666666666666,0.0,0.6666666666666666,0.1111111111111111,2.7777777777777777,2.0,0.3950617283950617,0.1,0.4
TR807*0102*2000*01,37.0,32,1.0,0.1875,0.3125,0.25,0.21875,0.0,0.03125,0.5,0.46875,0.03125,0.5,0.25,2.625,1.0,1.421875,0.09375,0.21875
TR810*0102*2000*01,22.0,10,1.0,0.5,0.1,0.1,0.2,0.1,0.0,0.6,0.3,0.1,0.4,0.3,2.3,0.6666666666666666,2.21,0.0,0.1
TR811*0102*2000*01,35.0,13,1.0,0.07692307692307693,0.3076923076923077,0.38461538461538464,0.15384615384615385,0.07692307692307693,0.0,0.38461538461538464,0.5384615384615384,0.07692307692307693,0.6153846153846154,0.23076923076923078,2.8461538461538463,1.6,1.0532544378698223,0.07692307692307693,0.3076923076923077
TR812*0102*2000*01,24.0,15,1.0,0.13333333333333333,0.3333333333333333,0.13333333333333333,0.3333333333333333,0.0,0.06666666666666667,0.4666666666666667,0.4666666666666667,0.06666666666666667,0.5333333333333333,0.4,2.933333333333333,1.1428571428571428,1.7955555555555556,0.06666666666666667,0.2
TR813*0102*2000*01,25.0,29,0.9655172413793104,0.32142857142857145,0.25,0.21428571428571427,0.21428571428571427,0.0,0.0,0.5714285714285714,0.42857142857142855,0.0,0.42857142857142855,0.21428571428571427,2.3214285714285716,0.75,1.2895408163265307,0.0,0.06896551724137931
TR818*0102*2000*01,30.0,30,0.9666666666666667,0.2413793103448276,0.20689655172413793,0.3448275862068966,0.1724137931034483,0.0,0.034482758620689655,0.4482758620689655,0.5172413793103449,0.034482758620689655,0.5517241379310345,0.20689655172413793,2.586206896551724,1.2307692307692308,1.4839476813317476,0.1,0.23333333333333334
TR819*0102*2000*01,22.0,17,1.0,0.17647058823529413,0.35294117647058826,0.23529411764705882,0.17647058823529413,0.058823529411764705,0.0,0.5294117647058824,0.4117647058823529,0.058823529411764705,0.47058823529411764,0.23529411764705882,2.588235294117647,0.8888888888888888,1.301038062283737,0.0,0.17647058823529413
TR821*0102*2000*01,30.0,19,1.0,0.0,0.21052631578947367,0.3684210526315789,0.3684210526315789,0.0,0.05263157894736842,0.21052631578947367,0.7368421052631579,0.05263157894736842,0.7894736842105263,0.42105263157894735,3.3157894736842106,3.75,0.9529085872576178,0.0,0.2631578947368421
TR822*0102*2000*01,28.0,11,1.0,0.18181818181818182,0.2727272727272727,0.2727272727272727,0.18181818181818182,0.09090909090909091,0.0,0.45454545454545453,0.45454545454545453,0.09090909090909091,0.5454545454545454,0.2727272727272727,2.727272727272727,1.2,1.471074380165289,0.18181818181818182,0.18181818181818182
TR827*0102*2000*01,27.0,14,0.9285714285714286,0.15384615384615385,0.15384615384615385,0.23076923076923078,0.46153846153846156,0.0,0.0,0.3076923076923077,0.6923076923076923,0.0,0.6923076923076923,0.46153846153846156,3.0,2.25,1.2307692307692308,0.14285714285714285,0.14285714285714285
TR835*0102*2000*01,25.0,13,1.0,0.38461538461538464,0.15384615384615385,0.07692307692307693,0.38461538461538464,0.0,0.0,0.5384615384615384,0.46153846153846156,0.0,0.46153846153846156,0.38461538461538464,2.4615384615384617,0.8571428571428571,1.7869822485207103,0.0,0.15384615384615385
TR836*0102*2000*01,23.0,31,0.967741935483871,0.03333333333333333,0.3,0.3333333333333333,0.3333333333333333,0.0,0.0,0.3333333333333333,0.6666666666666666,0.0,0.6666666666666666,0.3333333333333333,2.966666666666667,2.0,0.7655555555555555,0.0967741935483871,0.1935483870967742
TR842*0102*2000*01,22.0,35,0.9714285714285714,0.17647058823529413,0.17647058823529413,0.35294117647058826,0.23529411764705882,0.029411764705882353,0.029411764705882353,0.35294117647058826,0.5882352941176471,0.058823529411764705,0.6470588235294118,0.29411764705882354,2.8529411764705883,1.8333333333333333,1.4783737024221455,0.05714285714285714,0.2
TR844*0102*2000*01,26.0,23,1.0,0.21739130434782608,0.13043478260869565,0.2608695652173913,0.17391304347826086,0.13043478260869565,0.08695652173913043,0.34782608695652173,0.43478260869565216,0.21739130434782608,0.6521739130434783,0.391304347826087,3.130434782608696,1.875,2.46124763705104,0.17391304347826086,0.0
TR845*0102*2000*01,30.0,21,1.0,0.19047619047619047,0.19047619047619047,0.3333333333333333,0.19047619047619047,0.047619047619047616,0.047619047619047616,0.38095238095238093,0.5238095238095238,0.09523809523809523,0.6190476190476191,0.2857142857142857,2.857142857142857,1.625,1.7414965986394557,0.047619047619047616,0.19047619047619047
TR846*0102*2000*01,39.0,25,0.96,0.16666666666666666,0.0,0.375,0.2916666666666667,0.125,0.041666666666666664,0.16666666666666666,0.6666666666666666,0.16666666666666666,0.8333333333333334,0.4583333333333333,3.3333333333333335,5.0,1.7222222222222223,0.28,0.08
TR848*0102*2000*01,23.0,9,1.0,0.3333333333333333,0.0,0.4444444444444444,0.1111111111111111,0.0,0.1111111111111111,0.3333333333333333,0.5555555555555556,0.1111111111111111,0.6666666666666666,0.2222222222222222,2.7777777777777777,2.0,2.3950617283950617,0.1111111111111111,0.0
TR853*0102*2000*01,26.0,16,1.0,0.1875,0.3125,0.125,0.1875,0.125,0.0625,0.5,0.3125,0.1875,0.5,0.375,2.9375,1.0,2.30859375,0.1875,0.0625
TR856*0102*2000*01,31.0,15,1.0,0.0,0.06666666666666667,0.4666666666666667,0.3333333333333333,0.06666666666666667,0.06666666666666667,0.06666666666666667,0.8,0.13333333333333333,0.9333333333333333,0.4666666666666667,3.6,14.0,0.9066666666666667,0.2,0.0
TR859*0102*2000*01,32.0,15,1.0,0.13333333333333333,0.13333333333333333,0.2,0.4,0.0,0.13333333333333333,0.26666666666666666,0.6,0.13333333333333333,0.7333333333333333,0.5333333333333333,3.4,2.75,2.106666666666667,0.06666666666666667,0.13333333333333333
TR861*0102*2000*01,26.0,19,0.9473684210526315,0.1111111111111111,0.5555555555555556,0.2222222222222222,0.1111111111111111,0.0,0.0,0.6666666666666666,0.3333333333333333,0.0,0.3333333333333333,0.1111111111111111,2.3333333333333335,0.5,0.6666666666666665,0.05263157894736842,0.3157894736842105
TR867*0102*2000*01,34.0,20,1.0,0.3,0.25,0.1,0.35,0.0,0.0,0.55,0.45,0.0,0.45,0.35,2.5,0.8181818181818182,1.55,0.05,0.15
TR762*0102*2000*01,26.0,17,0.9411764705882353,0.3125,0.3125,0.1875,0.125,0.0,0.0625,0.625,0.3125,0.0625,0.375,0.1875,2.375,0.6,1.859375,0.058823529411764705,0.17647058823529413
TR873*0102*2000*01,32.0,16,1.0,0.1875,0.125,0.5625,0.0625,0.0,0.0625,0.3125,0.625,0.0625,0.6875,0.125,2.75,2.2,1.4375,0.0625,0.1875
TR882*0102*2000*01,24.0,32,1.0,0.375,0.125,0.25,0.25,0.0,0.0,0.5,0.5,0.0,0.5,0.25,2.375,1.0,1.484375,0.09375,0.125
TR883*0102*2000*01,21.0,15,0.8666666666666667,0.38461538461538464,0.15384615384615385,0.23076923076923078,0.07692307692307693,0.07692307692307693,0.07692307692307693,0.5384615384615384,0.3076923076923077,0.15384615384615385,0.46153846153846156,0.23076923076923078,2.5384615384615383,0.8571428571428571,2.556213017751479,0.13333333333333333,0.2
TR884*0102*2000*01,25.0,20,0.95,0.10526315789473684,0.2631578947368421,0.2631578947368421,0.21052631578947367,0.10526315789473684,0.05263157894736842,0.3684210526315789,0.47368421052631576,0.15789473684210525,0.631578947368421,0.3684210526315789,3.1052631578947367,1.7142857142857142,1.7783933518005541,0.15,0.15
TR885*0102*2000*01,30.0,16,1.0,0.1875,0.125,0.3125,0.3125,0.0,0.0625,0.3125,0.625,0.0625,0.6875,0.375,3.0,2.2,1.75,0.1875,0.0625
TR886*0102*2000*01,30.0,13,1.0,0.23076923076923078,0.07692307692307693,0.15384615384615385,0.46153846153846156,0.07692307692307693,0.0,0.3076923076923077,0.6153846153846154,0.07692307692307693,0.6923076923076923,0.5384615384615384,3.076923076923077,2.25,1.763313609467456,0.0,0.3076923076923077
TR887*0102*2000*01,23.0,14,1.0,0.14285714285714285,0.21428571428571427,0.42857142857142855,0.14285714285714285,0.0,0.07142857142857142,0.35714285714285715,0.5714285714285714,0.07142857142857142,0.6428571428571429,0.21428571428571427,2.857142857142857,1.8,1.551020408163265,0.07142857142857142,0.0
TR888*0102*2000*01,23.0,18,0.9444444444444444,0.058823529411764705,0.35294117647058826,0.29411764705882354,0.23529411764705882,0.058823529411764705,0.0,0.4117647058823529,0.5294117647058824,0.058823529411764705,0.5882352941176471,0.29411764705882354,2.8823529411764706,1.4285714285714286,1.0449826989619375,0.1111111111111111,0.2222222222222222
TR889*0102*2000*01,31.0,26,0.9615384615384616,0.2,0.32,0.28,0.16,0.04,0.0,0.52,0.44,0.04,0.48,0.2,2.52,0.9230769230769231,1.2096,0.07692307692307693,0.15384615384615385
TR890*0102*2000*01,22.0,12,1.0,0.08333333333333333,0.16666666666666666,0.3333333333333333,0.16666666666666666,0.08333333333333333,0.16666666666666666,0.25,0.5,0.25,0.75,0.4166666666666667,3.5,3.0,2.25,0.16666666666666666,0.0
TR892*0102*2000*01,28.0,22,0.9545454545454546,0.14285714285714285,0.09523809523809523,0.3333333333333333,0.38095238095238093,0.0,0.047619047619047616,0.23809523809523808,0.7142857142857143,0.047619047619047616,0.7619047619047619,0.42857142857142855,3.142857142857143,3.2,1.45578231292517,0.13636363636363635,0.13636363636363635
TR896*0102*2000*01,34.0,27,1.0,0.14814814814814814,0.25925925925925924,0.37037037037037035,0.1111111111111111,0.07407407407407407,0.037037037037037035,0.4074074074074074,0.48148148148148145,0.1111111111111111,0.5925925925925926,0.2222222222222222,2.814814814814815,1.4545454545454546,1.5582990397805214,0.14814814814814814,0.1111111111111111
TR899*0102*2000*01,24.0,16,1.0,0.125,0.1875,0.4375,0.25,0.0,0.0,0.3125,0.6875,0.0,0.6875,0.25,2.8125,2.2,0.90234375,0.1875,0.125
TR903*0102*2000*01,23.0,15,1.0,0.26666666666666666,0.06666666666666667,0.5333333333333333,0.06666666666666667,0.06666666666666667,0.0,0.3333333333333333,0.6,0.06666666666666667,0.6666666666666666,0.13333333333333333,2.6,2.0,1.3066666666666669,0.0,0.0
TR763*0102*2000*01,29.0,19,1.0,0.21052631578947367,0.10526315789473684,0.2631578947368421,0.3684210526315789,0.0,0.05263157894736842,0.3157894736842105,0.631578947368421,0.05263157894736842,0.6842105263157895,0.42105263157894735,3.0,2.1666666666666665,1.7894736842105263,0.21052631578947367,0.0
TR96*0102*2000*01,27.0,21,1.0,0.23809523809523808,0.19047619047619047,0.09523809523809523,0.38095238095238093,0.09523809523809523,0.0,0.42857142857142855,0.47619047619047616,0.09523809523809523,0.5714285714285714,0.47619047619047616,2.9047619047619047,1.3333333333333333,1.8956916099773242,0.0,0.0
TR98*0102*2000*01,26.0,17,1.0,0.23529411764705882,0.17647058823529413,0.17647058823529413,0.4117647058823529,0.0,0.0,0.4117647058823529,0.5882352941176471,0.0,0.5882352941176471,0.4117647058823529,2.764705882352941,1.4285714285714286,1.4740484429065743,0.23529411764705882,0.23529411764705882
TR103*0102*2000*01,24.0,19,1.0,0.05263157894736842,0.21052631578947367,0.3684210526315789,0.21052631578947367,0.10526315789473684,0.05263157894736842,0.2631578947368421,0.5789473684210527,0.15789473684210525,0.7368421052631579,0.3684210526315789,3.263157894736842,2.8,1.4570637119113572,0.0,0.05263157894736842
TR104*0102*2000*01,24.0,14,0.9285714285714286,0.3076923076923077,0.3076923076923077,0.15384615384615385,0.15384615384615385,0.0,0.07692307692307693,0.6153846153846154,0.3076923076923077,0.07692307692307693,0.38461538461538464,0.23076923076923078,2.4615384615384617,0.625,2.0946745562130173,0.14285714285714285,0.21428571428571427
TR105*0102*2000*01,26.0,18,0.8888888888888888,0.1875,0.1875,0.1875,0.3125,0.0625,0.0625,0.375,0.5,0.125,0.625,0.4375,3.0625,1.6666666666666667,2.05859375,0.1111111111111111,0.16666666666666666
TR106*0102*2000*01,23.0,18,1.0,0.2222222222222222,0.5555555555555556,0.1111111111111111,0.1111111111111111,0.0,0.0,0.7777777777777778,0.2222222222222222,0.0,0.2222222222222222,0.1111111111111111,2.111111111111111,0.2857142857142857,0.7654320987654321,0.0,0.3333333333333333
TR107*0102*2000*01,35.0,28,1.0,0.10714285714285714,0.14285714285714285,0.5357142857142857,0.17857142857142858,0.0,0.03571428571428571,0.25,0.7142857142857143,0.03571428571428571,0.75,0.21428571428571427,2.9285714285714284,3.0,1.0663265306122447,0.07142857142857142,0.03571428571428571
TR110*0102*2000*01,35.0,21,0.9523809523809523,0.15,0.3,0.2,0.2,0.05,0.1,0.45,0.4,0.15,0.55,0.35,3.0,1.2222222222222223,2.2,0.09523809523809523,0.2857142857142857
TR112*0102*2000*01,36.0,19,0.9473684210526315,0.05555555555555555,0.16666666666666666,0.2222222222222222,0.4444444444444444,0.05555555555555555,0.05555555555555555,0.2222222222222222,0.6666666666666666,0.1111111111111111,0.7777777777777778,0.5555555555555556,3.4444444444444446,3.5,1.3580246913580245,0.10526315789473684,0.15789473684210525
TR764*0102*2000*01,35.0,17,1.0,0.29411764705882354,0.11764705882352941,0.17647058823529413,0.35294117647058826,0.058823529411764705,0.0,0.4117647058823529,0.5294117647058824,0.058823529411764705,0.5882352941176471,0.4117647058823529,2.764705882352941,1.4285714285714286,1.8269896193771626,0.11764705882352941,0.11764705882352941
TR904*0102*2000*01,33.0,26,0.9230769230769231,0.3333333333333333,0.125,0.2916666666666667,0.20833333333333334,0.041666666666666664,0.0,0.4583333333333333,0.5,0.041666666666666664,0.5416666666666666,0.25,2.5,1.1818181818181819,1.5833333333333333,0.07692307692307693,0.19230769230769232
TR906*0102*2000*01,26.0,14,1.0,0.35714285714285715,0.21428571428571427,0.14285714285714285,0.14285714285714285,0.0,0.14285714285714285,0.5714285714285714,0.2857142857142857,0.14285714285714285,0.42857142857142855,0.2857142857142857,2.642857142857143,0.75,2.9438775510204076,0.07142857142857142,0.07142857142857142
TR908*0102*2000*01,25.0,14,0.9285714285714286,0.07692307692307693,0.46153846153846156,0.15384615384615385,0.3076923076923077,0.0,0.0,0.5384615384615384,0.46153846153846156,0.0,0.46153846153846156,0.3076923076923077,2.6923076923076925,0.8571428571428571,0.9822485207100595,0.07142857142857142,0.14285714285714285
TR909*0102*2000*01,28.0,22,0.9545454545454546,0.2857142857142857,0.09523809523809523,0.38095238095238093,0.19047619047619047,0.047619047619047616,0.0,0.38095238095238093,0.5714285714285714,0.047619047619047616,0.6190476190476191,0.23809523809523808,2.619047619047619,1.625,1.473922902494331,0.0,0.2727272727272727
TR917*0102*2000*01,29.0,22,1.0,0.22727272727272727,0.045454545454545456,0.3181818181818182,0.3181818181818182,0.045454545454545456,0.045454545454545456,0.2727272727272727,0.6363636363636364,0.09090909090909091,0.7272727272727273,0.4090909090909091,3.0454545454545454,2.6666666666666665,1.861570247933885,0.09090909090909091,0.09090909090909091
TR918*0102*2000*01,26.0,17,0.9411764705882353,0.125,0.1875,0.3125,0.3125,0.0,0.0625,0.3125,0.625,0.0625,0.6875,0.375,3.0625,2.2,1.55859375,0.11764705882352941,0.058823529411764705
TR919*0102*2000*01,24.0,27,0.9629629629629629,0.11538461538461539,0.19230769230769232,0.2692307692307692,0.3076923076923077,0.038461538461538464,0.07692307692307693,0.3076923076923077,0.5769230769230769,0.11538461538461539,0.6923076923076923,0.4230769230769231,3.1923076923076925,2.25,1.7707100591715974,0.07407407407407407,0.18518518518518517
TR920*0102*2000*01,29.0,13,1.0,0.0,0.38461538461538464,0.3076923076923077,0.3076923076923077,0.0,0.0,0.38461538461538464,0.6153846153846154,0.0,0.6153846153846154,0.3076923076923077,2.923076923076923,1.6,0.6863905325443788,0.07692307692307693,0.15384615384615385
TR921*0102*2000*01,29.0,15,1.0,0.13333333333333333,0.2,0.06666666666666667,0.4,0.0,0.2,0.3333333333333333,0.4666666666666667,0.2,0.6666666666666666,0.6,3.533333333333333,2.0,2.648888888888889,0.0,0.06666666666666667
TR922*0102*2000*01,25.0,17,1.0,0.29411764705882354,0.23529411764705882,0.29411764705882354,0.058823529411764705,0.058823529411764705,0.058823529411764705,0.5294117647058824,0.35294117647058826,0.11764705882352941,0.47058823529411764,0.17647058823529413,2.5294117647058822,0.8888888888888888,2.0138408304498268,0.17647058823529413,0.058823529411764705
TR765*0102*2000*01,23.0,12,0.9166666666666666,0.36363636363636365,0.18181818181818182,0.2727272727272727,0.18181818181818182,0.0,0.0,0.5454545454545454,0.45454545454545453,0.0,0.45454545454545453,0.18181818181818182,2.272727272727273,0.8333333333333334,1.2892561983471074,0.08333333333333333,0.08333333333333333
TR926*0102*2000*01,29.0,24,1.0,0.08333333333333333,0.20833333333333334,0.16666666666666666,0.4583333333333333,0.08333333333333333,0.0,0.2916666666666667,0.625,0.08333333333333333,0.7083333333333334,0.5416666666666666,3.25,2.4285714285714284,1.2708333333333333,0.041666666666666664,0.041666666666666664
TR927*0102*2000*01,32.0,16,1.0,0.1875,0.25,0.3125,0.1875,0.0625,0.0,0.4375,0.5,0.0625,0.5625,0.25,2.6875,1.2857142857142858,1.33984375,0.0,0.0625
TR929*0102*2000*01,27.0,8,1.0,0.375,0.25,0.125,0.25,0.0,0.0,0.625,0.375,0.0,0.375,0.25,2.25,0.6,1.4375,0.25,0.125
TR931*0102*2000*01,26.0,12,1.0,0.08333333333333333,0.25,0.4166666666666667,0.16666666666666666,0.0,0.08333333333333333,0.3333333333333333,0.5833333333333334,0.08333333333333333,0.6666666666666666,0.25,3.0,2.0,1.5,0.16666666666666666,0.16666666666666666
TR933*0102*2000*01,31.0,13,1.0,0.15384615384615385,0.3076923076923077,0.07692307692307693,0.46153846153846156,0.0,0.0,0.46153846153846156,0.5384615384615384,0.0,0.5384615384615384,0.46153846153846156,2.8461538461538463,1.1666666666666667,1.36094674556213,0.07692307692307693,0.07692307692307693
TR935*0102*2000*01,24.0,19,1.0,0.10526315789473684,0.42105263157894735,0.10526315789473684,0.10526315789473684,0.15789473684210525,0.10526315789473684,0.5263157894736842,0.21052631578947367,0.2631578947368421,0.47368421052631576,0.3684210526315789,3.1052631578947367,0.9,2.515235457063712,0.10526315789473684,0.2631578947368421
TR938*0102*2000*01,33.0,17,1.0,0.17647058823529413,0.11764705882352941,0.4117647058823529,0.23529411764705882,0.058823529411764705,0.0,0.29411764705882354,0.6470588235294118,0.058823529411764705,0.7058823529411765,0.29411764705882354,2.8823529411764706,2.4,1.2802768166089968,0.0,0.5294117647058824
TR766*0102*2000*01,29.0,22,0.9545454545454546,0.38095238095238093,0.09523809523809523,0.2857142857142857,0.14285714285714285,0.0,0.09523809523809523,0.47619047619047616,0.42857142857142855,0.09523809523809523,0.5238095238095238,0.23809523809523808,2.5714285714285716,1.1,2.4353741496598635,0.045454545454545456,0.18181818181818182
TR942*0102*2000*01,25.0,22,0.9545454545454546,0.42857142857142855,0.09523809523809523,0.23809523809523808,0.047619047619047616,0.09523809523809523,0.09523809523809523,0.5238095238095238,0.2857142857142857,0.19047619047619047,0.47619047619047616,0.23809523809523808,2.5714285714285716,0.9090909090909091,2.9115646258503403,0.045454545454545456,0.13636363636363635
TR943*0102*2000*01,35.0,28,1.0,0.10714285714285714,0.17857142857142858,0.2857142857142857,0.32142857142857145,0.07142857142857142,0.03571428571428571,0.2857142857142857,0.6071428571428571,0.10714285714285714,0.7142857142857143,0.42857142857142855,3.1785714285714284,2.5,1.5038265306122447,0.10714285714285714,0.03571428571428571
TR944*0102*2000*01,32.0,21,1.0,0.19047619047619047,0.3333333333333333,0.14285714285714285,0.19047619047619047,0.09523809523809523,0.047619047619047616,0.5238095238095238,0.3333333333333333,0.14285714285714285,0.47619047619047616,0.3333333333333333,2.8095238095238093,0.9090909090909091,2.058956916099773,0.047619047619047616,0.3333333333333333
TR945*0102*2000*01,30.0,16,1.0,0.3125,0.25,0.0625,0.25,0.0,0.125,0.5625,0.3125,0.125,0.4375,0.375,2.75,0.7777777777777778,2.8125,0.0625,0.1875
TR946*0102*2000*01,23.0,15,1.0,0.06666666666666667,0.2,0.26666666666666666,0.2,0.06666666666666667,0.2,0.26666666666666666,0.4666666666666667,0.26666666666666666,0.7333333333333333,0.4666666666666667,3.6,2.75,2.373333333333333,0.13333333333333333,0.13333333333333333
TR951*0102*2000*01,30.0,12,1.0,0.08333333333333333,0.25,0.3333333333333333,0.3333333333333333,0.0,0.0,0.3333333333333333,0.6666666666666666,0.0,0.6666666666666666,0.3333333333333333,2.9166666666666665,2.0,0.909722222222222,0.08333333333333333,0.16666666666666666
TR955*0102*2000*01,30.0,36,0.9722222222222222,0.14285714285714285,0.22857142857142856,0.2857142857142857,0.22857142857142856,0.08571428571428572,0.02857142857142857,0.37142857142857144,0.5142857142857142,0.11428571428571428,0.6285714285714286,0.34285714285714286,2.9714285714285715,1.6923076923076923,1.6277551020408165,0.027777777777777776,0.16666666666666666
TR956*0102*2000*01,25.0,12,0.9166666666666666,0.09090909090909091,0.6363636363636364,0.18181818181818182,0.09090909090909091,0.0,0.0,0.7272727272727273,0.2727272727272727,0.0,0.2727272727272727,0.09090909090909091,2.272727272727273,0.375,0.5619834710743802,0.25,0.25
TR957*0102*2000*01,27.0,24,0.9583333333333334,0.13043478260869565,0.17391304347826086,0.30434782608695654,0.2608695652173913,0.13043478260869565,0.0,0.30434782608695654,0.5652173913043478,0.13043478260869565,0.6956521739130435,0.391304347826087,3.0869565217391304,2.2857142857142856,1.4706994328922496,0.041666666666666664,0.20833333333333334
TR958*0102*2000*01,15.0,14,0.9285714285714286,0.15384615384615385,0.3076923076923077,0.23076923076923078,0.15384615384615385,0.07692307692307693,0.07692307692307693,0.46153846153846156,0.38461538461538464,0.15384615384615385,0.5384615384615384,0.3076923076923077,2.923076923076923,1.1666666666666667,2.0710059171597632,0.07142857142857142,0.35714285714285715
TR767*0102*2000*01,20.0,24,0.9583333333333334,0.17391304347826086,0.21739130434782608,0.21739130434782608,0.2608695652173913,0.0,0.13043478260869565,0.391304347826087,0.4782608695652174,0.13043478260869565,0.6086956521739131,0.391304347826087,3.0869565217391304,1.5555555555555556,2.3402646502835536,0.16666666666666666,0.20833333333333334
TR963*0102*2000*01,35.0,25,1.0,0.12,0.36,0.24,0.24,0.04,0.0,0.48,0.48,0.04,0.52,0.28,2.72,1.0833333333333333,1.1615999999999997,0.0,0.24
TR965*0102*2000*01,20.0,9,1.0,0.4444444444444444,0.1111111111111111,0.2222222222222222,0.2222222222222222,0.0,0.0,0.5555555555555556,0.4444444444444444,0.0,0.4444444444444444,0.2222222222222222,2.2222222222222223,0.8,1.506172839506173,0.1111111111111111,0.2222222222222222
TR966*0102*2000*01,31.0,13,1.0,0.15384615384615385,0.23076923076923078,0.38461538461538464,0.23076923076923078,0.0,0.0,0.38461538461538464,0.6153846153846154,0.0,0.6153846153846154,0.23076923076923078,2.6923076923076925,1.6,0.9822485207100595,0.0,0.38461538461538464
TR970*0102*2000*01,31.0,11,1.0,0.2727272727272727,0.09090909090909091,0.45454545454545453,0.0,0.09090909090909091,0.09090909090909091,0.36363636363636365,0.45454545454545453,0.18181818181818182,0.6363636363636364,0.18181818181818182,2.8181818181818183,1.75,2.3305785123966944,0.36363636363636365,0.36363636363636365
TR972*0102*2000*01,23.0,14,1.0,0.21428571428571427,0.14285714285714285,0.2857142857142857,0.2857142857142857,0.0,0.07142857142857142,0.35714285714285715,0.5714285714285714,0.07142857142857142,0.6428571428571429,0.35714285714285715,2.9285714285714284,1.8,1.923469387755102,0.0,0.07142857142857142
TR973*0102*2000*01,28.0,24,0.9583333333333334,0.13043478260869565,0.17391304347826086,0.34782608695652173,0.17391304347826086,0.043478260869565216,0.13043478260869565,0.30434782608695654,0.5217391304347826,0.17391304347826086,0.6956521739130435,0.34782608695652173,3.217391304347826,2.2857142857142856,2.1701323251417772,0.125,0.16666666666666666
TR975*0102*2000*01,25.0,11,1.0,0.09090909090909091,0.09090909090909091,0.6363636363636364,0.18181818181818182,0.0,0.0,0.18181818181818182,0.8181818181818182,0.0,0.8181818181818182,0.18181818181818182,2.909090909090909,4.5,0.628099173553719,0.18181818181818182,0.18181818181818182
TR979*0102*2000*01,25.0,19,1.0,0.2631578947368421,0.3684210526315789,0.2631578947368421,0.10526315789473684,0.0,0.0,0.631578947368421,0.3684210526315789,0.0,0.3684210526315789,0.10526315789473684,2.210526315789474,0.5833333333333334,0.9030470914127422,0.15789473684210525,0.10526315789473684
TR768*0102*2000*01,35.0,20,1.0,0.25,0.25,0.25,0.15,0.05,0.05,0.5,0.4,0.1,0.5,0.25,2.65,1.0,1.9274999999999998,0.2,0.1
TR980*0102*2000*01,21.0,12,1.0,0.16666666666666666,0.16666666666666666,0.4166666666666667,0.25,0.0,0.0,0.3333333333333333,0.6666666666666666,0.0,0.6666666666666666,0.25,2.75,2.0,1.0208333333333333,0.08333333333333333,0.4166666666666667
TR985*0102*2000*01,21.0,15,1.0,0.2,0.2,0.4,0.13333333333333333,0.06666666666666667,0.0,0.4,0.5333333333333333,0.06666666666666667,0.6,0.2,2.6666666666666665,1.5,1.2888888888888888,0.06666666666666667,0.3333333333333333
TR989*0102*2000*01,26.0,21,1.0,0.19047619047619047,0.14285714285714285,0.23809523809523808,0.23809523809523808,0.047619047619047616,0.14285714285714285,0.3333333333333333,0.47619047619047616,0.19047619047619047,0.6666666666666666,0.42857142857142855,3.238095238095238,2.0,2.5623582766439914,0.09523809523809523,0.14285714285714285
TR990*0102*2000*01,24.0,14,1.0,0.35714285714285715,0.07142857142857142,0.2857142857142857,0.21428571428571427,0.07142857142857142,0.0,0.42857142857142855,0.5,0.07142857142857142,0.5714285714285714,0.2857142857142857,2.5714285714285716,1.3333333333333333,1.8163265306122447,0.14285714285714285,0.07142857142857142
TR993*0102*2000*01,23.0,16,1.0,0.1875,0.25,0.3125,0.1875,0.0,0.0625,0.4375,0.5,0.0625,0.5625,0.25,2.75,1.2857142857142858,1.6875,0.0,0.125
TR996*0102*2000*01,30.0,25,1.0,0.32,0.12,0.28,0.2,0.08,0.0,0.44,0.48,0.08,0.56,0.28,2.6,1.2727272727272727,1.76,0.12,0.08
TR997*0102*2000*01,30.0,12,1.0,0.25,0.25,0.25,0.25,0.0,0.0,0.5,0.5,0.0,0.5,0.25,2.5,1.0,1.25,0.08333333333333333,0.0
TR769*0102*2000*01,22.0,11,0.9090909090909091,0.3,0.0,0.2,0.3,0.1,0.1,0.3,0.5,0.2,0.7,0.5,3.2,2.3333333333333335,2.7600000000000002,0.09090909090909091,0.18181818181818182
TR1001*0102*2000*01,28.0,19,0.9473684210526315,0.2222222222222222,0.16666666666666666,0.2777777777777778,0.16666666666666666,0.1111111111111111,0.05555555555555555,0.3888888888888889,0.4444444444444444,0.16666666666666666,0.6111111111111112,0.3333333333333333,2.9444444444444446,1.5714285714285714,2.1635802469135803,0.10526315789473684,0.2631578947368421
TR1007*0102*2000*01,25.0,12,1.0,0.4166666666666667,0.0,0.25,0.08333333333333333,0.16666666666666666,0.08333333333333333,0.4166666666666667,0.3333333333333333,0.25,0.5833333333333334,0.3333333333333333,2.8333333333333335,1.4,3.1388888888888893,0.0,0.0
TR1008*0102*2000*01,29.0,25,1.0,0.08,0.16,0.32,0.32,0.04,0.08,0.24,0.64,0.12,0.76,0.44,3.32,3.1666666666666665,1.5776000000000001,0.12,0.08
TR1010*0102*2000*01,25.0,21,1.0,0.19047619047619047,0.19047619047619047,0.42857142857142855,0.09523809523809523,0.09523809523809523,0.0,0.38095238095238093,0.5238095238095238,0.09523809523809523,0.6190476190476191,0.19047619047619047,2.7142857142857144,1.625,1.3469387755102042,0.2857142857142857,0.23809523809523808
TR1011*0102*2000*01,24.0,15,1.0,0.06666666666666667,0.13333333333333333,0.6666666666666666,0.06666666666666667,0.0,0.06666666666666667,0.2,0.7333333333333333,0.06666666666666667,0.8,0.13333333333333333,3.0,4.0,1.0666666666666667,0.2,0.26666666666666666
TR1013*0102*2000*01,30.0,21,1.0,0.19047619047619047,0.14285714285714285,0.38095238095238093,0.23809523809523808,0.047619047619047616,0.0,0.3333333333333333,0.6190476190476191,0.047619047619047616,0.6666666666666666,0.2857142857142857,2.8095238095238093,2.0,1.2970521541950113,0.19047619047619047,0.0
TR1014*0102*2000*01,27.0,23,1.0,0.0,0.30434782608695654,0.34782608695652173,0.30434782608695654,0.043478260869565216,0.0,0.30434782608695654,0.6521739130434783,0.043478260869565216,0.6956521739130435,0.34782608695652173,3.0869565217391304,2.2857142857142856,0.7750472589792061,0.043478260869565216,0.043478260869565216
TR1021*0102*2000*01,25.0,17,1.0,0.17647058823529413,0.17647058823529413,0.35294117647058826,0.11764705882352941,0.058823529411764705,0.11764705882352941,0.35294117647058826,0.47058823529411764,0.17647058823529413,0.6470588235294118,0.29411764705882354,3.0588235294117645,1.8333333333333333,2.290657439446367,0.11764705882352941,0.23529411764705882
TR1022*0102*2000*01,34.0,18,1.0,0.2777777777777778,0.05555555555555555,0.6111111111111112,0.05555555555555555,0.0,0.0,0.3333333333333333,0.6666666666666666,0.0,0.6666666666666666,0.05555555555555555,2.4444444444444446,2.0,0.9135802469135802,0.1111111111111111,0.2222222222222222
TR1023*0102*2000*01,34.0,22,0.9545454545454546,0.047619047619047616,0.047619047619047616,0.47619047619047616,0.2857142857142857,0.047619047619047616,0.09523809523809523,0.09523809523809523,0.7619047619047619,0.14285714285714285,0.9047619047619048,0.42857142857142855,3.5238095238095237,9.5,1.2970521541950117,0.09090909090909091,0.3181818181818182
TR1027*0102*2000*01,33.0,13,1.0,0.5384615384615384,0.15384615384615385,0.07692307692307693,0.15384615384615385,0.0,0.07692307692307693,0.6923076923076923,0.23076923076923078,0.07692307692307693,0.3076923076923077,0.23076923076923078,2.1538461538461537,0.4444444444444444,2.437869822485207,0.23076923076923078,0.0
TR1032*0102*2000*01,24.0,16,1.0,0.25,0.1875,0.5,0.0625,0.0,0.0,0.4375,0.5625,0.0,0.5625,0.0625,2.375,1.2857142857142858,0.859375,0.125,0.1875
TR1037*0102*2000*01,31.0,20,0.9,0.16666666666666666,0.1111111111111111,0.3888888888888889,0.2222222222222222,0.0,0.1111111111111111,0.2777777777777778,0.6111111111111112,0.1111111111111111,0.7222222222222222,0.3333333333333333,3.111111111111111,2.6,1.9876543209876547,0.1,0.2
TR1044*0102*2000*01,30.0,19,1.0,0.42105263157894735,0.15789473684210525,0.21052631578947367,0.10526315789473684,0.05263157894736842,0.05263157894736842,0.5789473684210527,0.3157894736842105,0.10526315789473684,0.42105263157894735,0.21052631578947367,2.3684210526315788,0.7272727272727273,2.2326869806094183,0.15789473684210525,0.0
TR115*0102*2000*01,23.0,32,0.96875,0.25806451612903225,0.1935483870967742,0.3548387096774194,0.0967741935483871,0.06451612903225806,0.03225806451612903,0.45161290322580644,0.45161290322580644,0.0967741935483871,0.5483870967741935,0.1935483870967742,2.6129032258064515,1.2142857142857142,1.721123829344433,0.1875,0.125
TR122*0102*2000*01,28.0,16,1.0,0.1875,0.125,0.4375,0.1875,0.0625,0.0,0.3125,0.625,0.0625,0.6875,0.25,2.8125,2.2,1.27734375,0.0,0.125
TR124*0102*2000*01,16.0,14,0.9285714285714286,0.23076923076923078,0.15384615384615385,0.38461538461538464,0.15384615384615385,0.07692307692307693,0.0,0.38461538461538464,0.5384615384615384,0.07692307692307693,0.6153846153846154,0.23076923076923078,2.6923076923076925,1.6,1.443786982248521,0.07142857142857142,0.07142857142857142
TR126*0102*2000*01,36.0,19,0.9473684210526315,0.1111111111111111,0.4444444444444444,0.16666666666666666,0.16666666666666666,0.1111111111111111,0.0,0.5555555555555556,0.3333333333333333,0.1111111111111111,0.4444444444444444,0.2777777777777778,2.7222222222222223,0.8,1.4228395061728396,0.2631578947368421,0.42105263157894735
TR128*0102*2000*01,39.0,20,1.0,0.3,0.1,0.3,0.25,0.05,0.0,0.4,0.55,0.05,0.6,0.3,2.65,1.5,1.6275,0.05,0.0
TR129*0102*2000*01,28.0,26,1.0,0.23076923076923078,0.3076923076923077,0.23076923076923078,0.15384615384615385,0.038461538461538464,0.038461538461538464,0.5384615384615384,0.38461538461538464,0.07692307692307693,0.46153846153846156,0.23076923076923078,2.576923076923077,0.8571428571428571,1.7056213017751476,0.11538461538461539,0.038461538461538464
TR130*0102*2000*01,19.0,14,1.0,0.14285714285714285,0.07142857142857142,0.35714285714285715,0.35714285714285715,0.0,0.07142857142857142,0.21428571428571427,0.7142857142857143,0.07142857142857142,0.7857142857142857,0.42857142857142855,3.2142857142857144,3.6666666666666665,1.596938775510204,0.07142857142857142,0.0
TR131*0102*2000*01,34.0,17,1.0,0.4117647058823529,0.17647058823529413,0.11764705882352941,0.058823529411764705,0.11764705882352941,0.11764705882352941,0.5882352941176471,0.17647058823529413,0.23529411764705882,0.4117647058823529,0.29411764705882354,2.6470588235294117,0.7,3.28719723183391,0.058823529411764705,0.0
TR132*0102*2000*01,26.0,22,1.0,0.13636363636363635,0.3181818181818182,0.2727272727272727,0.18181818181818182,0.0,0.09090909090909091,0.45454545454545453,0.45454545454545453,0.09090909090909091,0.5454545454545454,0.2727272727272727,2.8636363636363638,1.2,1.8450413223140494,0.22727272727272727,0.09090909090909091
TR772*0102*2000*01,24.0,12,1.0,0.25,0.16666666666666666,0.3333333333333333,0.16666666666666666,0.0,0.08333333333333333,0.4166666666666667,0.5,0.08333333333333333,0.5833333333333334,0.25,2.75,1.4,2.0208333333333335,0.08333333333333333,0.3333333333333333
TR1049*0102*2000*01,26.0,11,1.0,0.36363636363636365,0.36363636363636365,0.18181818181818182,0.09090909090909091,0.0,0.0,0.7272727272727273,0.2727272727272727,0.0,0.2727272727272727,0.09090909090909091,2.0,0.375,0.9090909090909091,0.09090909090909091,0.09090909090909091
TR1052*0102*2000*01,26.0,24,1.0,0.3333333333333333,0.20833333333333334,0.4583333333333333,0.0,0.0,0.0,0.5416666666666666,0.4583333333333333,0.0,0.4583333333333333,0.0,2.125,0.8461538461538461,0.7760416666666666,0.125,0.041666666666666664
TR1055*0102*2000*01,24.0,15,0.9333333333333333,0.35714285714285715,0.07142857142857142,0.21428571428571427,0.35714285714285715,0.0,0.0,0.42857142857142855,0.5714285714285714,0.0,0.5714285714285714,0.35714285714285715,2.5714285714285716,1.3333333333333333,1.6734693877551023,0.0,0.13333333333333333
TR1063*0102*2000*01,29.0,15,0.9333333333333333,0.07142857142857142,0.35714285714285715,0.35714285714285715,0.07142857142857142,0.0,0.14285714285714285,0.42857142857142855,0.42857142857142855,0.14285714285714285,0.5714285714285714,0.21428571428571427,3.0,1.3333333333333333,2.0,0.2,0.3333333333333333
TR1067*0102*2000*01,26.0,11,1.0,0.18181818181818182,0.2727272727272727,0.2727272727272727,0.18181818181818182,0.0,0.09090909090909091,0.45454545454545453,0.45454545454545453,0.09090909090909091,0.5454545454545454,0.2727272727272727,2.8181818181818183,1.2,1.9669421487603307,0.0,0.18181818181818182
TR1068*0102*2000*01,22.0,19,0.9473684210526315,0.1111111111111111,0.16666666666666666,0.4444444444444444,0.2777777777777778,0.0,0.0,0.2777777777777778,0.7222222222222222,0.0,0.7222222222222222,0.2777777777777778,2.888888888888889,2.6,0.8765432098765432,0.15789473684210525,0.15789473684210525
TR1070*0102*2000*01,21.0,17,1.0,0.11764705882352941,0.29411764705882354,0.29411764705882354,0.17647058823529413,0.11764705882352941,0.0,0.4117647058823529,0.47058823529411764,0.11764705882352941,0.5882352941176471,0.29411764705882354,2.8823529411764706,1.4285714285714286,1.397923875432526,0.0,0.11764705882352941
TR1073*0102*2000*01,26.0,16,1.0,0.4375,0.0,0.375,0.125,0.0,0.0625,0.4375,0.5,0.0625,0.5625,0.1875,2.4375,1.2857142857142858,2.12109375,0.125,0.375
TR1074*0102*2000*01,27.0,14,1.0,0.14285714285714285,0.0,0.35714285714285715,0.35714285714285715,0.07142857142857142,0.07142857142857142,0.14285714285714285,0.7142857142857143,0.14285714285714285,0.8571428571428571,0.5,3.4285714285714284,6.0,1.6734693877551023,0.14285714285714285,0.0
TR1077*0102*2000*01,29.0,16,1.0,0.375,0.1875,0.25,0.125,0.0625,0.0,0.5625,0.375,0.0625,0.4375,0.1875,2.3125,0.7777777777777778,1.58984375,0.1875,0.3125
TR1078*0102*2000*01,31.0,22,0.9545454545454546,0.14285714285714285,0.3333333333333333,0.23809523809523808,0.2857142857142857,0.0,0.0,0.47619047619047616,0.5238095238095238,0.0,0.5238095238095238,0.2857142857142857,2.6666666666666665,1.1,1.079365079365079,0.09090909090909091,0.09090909090909091
TR1079*0102*2000*01,21.0,21,1.0,0.38095238095238093,0.19047619047619047,0.3333333333333333,0.047619047619047616,0.047619047619047616,0.0,0.5714285714285714,0.38095238095238093,0.047619047619047616,0.42857142857142855,0.09523809523809523,2.1904761904761907,0.75,1.2970521541950117,0.0,0.047619047619047616
TR1080*0102*2000*01,32.0,22,1.0,0.09090909090909091,0.2727272727272727,0.2727272727272727,0.2727272727272727,0.045454545454545456,0.045454545454545456,0.36363636363636365,0.5454545454545454,0.09090909090909091,0.6363636363636364,0.36363636363636365,3.0454545454545454,1.75,1.4979338842975205,0.0,0.18181818181818182
TR1081*0102*2000*01,23.0,23,1.0,0.21739130434782608,0.17391304347826086,0.21739130434782608,0.2608695652173913,0.043478260869565216,0.08695652173913043,0.391304347826087,0.4782608695652174,0.13043478260869565,0.6086956521739131,0.391304347826087,3.0,1.5555555555555556,2.260869565217391,0.13043478260869565,0.13043478260869565
TR1085*0102*2000*01,35.0,16,1.0,0.25,0.1875,0.25,0.25,0.0625,0.0,0.4375,0.5,0.0625,0.5625,0.3125,2.6875,1.2857142857142858,1.58984375,0.125,0.0625
TR1086*0102*2000*01,29.0,20,1.0,0.1,0.2,0.3,0.35,0.0,0.05,0.3,0.65,0.05,0.7,0.4,3.1,2.3333333333333335,1.3900000000000001,0.05,0.1
TR1087*0102*2000*01,24.0,8,1.0,0.375,0.0,0.125,0.375,0.0,0.125,0.375,0.5,0.125,0.625,0.5,3.0,1.6666666666666667,3.0,0.0,0.0
TR1089*0102*2000*01,28.0,20,1.0,0.1,0.1,0.5,0.2,0.05,0.05,0.2,0.7,0.1,0.8,0.3,3.15,4.0,1.3275,0.25,0.05
TR1091*0102*2000*01,26.0,18,1.0,0.0,0.1111111111111111,0.4444444444444444,0.2222222222222222,0.16666666666666666,0.05555555555555555,0.1111111111111111,0.6666666666666666,0.2222222222222222,0.8888888888888888,0.4444444444444444,3.611111111111111,8.0,1.126543209876543,0.16666666666666666,0.1111111111111111
TR1094*0102*2000*01,28.0,21,0.9523809523809523,0.3,0.05,0.25,0.25,0.05,0.1,0.35,0.5,0.15,0.65,0.4,3.0,1.8571428571428572,2.6,0.047619047619047616,0.09523809523809523
TR1096*0102*2000*01,24.0,18,1.0,0.2222222222222222,0.16666666666666666,0.2777777777777778,0.3333333333333333,0.0,0.0,0.3888888888888889,0.6111111111111112,0.0,0.6111111111111112,0.3333333333333333,2.7222222222222223,1.5714285714285714,1.3117283950617287,0.16666666666666666,0.05555555555555555
TR1097*0102*2000*01,22.0,17,1.0,0.23529411764705882,0.35294117647058826,0.23529411764705882,0.17647058823529413,0.0,0.0,0.5882352941176471,0.4117647058823529,0.0,0.4117647058823529,0.17647058823529413,2.3529411764705883,0.7,1.0519031141868513,0.058823529411764705,0.0
TR1099*0102*2000*01,28.0,15,1.0,0.26666666666666666,0.0,0.26666666666666666,0.4,0.0,0.06666666666666667,0.26666666666666666,0.6666666666666666,0.06666666666666667,0.7333333333333333,0.4666666666666667,3.066666666666667,2.75,2.0622222222222226,0.06666666666666667,0.2
TR1101*0102*2000*01,39.0,23,1.0,0.21739130434782608,0.17391304347826086,0.2608695652173913,0.17391304347826086,0.13043478260869565,0.043478260869565216,0.391304347826087,0.43478260869565216,0.17391304347826086,0.6086956521739131,0.34782608695652173,2.9565217391304346,1.5555555555555556,2.1285444234404536,0.08695652173913043,0.08695652173913043
TR1104*0102*2000*01,28.0,18,0.9444444444444444,0.35294117647058826,0.17647058823529413,0.17647058823529413,0.17647058823529413,0.058823529411764705,0.058823529411764705,0.5294117647058824,0.35294117647058826,0.11764705882352941,0.47058823529411764,0.29411764705882354,2.588235294117647,0.8888888888888888,2.359861591695502,0.16666666666666666,0.16666666666666666
TR1105*0102*2000*01,21.0,14,1.0,0.2857142857142857,0.21428571428571427,0.2857142857142857,0.07142857142857142,0.0,0.14285714285714285,0.5,0.35714285714285715,0.14285714285714285,0.5,0.21428571428571427,2.7142857142857144,1.0,2.6326530612244894,0.0,0.07142857142857142
TR1106*0102*2000*01,33.0,24,1.0,0.16666666666666666,0.08333333333333333,0.375,0.25,0.041666666666666664,0.08333333333333333,0.25,0.625,0.125,0.75,0.375,3.1666666666666665,3.0,1.8888888888888886,0.08333333333333333,0.16666666666666666
TR1108*0102*2000*01,21.0,21,1.0,0.14285714285714285,0.42857142857142855,0.23809523809523808,0.14285714285714285,0.0,0.047619047619047616,0.5714285714285714,0.38095238095238093,0.047619047619047616,0.42857142857142855,0.19047619047619047,2.5714285714285716,0.75,1.3877551020408163,0.047619047619047616,0.09523809523809523
TR1110*0102*2000*01,22.0,10,1.0,0.3,0.2,0.4,0.1,0.0,0.0,0.5,0.5,0.0,0.5,0.1,2.3,1.0,1.01,0.2,0.4
TR1114*0102*2000*01,34.0,13,1.0,0.0,0.23076923076923078,0.3076923076923077,0.3076923076923077,0.15384615384615385,0.0,0.23076923076923078,0.6153846153846154,0.15384615384615385,0.7692307692307693,0.46153846153846156,3.3846153846153846,3.3333333333333335,1.0059171597633136,0.07692307692307693,0.15384615384615385
TR1115*0102*2000*01,34.0,30,1.0,0.16666666666666666,0.2,0.23333333333333334,0.2,0.1,0.1,0.36666666666666664,0.43333333333333335,0.2,0.6333333333333333,0.4,3.1666666666666665,1.7272727272727273,2.3388888888888886,0.06666666666666667,0.1
TR1116*0102*2000*01,34.0,17,1.0,0.11764705882352941,0.17647058823529413,0.35294117647058826,0.17647058823529413,0.058823529411764705,0.11764705882352941,0.29411764705882354,0.5294117647058824,0.17647058823529413,0.7058823529411765,0.35294117647058826,3.235294117647059,2.4,2.062283737024221,0.0,0.11764705882352941
TR1118*0102*2000*01,25.0,14,1.0,0.2857142857142857,0.14285714285714285,0.14285714285714285,0.21428571428571427,0.07142857142857142,0.14285714285714285,0.42857142857142855,0.35714285714285715,0.21428571428571427,0.5714285714285714,0.42857142857142855,3.0714285714285716,1.3333333333333333,3.0663265306122445,0.07142857142857142,0.35714285714285715
TR1119*0102*2000*01,28.0,22,1.0,0.22727272727272727,0.22727272727272727,0.22727272727272727,0.18181818181818182,0.09090909090909091,0.045454545454545456,0.45454545454545453,0.4090909090909091,0.13636363636363635,0.5454545454545454,0.3181818181818182,2.8181818181818183,1.2,2.057851239669422,0.13636363636363635,0.045454545454545456
TR1120*0102*2000*01,37.0,20,1.0,0.15,0.2,0.3,0.2,0.1,0.05,0.35,0.5,0.15,0.65,0.35,3.05,1.8571428571428572,1.8475000000000001,0.1,0.0
TR1121*0102*2000*01,23.0,19,0.8947368421052632,0.17647058823529413,0.17647058823529413,0.47058823529411764,0.17647058823529413,0.0,0.0,0.35294117647058826,0.6470588235294118,0.0,0.6470588235294118,0.17647058823529413,2.6470588235294117,1.8333333333333333,0.9342560553633218,0.10526315789473684,0.5789473684210527
TR1125*0102*2000*01,36.0,19,1.0,0.15789473684210525,0.15789473684210525,0.42105263157894735,0.10526315789473684,0.15789473684210525,0.0,0.3157894736842105,0.5263157894736842,0.15789473684210525,0.6842105263157895,0.2631578947368421,2.9473684210526314,2.1666666666666665,1.523545706371191,0.10526315789473684,0.0
TR1127*0102*2000*01,31.0,21,1.0,0.14285714285714285,0.19047619047619047,0.2857142857142857,0.3333333333333333,0.047619047619047616,0.0,0.3333333333333333,0.6190476190476191,0.047619047619047616,0.6666666666666666,0.38095238095238093,2.9523809523809526,2.0,1.2834467120181405,0.09523809523809523,0.14285714285714285
TR1128*0102*2000*01,27.0,37,1.0,0.32432432432432434,0.10810810810810811,0.2972972972972973,0.13513513513513514,0.02702702702702703,0.10810810810810811,0.43243243243243246,0.43243243243243246,0.13513513513513514,0.5675675675675675,0.2702702702702703,2.7567567567567566,1.3125,2.5624543462381304,0.0,0.02702702702702703
TR1129*0102*2000*01,32.0,11,1.0,0.0,0.18181818181818182,0.18181818181818182,0.36363636363636365,0.0,0.2727272727272727,0.18181818181818182,0.5454545454545454,0.2727272727272727,0.8181818181818182,0.6363636363636364,4.0,4.5,2.0,0.0,0.18181818181818182
TR1131*0102*2000*01,39.0,20,1.0,0.2,0.1,0.2,0.45,0.05,0.0,0.3,0.65,0.05,0.7,0.5,3.05,2.3333333333333335,1.5475,0.05,0.15
TR1132*0102*2000*01,32.0,35,0.9714285714285714,0.14705882352941177,0.17647058823529413,0.2647058823529412,0.35294117647058826,0.058823529411764705,0.0,0.3235294117647059,0.6176470588235294,0.058823529411764705,0.6764705882352942,0.4117647058823529,3.0,2.090909090909091,1.3529411764705883,0.05714285714285714,0.17142857142857143
TR1135*0102*2000*01,27.0,24,1.0,0.16666666666666666,0.2916666666666667,0.2916666666666667,0.25,0.0,0.0,0.4583333333333333,0.5416666666666666,0.0,0.5416666666666666,0.25,2.625,1.1818181818181819,1.0677083333333333,0.125,0.08333333333333333
TR1137*0102*2000*01,30.0,20,1.0,0.15,0.3,0.25,0.1,0.15,0.05,0.45,0.35,0.2,0.55,0.3,2.95,1.2222222222222223,2.0475000000000003,0.2,0.25
TR1139*0102*2000*01,24.0,22,0.9545454545454546,0.14285714285714285,0.3333333333333333,0.3333333333333333,0.09523809523809523,0.0,0.09523809523809523,0.47619047619047616,0.42857142857142855,0.09523809523809523,0.5238095238095238,0.19047619047619047,2.761904761904762,1.1,1.800453514739229,0.045454545454545456,0.2727272727272727
TR1140*0102*2000*01,34.0,22,0.9090909090909091,0.2,0.2,0.25,0.3,0.05,0.0,0.4,0.55,0.05,0.6,0.35,2.8,1.5,1.4600000000000002,0.18181818181818182,0.13636363636363635
TR139*0102*2000*01,26.0,22,0.9545454545454546,0.09523809523809523,0.38095238095238093,0.2857142857142857,0.09523809523809523,0.047619047619047616,0.09523809523809523,0.47619047619047616,0.38095238095238093,0.14285714285714285,0.5238095238095238,0.23809523809523808,2.9047619047619047,1.1,1.895691609977324,0.09090909090909091,0.22727272727272727
TR149*0102*2000*01,30.0,24,0.9583333333333334,0.21739130434782608,0.17391304347826086,0.21739130434782608,0.30434782608695654,0.0,0.08695652173913043,0.391304347826087,0.5217391304347826,0.08695652173913043,0.6086956521739131,0.391304347826087,2.9565217391304346,1.5555555555555556,2.1285444234404536,0.08333333333333333,0.25
TR151*0102*2000*01,26.0,19,1.0,0.15789473684210525,0.2631578947368421,0.3684210526315789,0.15789473684210525,0.0,0.05263157894736842,0.42105263157894735,0.5263157894736842,0.05263157894736842,0.5789473684210527,0.21052631578947367,2.736842105263158,1.375,1.4570637119113572,0.0,0.10526315789473684
TR154*0102*2000*01,22.0,14,1.0,0.07142857142857142,0.35714285714285715,0.21428571428571427,0.2857142857142857,0.07142857142857142,0.0,0.42857142857142855,0.5,0.07142857142857142,0.5714285714285714,0.35714285714285715,2.9285714285714284,1.3333333333333333,1.2091836734693877,0.07142857142857142,0.14285714285714285
TR156*0102*2000*01,26.0,19,0.9473684210526315,0.2222222222222222,0.2222222222222222,0.3888888888888889,0.1111111111111111,0.05555555555555555,0.0,0.4444444444444444,0.5,0.05555555555555555,0.5555555555555556,0.16666666666666666,2.5555555555555554,1.25,1.2469135802469136,0.15789473684210525,0.15789473684210525
TR159*0102*2000*01,26.0,13,1.0,0.15384615384615385,0.3076923076923077,0.07692307692307693,0.3076923076923077,0.15384615384615385,0.0,0.46153846153846156,0.38461538461538464,0.15384615384615385,0.5384615384615384,0.46153846153846156,3.0,1.1666666666666667,1.8461538461538463,0.07692307692307693,0.23076923076923078
TR162*0102*2000*01,26.0,12,1.0,0.3333333333333333,0.0,0.4166666666666667,0.25,0.0,0.0,0.3333333333333333,0.6666666666666666,0.0,0.6666666666666666,0.25,2.5833333333333335,2.0,1.4097222222222223,0.0,0.0
TR164*0102*2000*01,31.0,21,0.9523809523809523,0.15,0.05,0.25,0.35,0.1,0.1,0.2,0.6,0.2,0.8,0.55,3.5,4.0,2.05,0.047619047619047616,0.19047619047619047
TR165*0102*2000*01,23.0,19,1.0,0.21052631578947367,0.21052631578947367,0.3684210526315789,0.10526315789473684,0.10526315789473684,0.0,0.42105263157894735,0.47368421052631576,0.10526315789473684,0.5789473684210527,0.21052631578947367,2.6842105263157894,1.375,1.479224376731302,0.15789473684210525,0.10526315789473684
TR166*0102*2000*01,19.0,10,1.0,0.2,0.3,0.4,0.1,0.0,0.0,0.5,0.5,0.0,0.5,0.1,2.4,1.0,0.8400000000000001,0.0,0.1
TR167*0102*2000*01,25.0,16,0.9375,0.13333333333333333,0.4,0.26666666666666666,0.13333333333333333,0.06666666666666667,0.0,0.5333333333333333,0.4,0.06666666666666667,0.4666666666666667,0.2,2.6,0.875,1.1733333333333331,0.0625,0.1875
TR168*0102*2000*01,27.0,16,1.0,0.1875,0.25,0.25,0.25,0.0,0.0625,0.4375,0.5,0.0625,0.5625,0.3125,2.8125,1.2857142857142858,1.77734375,0.1875,0.1875
TR170*0102*2000*01,30.0,29,0.9655172413793104,0.10714285714285714,0.32142857142857145,0.2857142857142857,0.25,0.03571428571428571,0.0,0.42857142857142855,0.5357142857142857,0.03571428571428571,0.5714285714285714,0.2857142857142857,2.7857142857142856,1.3333333333333333,1.096938775510204,0.06896551724137931,0.20689655172413793
TR171*0102*2000*01,29.0,18,0.9444444444444444,0.17647058823529413,0.11764705882352941,0.4117647058823529,0.23529411764705882,0.058823529411764705,0.0,0.29411764705882354,0.6470588235294118,0.058823529411764705,0.7058823529411765,0.29411764705882354,2.8823529411764706,2.4,1.2802768166089964,0.05555555555555555,0.2222222222222222
TR175*0102*2000*01,25.0,14,0.9285714285714286,0.46153846153846156,0.15384615384615385,0.23076923076923078,0.0,0.07692307692307693,0.07692307692307693,0.6153846153846154,0.23076923076923078,0.15384615384615385,0.38461538461538464,0.15384615384615385,2.3076923076923075,0.625,2.5207100591715976,0.07142857142857142,0.14285714285714285
TR179*0102*2000*01,26.0,13,1.0,0.38461538461538464,0.15384615384615385,0.23076923076923078,0.0,0.07692307692307693,0.15384615384615385,0.5384615384615384,0.23076923076923078,0.23076923076923078,0.46153846153846156,0.23076923076923078,2.6923076923076925,0.8571428571428571,3.2899408284023672,0.0,0.23076923076923078
TR180*0102*2000*01,30.0,22,1.0,0.22727272727272727,0.22727272727272727,0.4090909090909091,0.0,0.13636363636363635,0.0,0.45454545454545453,0.4090909090909091,0.13636363636363635,0.5454545454545454,0.13636363636363635,2.590909090909091,1.2,1.5144628099173552,0.13636363636363635,0.09090909090909091
TR780*0102*2000*01,25.0,25,1.0,0.16,0.24,0.32,0.16,0.12,0.0,0.4,0.48,0.12,0.6,0.28,2.84,1.5,1.4944,0.16,0.12
TR190*0102*2000*01,17.0,16,0.9375,0.4,0.26666666666666666,0.06666666666666667,0.26666666666666666,0.0,0.0,0.6666666666666666,0.3333333333333333,0.0,0.3333333333333333,0.26666666666666666,2.2,0.5,1.4933333333333334,0.1875,0.1875
TR198*0102*2000*01,29.0,19,0.9473684210526315,0.05555555555555555,0.2777777777777778,0.3888888888888889,0.16666666666666666,0.05555555555555555,0.05555555555555555,0.3333333333333333,0.5555555555555556,0.1111111111111111,0.6666666666666666,0.2777777777777778,3.0555555555555554,2.0,1.3858024691358024,0.21052631578947367,0.15789473684210525
TR210*0102*2000*01,30.0,14,0.9285714285714286,0.0,0.23076923076923078,0.6153846153846154,0.15384615384615385,0.0,0.0,0.23076923076923078,0.7692307692307693,0.0,0.7692307692307693,0.15384615384615385,2.923076923076923,3.3333333333333335,0.3786982248520711,0.2857142857142857,0.21428571428571427
TR212*0102*2000*01,31.0,35,0.9714285714285714,0.058823529411764705,0.23529411764705882,0.35294117647058826,0.23529411764705882,0.058823529411764705,0.058823529411764705,0.29411764705882354,0.5882352941176471,0.11764705882352941,0.7058823529411765,0.35294117647058826,3.176470588235294,2.4,1.4394463667820068,0.14285714285714285,0.05714285714285714
TR218*0102*2000*01,23.0,25,1.0,0.16,0.32,0.32,0.2,0.0,0.0,0.48,0.52,0.0,0.52,0.2,2.56,1.0833333333333333,0.9664,0.04,0.12
TR225*0102*2000*01,27.0,18,1.0,0.2222222222222222,0.3333333333333333,0.16666666666666666,0.2222222222222222,0.0,0.05555555555555555,0.5555555555555556,0.3888888888888889,0.05555555555555555,0.4444444444444444,0.2777777777777778,2.611111111111111,0.8,1.7932098765432098,0.1111111111111111,0.1111111111111111
TR234*0102*2000*01,31.0,17,1.0,0.11764705882352941,0.11764705882352941,0.35294117647058826,0.17647058823529413,0.058823529411764705,0.17647058823529413,0.23529411764705882,0.5294117647058824,0.23529411764705882,0.7647058823529411,0.4117647058823529,3.4705882352941178,3.25,2.366782006920415,0.23529411764705882,0.11764705882352941
TR22*0102*2000*01,28.0,14,1.0,0.21428571428571427,0.21428571428571427,0.2857142857142857,0.21428571428571427,0.07142857142857142,0.0,0.42857142857142855,0.5,0.07142857142857142,0.5714285714285714,0.2857142857142857,2.7142857142857144,1.3333333333333333,1.4897959183673468,0.14285714285714285,0.07142857142857142
TR24*0102*2000*01,23.0,17,1.0,0.11764705882352941,0.29411764705882354,0.23529411764705882,0.23529411764705882,0.058823529411764705,0.058823529411764705,0.4117647058823529,0.47058823529411764,0.11764705882352941,0.5882352941176471,0.35294117647058826,3.0,1.4285714285714286,1.7647058823529411,0.17647058823529413,0.058823529411764705
TR30*0102*2000*01,32.0,33,0.9696969696969697,0.0625,0.3125,0.375,0.25,0.0,0.0,0.375,0.625,0.0,0.625,0.25,2.8125,1.6666666666666667,0.77734375,0.21212121212121213,0.2727272727272727
TR31*0102*2000*01,34.0,19,1.0,0.10526315789473684,0.3157894736842105,0.05263157894736842,0.47368421052631576,0.05263157894736842,0.0,0.42105263157894735,0.5263157894736842,0.05263157894736842,0.5789473684210527,0.5263157894736842,3.0526315789473686,1.375,1.4182825484764543,0.10526315789473684,0.21052631578947367
TR35*0102*2000*01,37.0,16,1.0,0.3125,0.125,0.3125,0.1875,0.0,0.0625,0.4375,0.5,0.0625,0.5625,0.25,2.625,1.2857142857142858,1.984375,0.1875,0.25
TR39*0102*2000*01,32.0,16,0.875,0.2857142857142857,0.2857142857142857,0.35714285714285715,0.07142857142857142,0.0,0.0,0.5714285714285714,0.42857142857142855,0.0,0.42857142857142855,0.07142857142857142,2.2142857142857144,0.75,0.8826530612244899,0.125,0.3125
TR241*0102*2000*01,26.0,26,0.9615384615384616,0.24,0.08,0.36,0.28,0.0,0.04,0.32,0.64,0.04,0.68,0.32,2.84,2.125,1.6543999999999996,0.15384615384615385,0.11538461538461539
TR244*0102*2000*01,22.0,19,1.0,0.2631578947368421,0.2631578947368421,0.2631578947368421,0.21052631578947367,0.0,0.0,0.5263157894736842,0.47368421052631576,0.0,0.47368421052631576,0.21052631578947367,2.4210526315789473,0.9,1.1911357340720221,0.10526315789473684,0.05263157894736842
TR245*0102*2000*01,20.0,27,1.0,0.2962962962962963,0.18518518518518517,0.2962962962962963,0.14814814814814814,0.037037037037037035,0.037037037037037035,0.48148148148148145,0.4444444444444444,0.07407407407407407,0.5185185185185185,0.2222222222222222,2.5555555555555554,1.0769230769230769,1.8024691358024687,0.1111111111111111,0.18518518518518517
TR246*0102*2000*01,36.0,19,0.9473684210526315,0.2222222222222222,0.2222222222222222,0.5,0.05555555555555555,0.0,0.0,0.4444444444444444,0.5555555555555556,0.0,0.5555555555555556,0.05555555555555555,2.388888888888889,1.25,0.7932098765432101,0.05263157894736842,0.10526315789473684
TR248*0102*2000*01,26.0,24,1.0,0.4166666666666667,0.16666666666666666,0.25,0.16666666666666666,0.0,0.0,0.5833333333333334,0.4166666666666667,0.0,0.4166666666666667,0.16666666666666666,2.1666666666666665,0.7142857142857143,1.3055555555555556,0.125,0.125
TR250*0102*2000*01,33.0,23,1.0,0.21739130434782608,0.17391304347826086,0.2608695652173913,0.30434782608695654,0.0,0.043478260869565216,0.391304347826087,0.5652173913043478,0.043478260869565216,0.6086956521739131,0.34782608695652173,2.8260869565217392,1.5555555555555556,1.7088846880907371,0.17391304347826086,0.043478260869565216
TR253*0102*2000*01,38.0,14,1.0,0.14285714285714285,0.07142857142857142,0.14285714285714285,0.21428571428571427,0.14285714285714285,0.2857142857142857,0.21428571428571427,0.35714285714285715,0.42857142857142855,0.7857142857142857,0.6428571428571429,4.0,3.6666666666666665,3.0,0.0,0.0
TR254*0102*2000*01,22.0,10,1.0,0.1,0.3,0.4,0.1,0.1,0.0,0.4,0.5,0.1,0.6,0.2,2.8,1.5,1.16,0.0,0.3
TR255*0102*2000*01,29.0,19,1.0,0.3684210526315789,0.2631578947368421,0.21052631578947367,0.05263157894736842,0.10526315789473684,0.0,0.631578947368421,0.2631578947368421,0.10526315789473684,0.3684210526315789,0.15789473684210525,2.263157894736842,0.5833333333333334,1.6675900277008309,0.0,0.21052631578947367
TR257*0102*2000*01,31.0,16,1.0,0.25,0.3125,0.25,0.125,0.0625,0.0,0.5625,0.375,0.0625,0.4375,0.1875,2.4375,0.7777777777777778,1.37109375,0.0,0.0625
TR259*0102*2000*01,36.0,19,1.0,0.21052631578947367,0.2631578947368421,0.3157894736842105,0.15789473684210525,0.05263157894736842,0.0,0.47368421052631576,0.47368421052631576,0.05263157894736842,0.5263157894736842,0.21052631578947367,2.5789473684210527,1.1111111111111112,1.296398891966759,0.0,0.05263157894736842
TR263*0102*2000*01,26.0,16,1.0,0.125,0.125,0.25,0.375,0.0625,0.0625,0.25,0.625,0.125,0.75,0.5,3.3125,3.0,1.71484375,0.0625,0.0
TR265*0102*2000*01,33.0,25,0.96,0.16666666666666666,0.08333333333333333,0.20833333333333334,0.2916666666666667,0.20833333333333334,0.041666666666666664,0.25,0.5,0.25,0.75,0.5416666666666666,3.4166666666666665,3.0,2.076388888888889,0.2,0.08
TR266*0102*2000*01,31.0,16,0.9375,0.13333333333333333,0.26666666666666666,0.4666666666666667,0.06666666666666667,0.06666666666666667,0.0,0.4,0.5333333333333333,0.06666666666666667,0.6,0.13333333333333333,2.6666666666666665,1.5,1.022222222222222,0.0625,0.125
TR267*0102*2000*01,23.0,15,1.0,0.2,0.2,0.13333333333333333,0.4666666666666667,0.0,0.0,0.4,0.6,0.0,0.6,0.4666666666666667,2.8666666666666667,1.5,1.4488888888888884,0.13333333333333333,0.2
TR268*0102*2000*01,22.0,15,0.9333333333333333,0.14285714285714285,0.07142857142857142,0.14285714285714285,0.2857142857142857,0.0,0.35714285714285715,0.21428571428571427,0.42857142857142855,0.35714285714285715,0.7857142857142857,0.6428571428571429,4.0,3.6666666666666665,3.142857142857143,0.13333333333333333,0.2
TR271*0102*2000*01,32.0,21,1.0,0.14285714285714285,0.23809523809523808,0.3333333333333333,0.14285714285714285,0.09523809523809523,0.047619047619047616,0.38095238095238093,0.47619047619047616,0.14285714285714285,0.6190476190476191,0.2857142857142857,2.9523809523809526,1.625,1.7596371882086166,0.09523809523809523,0.09523809523809523
TR273*0102*2000*01,23.0,22,1.0,0.4090909090909091,0.22727272727272727,0.22727272727272727,0.045454545454545456,0.09090909090909091,0.0,0.6363636363636364,0.2727272727272727,0.09090909090909091,0.36363636363636365,0.13636363636363635,2.1818181818181817,0.5714285714285714,1.603305785123967,0.13636363636363635,0.09090909090909091
TR275*0102*2000*01,30.0,21,1.0,0.3333333333333333,0.047619047619047616,0.3333333333333333,0.19047619047619047,0.09523809523809523,0.0,0.38095238095238093,0.5238095238095238,0.09523809523809523,0.6190476190476191,0.2857142857142857,2.6666666666666665,1.625,1.8412698412698412,0.047619047619047616,0.047619047619047616
TR277*0102*2000*01,29.0,23,1.0,0.17391304347826086,0.17391304347826086,0.34782608695652173,0.2608695652173913,0.043478260869565216,0.0,0.34782608695652173,0.6086956521739131,0.043478260869565216,0.6521739130434783,0.30434782608695654,2.8260869565217392,1.875,1.274102079395085,0.08695652173913043,0.34782608695652173
TR278*0102*2000*01,23.0,24,0.9583333333333334,0.08695652173913043,0.34782608695652173,0.30434782608695654,0.21739130434782608,0.0,0.043478260869565216,0.43478260869565216,0.5217391304347826,0.043478260869565216,0.5652173913043478,0.2608695652173913,2.8260869565217392,1.3,1.2741020793950848,0.0,0.25
TR288*0102*2000*01,29.0,19,1.0,0.3684210526315789,0.15789473684210525,0.21052631578947367,0.21052631578947367,0.0,0.05263157894736842,0.5263157894736842,0.42105263157894735,0.05263157894736842,0.47368421052631576,0.2631578947368421,2.473684210526316,0.9,2.0387811634349036,0.15789473684210525,0.10526315789473684
TR786*0102*2000*01,33.0,17,1.0,0.11764705882352941,0.17647058823529413,0.29411764705882354,0.4117647058823529,0.0,0.0,0.29411764705882354,0.7058823529411765,0.0,0.7058823529411765,0.4117647058823529,3.0,2.4,1.0588235294117647,0.11764705882352941,0.23529411764705882
TR297*0102*2000*01,26.0,17,1.0,0.35294117647058826,0.17647058823529413,0.29411764705882354,0.0,0.17647058823529413,0.0,0.5294117647058824,0.29411764705882354,0.17647058823529413,0.47058823529411764,0.17647058823529413,2.4705882352941178,0.8888888888888888,2.0138408304498268,0.11764705882352941,0.058823529411764705
TR299*0102*2000*01,22.0,19,1.0,0.42105263157894735,0.3157894736842105,0.2631578947368421,0.0,0.0,0.0,0.7368421052631579,0.2631578947368421,0.0,0.2631578947368421,0.0,1.8421052631578947,0.35714285714285715,0.6592797783933518,0.10526315789473684,0.15789473684210525
TR301*0102*2000*01,37.0,16,1.0,0.0625,0.1875,0.1875,0.375,0.0,0.1875,0.25,0.5625,0.1875,0.75,0.5625,3.625,3.0,2.109375,0.1875,0.0625
TR304*0102*2000*01,24.0,15,0.9333333333333333,0.5714285714285714,0.0,0.14285714285714285,0.2857142857142857,0.0,0.0,0.5714285714285714,0.42857142857142855,0.0,0.42857142857142855,0.2857142857142857,2.142857142857143,0.75,1.8367346938775513,0.0,0.2
TR305*0102*2000*01,33.0,23,0.9565217391304348,0.22727272727272727,0.2727272727272727,0.3181818181818182,0.13636363636363635,0.0,0.045454545454545456,0.5,0.45454545454545453,0.045454545454545456,0.5,0.18181818181818182,2.5454545454545454,1.0,1.5206611570247937,0.13043478260869565,0.13043478260869565
TR306*0102*2000*01,33.0,16,1.0,0.125,0.25,0.25,0.25,0.0625,0.0625,0.375,0.5,0.125,0.625,0.375,3.0625,1.6666666666666667,1.80859375,0.125,0.0625
TR308*0102*2000*01,27.0,11,1.0,0.2727272727272727,0.18181818181818182,0.2727272727272727,0.18181818181818182,0.09090909090909091,0.0,0.45454545454545453,0.45454545454545453,0.09090909090909091,0.5454545454545454,0.2727272727272727,2.6363636363636362,1.2,1.6859504132231402,0.09090909090909091,0.0
TR311*0102*2000*01,23.0,19,1.0,0.15789473684210525,0.21052631578947367,0.2631578947368421,0.2631578947368421,0.05263157894736842,0.05263157894736842,0.3684210526315789,0.5263157894736842,0.10526315789473684,0.631578947368421,0.3684210526315789,3.0,1.7142857142857142,1.7894736842105263,0.10526315789473684,0.21052631578947367
TR787*0102*2000*01,21.0,20,1.0,0.15,0.25,0.4,0.2,0.0,0.0,0.4,0.6,0.0,0.6,0.2,2.65,1.5,0.9274999999999999,0.0,0.6
TR317*0102*2000*01,24.0,25,0.96,0.3333333333333333,0.20833333333333334,0.2916666666666667,0.125,0.0,0.041666666666666664,0.5416666666666666,0.4166666666666667,0.041666666666666664,0.4583333333333333,0.16666666666666666,2.375,0.8461538461538461,1.6510416666666667,0.16,0.2
TR320*0102*2000*01,36.0,21,1.0,0.14285714285714285,0.19047619047619047,0.2857142857142857,0.23809523809523808,0.09523809523809523,0.047619047619047616,0.3333333333333333,0.5238095238095238,0.14285714285714285,0.6666666666666666,0.38095238095238093,3.0952380952380953,2.0,1.8004535147392284,0.09523809523809523,0.09523809523809523
TR324*0102*2000*01,32.0,17,1.0,0.23529411764705882,0.17647058823529413,0.17647058823529413,0.35294117647058826,0.0,0.058823529411764705,0.4117647058823529,0.5294117647058824,0.058823529411764705,0.5882352941176471,0.4117647058823529,2.8823529411764706,1.4285714285714286,1.986159169550173,0.058823529411764705,0.17647058823529413
TR326*0102*2000*01,32.0,25,1.0,0.08,0.12,0.48,0.28,0.0,0.04,0.2,0.76,0.04,0.8,0.32,3.12,4.0,1.0656,0.12,0.12
TR330*0102*2000*01,23.0,27,1.0,0.14814814814814814,0.14814814814814814,0.4074074074074074,0.14814814814814814,0.07407407407407407,0.07407407407407407,0.2962962962962963,0.5555555555555556,0.14814814814814814,0.7037037037037037,0.2962962962962963,3.074074074074074,2.375,1.8463648834019202,0.07407407407407407,0.1111111111111111
TR332*0102*2000*01,24.0,22,0.9090909090909091,0.25,0.25,0.35,0.15,0.0,0.0,0.5,0.5,0.0,0.5,0.15,2.4,1.0,1.0400000000000003,0.0,0.13636363636363635
TR333*0102*2000*01,39.0,18,1.0,0.1111111111111111,0.3333333333333333,0.2777777777777778,0.1111111111111111,0.05555555555555555,0.1111111111111111,0.4444444444444444,0.3888888888888889,0.16666666666666666,0.5555555555555556,0.2777777777777778,3.0,1.25,2.111111111111111,0.16666666666666666,0.16666666666666666
TR788*0102*2000*01,26.0,10,1.0,0.1,0.2,0.4,0.2,0.1,0.0,0.3,0.6,0.1,0.7,0.3,3.0,2.3333333333333335,1.2,0.2,0.1
TR337*0102*2000*01,19.0,3,1.0,0.3333333333333333,0.0,0.3333333333333333,0.3333333333333333,0.0,0.0,0.3333333333333333,0.6666666666666666,0.0,0.6666666666666666,0.3333333333333333,2.6666666666666665,2.0,1.5555555555555556,0.0,0.3333333333333333
TR339*0102*2000*01,17.0,13,1.0,0.23076923076923078,0.15384615384615385,0.46153846153846156,0.15384615384615385,0.0,0.0,0.38461538461538464,0.6153846153846154,0.0,0.6153846153846154,0.15384615384615385,2.5384615384615383,1.6,1.017751479289941,0.0,0.23076923076923078
TR340*0102*2000*01,35.0,24,0.9583333333333334,0.043478260869565216,0.21739130434782608,0.391304347826087,0.17391304347826086,0.13043478260869565,0.043478260869565216,0.2608695652173913,0.5652173913043478,0.17391304347826086,0.7391304347826086,0.34782608695652173,3.260869565217391,2.8333333333333335,1.4102079395085068,0.125,0.16666666666666666
TR341*0102*2000*01,24.0,11,0.9090909090909091,0.3,0.3,0.2,0.2,0.0,0.0,0.6,0.4,0.0,0.4,0.2,2.3,0.6666666666666666,1.21,0.0,0.18181818181818182
TR348*0102*2000*01,28.0,17,1.0,0.11764705882352941,0.11764705882352941,0.5294117647058824,0.11764705882352941,0.058823529411764705,0.058823529411764705,0.23529411764705882,0.6470588235294118,0.11764705882352941,0.7647058823529411,0.23529411764705882,3.0588235294117645,3.25,1.467128027681661,0.11764705882352941,0.058823529411764705
TR351*0102*2000*01,35.0,23,0.9565217391304348,0.13636363636363635,0.36363636363636365,0.18181818181818182,0.22727272727272727,0.045454545454545456,0.045454545454545456,0.5,0.4090909090909091,0.09090909090909091,0.5,0.3181818181818182,2.8181818181818183,1.0,1.6942148760330575,0.13043478260869565,0.13043478260869565
TR352*0102*2000*01,24.0,19,1.0,0.21052631578947367,0.15789473684210525,0.3684210526315789,0.15789473684210525,0.05263157894736842,0.05263157894736842,0.3684210526315789,0.5263157894736842,0.10526315789473684,0.631578947368421,0.2631578947368421,2.8421052631578947,1.7142857142857142,1.817174515235457,0.3157894736842105,0.05263157894736842
TR353*0102*2000*01,23.0,16,1.0,0.3125,0.125,0.1875,0.375,0.0,0.0,0.4375,0.5625,0.0,0.5625,0.375,2.625,1.2857142857142858,1.609375,0.0,0.125
TR789*0102*2000*01,16.0,8,1.0,0.125,0.125,0.25,0.5,0.0,0.0,0.25,0.75,0.0,0.75,0.5,3.125,3.0,1.109375,0.0,0.375
TR354*0102*2000*01,30.0,25,1.0,0.08,0.24,0.28,0.24,0.04,0.12,0.32,0.52,0.16,0.68,0.4,3.28,2.125,1.9616,0.12,0.32
TR355*0102*2000*01,30.0,22,1.0,0.18181818181818182,0.2727272727272727,0.4090909090909091,0.13636363636363635,0.0,0.0,0.45454545454545453,0.5454545454545454,0.0,0.5454545454545454,0.13636363636363635,2.5,1.2,0.8863636363636364,0.045454545454545456,0.13636363636363635
TR357*0102*2000*01,32.0,18,1.0,0.3888888888888889,0.05555555555555555,0.16666666666666666,0.3333333333333333,0.0,0.05555555555555555,0.4444444444444444,0.5,0.05555555555555555,0.5555555555555556,0.3888888888888889,2.6666666666666665,1.25,2.3333333333333335,0.1111111111111111,0.2222222222222222
TR359*0102*2000*01,34.0,13,1.0,0.15384615384615385,0.0,0.38461538461538464,0.3076923076923077,0.15384615384615385,0.0,0.15384615384615385,0.6923076923076923,0.15384615384615385,0.8461538461538461,0.46153846153846156,3.3076923076923075,5.5,1.4437869822485205,0.23076923076923078,0.15384615384615385
TR364*0102*2000*01,26.0,22,0.9545454545454546,0.38095238095238093,0.14285714285714285,0.23809523809523808,0.14285714285714285,0.047619047619047616,0.047619047619047616,0.5238095238095238,0.38095238095238093,0.09523809523809523,0.47619047619047616,0.23809523809523808,2.4761904761904763,0.9090909090909091,2.1541950113378685,0.13636363636363635,0.18181818181818182
TR365*0102*2000*01,25.0,26,0.9615384615384616,0.28,0.12,0.32,0.12,0.04,0.12,0.4,0.44,0.16,0.6,0.28,2.88,1.5,2.5856,0.15384615384615385,0.2692307692307692
TR367*0102*2000*01,28.0,24,1.0,0.375,0.08333333333333333,0.4166666666666667,0.125,0.0,0.0,0.4583333333333333,0.5416666666666666,0.0,0.5416666666666666,0.125,2.2916666666666665,1.1818181818181819,1.2065972222222223,0.041666666666666664,0.125
TR370*0102*2000*01,25.0,15,1.0,0.2,0.26666666666666666,0.3333333333333333,0.2,0.0,0.0,0.4666666666666667,0.5333333333333333,0.0,0.5333333333333333,0.2,2.533333333333333,1.1428571428571428,1.048888888888889,0.13333333333333333,0.26666666666666666
TR373*0102*2000*01,32.0,25,0.92,0.21739130434782608,0.043478260869565216,0.2608695652173913,0.2608695652173913,0.13043478260869565,0.08695652173913043,0.2608695652173913,0.5217391304347826,0.21739130434782608,0.7391304347826086,0.4782608695652174,3.3043478260869565,2.8333333333333335,2.3856332703213607,0.2,0.16
TR375*0102*2000*01,31.0,19,1.0,0.2631578947368421,0.2631578947368421,0.21052631578947367,0.15789473684210525,0.0,0.10526315789473684,0.5263157894736842,0.3684210526315789,0.10526315789473684,0.47368421052631576,0.2631578947368421,2.6842105263157894,0.9,2.3213296398891963,0.10526315789473684,0.10526315789473684
TR378*0102*2000*01,25.0,18,1.0,0.3888888888888889,0.3333333333333333,0.05555555555555555,0.2222222222222222,0.0,0.0,0.7222222222222222,0.2777777777777778,0.0,0.2777777777777778,0.2222222222222222,2.111111111111111,0.38461538461538464,1.320987654320988,0.05555555555555555,0.1111111111111111
TR380*0102*2000*01,22.0,19,1.0,0.15789473684210525,0.21052631578947367,0.42105263157894735,0.21052631578947367,0.0,0.0,0.3684210526315789,0.631578947368421,0.0,0.631578947368421,0.21052631578947367,2.6842105263157894,1.7142857142857142,0.9529085872576177,0.21052631578947367,0.10526315789473684
TR386*0102*2000*01,23.0,11,1.0,0.18181818181818182,0.09090909090909091,0.36363636363636365,0.36363636363636365,0.0,0.0,0.2727272727272727,0.7272727272727273,0.0,0.7272727272727273,0.36363636363636365,2.909090909090909,2.6666666666666665,1.1735537190082646,0.09090909090909091,0.09090909090909091
TR387*0102*2000*01,26.0,15,1.0,0.3333333333333333,0.06666666666666667,0.4,0.2,0.0,0.0,0.4,0.6,0.0,0.6,0.2,2.466666666666667,1.5,1.3155555555555551,0.0,0.06666666666666667
TR389*0102*2000*01,23.0,12,1.0,0.25,0.0,0.6666666666666666,0.08333333333333333,0.0,0.0,0.25,0.75,0.0,0.75,0.08333333333333333,2.5833333333333335,3.0,0.9097222222222222,0.0,0.3333333333333333
TR393*0102*2000*01,29.0,18,1.0,0.16666666666666666,0.16666666666666666,0.2222222222222222,0.3333333333333333,0.1111111111111111,0.0,0.3333333333333333,0.5555555555555556,0.1111111111111111,0.6666666666666666,0.4444444444444444,3.0555555555555554,2.0,1.6080246913580245,0.16666666666666666,0.1111111111111111
TR395*0102*2000*01,26.0,29,0.9655172413793104,0.4642857142857143,0.14285714285714285,0.10714285714285714,0.14285714285714285,0.03571428571428571,0.10714285714285714,0.6071428571428571,0.25,0.14285714285714285,0.39285714285714285,0.2857142857142857,2.4642857142857144,0.6470588235294118,2.9630102040816326,0.06896551724137931,0.06896551724137931
TR398*0102*2000*01,40.0,17,1.0,0.29411764705882354,0.17647058823529413,0.35294117647058826,0.11764705882352941,0.058823529411764705,0.0,0.47058823529411764,0.47058823529411764,0.058823529411764705,0.5294117647058824,0.17647058823529413,2.4705882352941178,1.125,1.4256055363321798,0.23529411764705882,0.17647058823529413
TR400*0102*2000*01,21.0,19,0.9473684210526315,0.2777777777777778,0.2777777777777778,0.16666666666666666,0.16666666666666666,0.1111111111111111,0.0,0.5555555555555556,0.3333333333333333,0.1111111111111111,0.4444444444444444,0.2777777777777778,2.5555555555555554,0.8,1.8024691358024687,0.10526315789473684,0.10526315789473684
TR405*0102*2000*01,23.0,18,0.8888888888888888,0.1875,0.25,0.375,0.0625,0.125,0.0,0.4375,0.4375,0.125,0.5625,0.1875,2.6875,1.2857142857142858,1.46484375,0.05555555555555555,0.2222222222222222
TR409*0102*2000*01,28.0,15,1.0,0.2,0.06666666666666667,0.4,0.3333333333333333,0.0,0.0,0.26666666666666666,0.7333333333333333,0.0,0.7333333333333333,0.3333333333333333,2.8666666666666667,2.75,1.1822222222222218,0.13333333333333333,0.0
TR410*0102*2000*01,29.0,16,1.0,0.125,0.125,0.5,0.25,0.0,0.0,0.25,0.75,0.0,0.75,0.25,2.875,3.0,0.859375,0.1875,0.0
TR411*0102*2000*01,23.0,17,0.9411764705882353,0.3125,0.0625,0.25,0.375,0.0,0.0,0.375,0.625,0.0,0.625,0.375,2.6875,1.6666666666666667,1.58984375,0.0,0.11764705882352941
TR412*0102*2000*01,29.0,14,0.9285714285714286,0.07692307692307693,0.23076923076923078,0.3076923076923077,0.38461538461538464,0.0,0.0,0.3076923076923077,0.6923076923076923,0.0,0.6923076923076923,0.38461538461538464,3.0,2.25,0.9230769230769231,0.07142857142857142,0.14285714285714285
OU2*0102*2001*02,40.0,31,0.9354838709677419,0.27586206896551724,0.3793103448275862,0.13793103448275862,0.13793103448275862,0.034482758620689655,0.034482758620689655,0.6551724137931034,0.27586206896551724,0.06896551724137931,0.3448275862068966,0.20689655172413793,2.3793103448275863,0.5263157894736842,1.6837098692033292,0.12903225806451613,0.1935483870967742
OU3*0102*2001*02,40.0,33,0.9393939393939394,0.3225806451612903,0.25806451612903225,0.12903225806451613,0.0967741935483871,0.12903225806451613,0.06451612903225806,0.5806451612903226,0.22580645161290322,0.1935483870967742,0.41935483870967744,0.2903225806451613,2.6451612903225805,0.7222222222222222,2.6160249739854327,0.18181818181818182,0.15151515151515152
OU1*0102*2001*03,34.0,20,1.0,0.05,0.45,0.25,0.25,0.0,0.0,0.5,0.5,0.0,0.5,0.25,2.7,1.0,0.8099999999999999,0.2,0.0
OU4*0102*2001*03,34.0,12,1.0,0.16666666666666666,0.25,0.3333333333333333,0.16666666666666666,0.08333333333333333,0.0,0.4166666666666667,0.5,0.08333333333333333,0.5833333333333334,0.25,2.75,1.4,1.3541666666666667,0.0,0.08333333333333333
OU5*0102*2001*01,36.0,12,1.0,0.5,0.08333333333333333,0.16666666666666666,0.08333333333333333,0.08333333333333333,0.08333333333333333,0.5833333333333334,0.25,0.16666666666666666,0.4166666666666667,0.25,2.4166666666666665,0.7142857142857143,2.909722222222222,0.16666666666666666,0.0
