essay_id,total_score,W_ratio_A1,W_ratio_A,W_ratio_B,W_ratio_C,W_ratio_AboveB1,W_mean_score,W_n
TR3*0100*2000*02_A1,28.0,0.5492957746478874,0.7605633802816901,0.23943661971830985,0.0,0.23943661971830985,1.732394366197183,71
TR3*0100*2000*02_A2,28.0,0.5607476635514018,0.7383177570093458,0.24299065420560748,0.018691588785046728,0.2616822429906542,1.794392523364486,107
TR4*0100*2000*02_A1,32.0,0.64,0.864,0.12,0.016,0.136,1.552,125
TR4*0100*2000*02_A3,32.0,0.5283018867924528,0.6886792452830188,0.29245283018867924,0.018867924528301886,0.3113207547169811,1.9528301886792452,106
TR13*0100*2000*02_A1,21.0,0.5921052631578947,0.8947368421052632,0.10526315789473684,0.0,0.10526315789473684,1.5263157894736843,76
TR13*0100*2000*02_A2,21.0,0.6486486486486487,0.8378378378378378,0.16216216216216217,0.0,0.16216216216216217,1.554054054054054,74
TR15*0100*2000*02_A1,23.0,0.5342465753424658,0.7671232876712328,0.1643835616438356,0.0684931506849315,0.2328767123287671,1.917808219178082,73
TR15*0100*2000*02_A4,23.0,0.65625,0.84375,0.11458333333333333,0.041666666666666664,0.15625,1.65625,96
TR78*0100*2000*02_A1,28.0,0.6197183098591549,0.8309859154929577,0.1267605633802817,0.04225352112676056,0.16901408450704225,1.647887323943662,71
TR78*0100*2000*02_A4,28.0,0.7023809523809523,0.8452380952380952,0.15476190476190477,0.0,0.15476190476190477,1.4761904761904763,84
TR421*0100*2000*02_A1,28.0,0.7272727272727273,0.8909090909090909,0.08181818181818182,0.02727272727272727,0.10909090909090909,1.4727272727272727,110
TR421*0100*2000*02_A3,28.0,0.6951219512195121,0.8780487804878049,0.10975609756097561,0.012195121951219513,0.12195121951219512,1.4634146341463414,82
TR423*0100*2000*02_A1,30.0,0.5806451612903226,0.8387096774193549,0.16129032258064516,0.0,0.16129032258064516,1.5806451612903225,62
TR423*0100*2000*02_A3,30.0,0.5679012345679012,0.7160493827160493,0.2716049382716049,0.012345679012345678,0.2839506172839506,1.8271604938271604,81
TR424*0100*2000*02_A1,29.0,0.6447368421052632,0.8289473684210527,0.17105263157894737,0.0,0.17105263157894737,1.5526315789473684,76
TR424*0100*2000*02_A4,29.0,0.7288135593220338,0.8983050847457628,0.09322033898305085,0.00847457627118644,0.1016949152542373,1.4322033898305084,118
TR449*0100*2000*02_A1,35.0,0.5945945945945946,0.8108108108108109,0.17567567567567569,0.013513513513513514,0.1891891891891892,1.662162162162162,74
TR449*0100*2000*02_A4,35.0,0.6296296296296297,0.7962962962962963,0.2037037037037037,0.0,0.2037037037037037,1.6481481481481481,108
TR505*0100*2000*02_A1,26.0,0.5641025641025641,0.782051282051282,0.21794871794871795,0.0,0.21794871794871795,1.6923076923076923,78
TR505*0100*2000*02_A3,26.0,0.6,0.819047619047619,0.1523809523809524,0.02857142857142857,0.18095238095238095,1.6857142857142857,105
TR509*0100*2000*02_A1,25.0,0.6623376623376623,0.9090909090909091,0.07792207792207792,0.012987012987012988,0.09090909090909091,1.4675324675324675,77
TR509*0100*2000*02_A4,25.0,0.773109243697479,0.9663865546218487,0.03361344537815126,0.0,0.03361344537815126,1.26890756302521,119
TR520*0100*2000*02_A1,37.0,0.5909090909090909,0.7954545454545454,0.17045454545454544,0.03409090909090909,0.20454545454545456,1.7272727272727273,88
TR520*0100*2000*02_A4,37.0,0.6373626373626373,0.8351648351648352,0.15384615384615385,0.01098901098901099,0.16483516483516483,1.5934065934065933,91
TR521*0100*2000*02_A1,24.0,0.6621621621621622,0.8918918918918919,0.10810810810810811,0.0,0.10810810810810811,1.4594594594594594,74
TR521*0100*2000*02_A3,24.0,0.75,0.8214285714285714,0.16071428571428573,0.017857142857142856,0.17857142857142858,1.4821428571428572,56
TR522*0100*2000*02_A1,32.0,0.6095238095238096,0.8571428571428571,0.11428571428571428,0.02857142857142857,0.14285714285714285,1.619047619047619,105
TR522*0100*2000*02_A2,32.0,0.6063829787234043,0.851063829787234,0.14893617021276595,0.0,0.14893617021276595,1.5851063829787233,94
TR524*0100*2000*02_A1,27.0,0.7079646017699115,0.8761061946902655,0.10619469026548672,0.017699115044247787,0.12389380530973451,1.4778761061946903,113
TR524*0100*2000*02_A2,27.0,0.5494505494505495,0.7032967032967034,0.26373626373626374,0.03296703296703297,0.2967032967032967,1.8571428571428572,91
TR529*0100*2000*02_A1,30.0,0.5465116279069767,0.7558139534883721,0.22093023255813954,0.023255813953488372,0.2441860465116279,1.813953488372093,86
TR529*0100*2000*02_A2,30.0,0.618421052631579,0.7105263157894737,0.27631578947368424,0.013157894736842105,0.2894736842105263,1.7894736842105263,76
TR531*0100*2000*02_A1,21.0,0.7205882352941176,0.9117647058823529,0.07352941176470588,0.014705882352941176,0.08823529411764706,1.411764705882353,68
TR531*0100*2000*02_A3,21.0,0.671875,0.859375,0.109375,0.03125,0.140625,1.5625,64
TR533*0100*2000*02_A1,26.0,0.6125,0.825,0.125,0.05,0.175,1.7,80
TR533*0100*2000*02_A4,26.0,0.6632653061224489,0.8571428571428571,0.14285714285714285,0.0,0.14285714285714285,1.510204081632653,98
TR538*0100*2000*02_A1,23.0,0.6666666666666666,0.8796296296296297,0.1111111111111111,0.009259259259259259,0.12037037037037036,1.5,108
TR538*0100*2000*02_A2,23.0,0.6862745098039216,0.8333333333333334,0.16666666666666666,0.0,0.16666666666666666,1.5,102
TR543*0100*2000*02_A1,35.0,0.618421052631579,0.8552631578947368,0.11842105263157894,0.02631578947368421,0.14473684210526316,1.605263157894737,76
TR543*0100*2000*02_A4,35.0,0.6923076923076923,0.8653846153846154,0.11538461538461539,0.019230769230769232,0.1346153846153846,1.5192307692307692,104
TR553*0100*2000*02_A4,29.0,0.8125,0.925,0.0625,0.0125,0.075,1.325,80
TR554*0100*2000*02_A1,27.0,0.5862068965517241,0.7931034482758621,0.1724137931034483,0.034482758620689655,0.20689655172413793,1.7241379310344827,87
TR554*0100*2000*02_A2,27.0,0.6216216216216216,0.7837837837837838,0.20270270270270271,0.013513513513513514,0.21621621621621623,1.6486486486486487,74
TR42*0100*2000*02_A1,25.0,0.7,0.8888888888888888,0.08888888888888889,0.022222222222222223,0.1111111111111111,1.4555555555555555,90
TR42*0100*2000*02_A4,25.0,0.7168141592920354,0.9380530973451328,0.061946902654867256,0.0,0.061946902654867256,1.345132743362832,113
TR50*0100*2000*02_A1,19.0,0.6060606060606061,0.8333333333333334,0.15151515151515152,0.015151515151515152,0.16666666666666666,1.621212121212121,66
TR50*0100*2000*02_A3,19.0,0.6486486486486487,0.7567567567567568,0.22972972972972974,0.013513513513513514,0.24324324324324326,1.6891891891891893,74
TR54*0100*2000*02_A1,31.0,0.7083333333333334,0.8854166666666666,0.09375,0.020833333333333332,0.11458333333333333,1.4791666666666667,96
TR54*0100*2000*02_A4,31.0,0.7522935779816514,0.9357798165137615,0.06422018348623854,0.0,0.06422018348623854,1.311926605504587,109
TR587*0100*2000*02_A1,24.0,0.6438356164383562,0.9041095890410958,0.0958904109589041,0.0,0.0958904109589041,1.452054794520548,73
TR587*0100*2000*02_A4,24.0,0.7049180327868853,0.9262295081967213,0.07377049180327869,0.0,0.07377049180327869,1.3852459016393444,122
TR591*0100*2000*02_A1,18.0,0.5757575757575758,0.7878787878787878,0.19696969696969696,0.015151515151515152,0.21212121212121213,1.696969696969697,66
TR591*0100*2000*02_A3,18.0,0.5686274509803921,0.7254901960784313,0.27450980392156865,0.0,0.27450980392156865,1.7843137254901962,51
TR602*0100*2000*02_A1,25.0,0.6,0.8583333333333333,0.125,0.016666666666666666,0.14166666666666666,1.6,120
TR602*0100*2000*02_A2,25.0,0.5555555555555556,0.7592592592592593,0.24074074074074073,0.0,0.24074074074074073,1.7407407407407407,54
TR606*0100*2000*02_A1,38.0,0.6744186046511628,0.8604651162790697,0.10465116279069768,0.03488372093023256,0.13953488372093023,1.569767441860465,86
TR606*0100*2000*02_A4,38.0,0.7244897959183674,0.9183673469387755,0.07142857142857142,0.01020408163265306,0.08163265306122448,1.3979591836734695,98
TR617*0100*2000*02_A1,25.0,0.6701030927835051,0.865979381443299,0.12371134020618557,0.010309278350515464,0.13402061855670103,1.5051546391752577,97
TR617*0100*2000*02_A3,25.0,0.6216216216216216,0.8324324324324325,0.15135135135135136,0.016216216216216217,0.16756756756756758,1.6,185
TR624*0100*2000*02_A1,32.0,0.6153846153846154,0.8153846153846154,0.18461538461538463,0.0,0.18461538461538463,1.6153846153846154,65
TR624*0100*2000*02_A3,32.0,0.5952380952380952,0.7380952380952381,0.2261904761904762,0.03571428571428571,0.2619047619047619,1.8214285714285714,84
TR634*0100*2000*02_A1,33.0,0.6794871794871795,0.8589743589743589,0.10256410256410256,0.038461538461538464,0.14102564102564102,1.5384615384615385,78
TR634*0100*2000*02_A4,33.0,0.7181818181818181,0.8272727272727273,0.17272727272727273,0.0,0.17272727272727273,1.481818181818182,110
TR638*0100*2000*02_A1,17.0,0.5766423357664233,0.8394160583941606,0.13138686131386862,0.029197080291970802,0.16058394160583941,1.6496350364963503,137
TR638*0100*2000*02_A4,17.0,0.6934306569343066,0.8832116788321168,0.10218978102189781,0.014598540145985401,0.11678832116788321,1.467153284671533,137
TR639*0100*2000*02_A1,21.0,0.5483870967741935,0.8279569892473119,0.15053763440860216,0.021505376344086023,0.17204301075268819,1.7311827956989247,93
TR639*0100*2000*02_A2,21.0,0.6290322580645161,0.8387096774193549,0.16129032258064516,0.0,0.16129032258064516,1.5483870967741935,62
TR682*0100*2000*02_A1,33.0,0.5,0.7361111111111112,0.20833333333333334,0.05555555555555555,0.2638888888888889,1.9583333333333333,72
TR682*0100*2000*02_A2,33.0,0.43956043956043955,0.5714285714285714,0.37362637362637363,0.054945054945054944,0.42857142857142855,2.230769230769231,91
TR93*0100*2000*02_A1,23.0,0.7721518987341772,0.9620253164556962,0.0379746835443038,0.0,0.0379746835443038,1.2658227848101267,79
TR93*0100*2000*02_A4,23.0,0.8301886792452831,0.9622641509433962,0.03773584905660377,0.0,0.03773584905660377,1.2075471698113207,106
TR70*0100*2000*02_A1,32.0,0.6060606060606061,0.8787878787878788,0.09090909090909091,0.030303030303030304,0.12121212121212122,1.5757575757575757,99
TR70*0100*2000*02_A3,32.0,0.5903614457831325,0.8433734939759037,0.1566265060240964,0.0,0.1566265060240964,1.6024096385542168,83
TR94*0100*2000*02_A1,30.0,0.6153846153846154,0.8461538461538461,0.15384615384615385,0.0,0.15384615384615385,1.5384615384615385,117
TR94*0100*2000*02_A2,30.0,0.6555555555555556,0.8111111111111111,0.16666666666666666,0.022222222222222223,0.18888888888888888,1.6444444444444444,90
TR704*0100*2000*02_A1,29.0,0.547945205479452,0.821917808219178,0.1643835616438356,0.0136986301369863,0.1780821917808219,1.6849315068493151,73
TR704*0100*2000*02_A4,29.0,0.717948717948718,0.8974358974358975,0.10256410256410256,0.0,0.10256410256410256,1.4102564102564104,78
TR708*0100*2000*02_A1,30.0,0.5280898876404494,0.7415730337078652,0.21348314606741572,0.0449438202247191,0.25842696629213485,1.8876404494382022,89
TR708*0100*2000*02_A4,30.0,0.6728971962616822,0.8598130841121495,0.12149532710280374,0.018691588785046728,0.14018691588785046,1.5420560747663552,107
TR730*0100*2000*02_A1,29.0,0.7333333333333333,0.9444444444444444,0.044444444444444446,0.011111111111111112,0.05555555555555555,1.3555555555555556,90
TR730*0100*2000*02_A3,29.0,0.7419354838709677,0.9032258064516129,0.07526881720430108,0.021505376344086023,0.0967741935483871,1.4193548387096775,93
TR745*0100*2000*02_A1,17.0,0.5625,0.7916666666666666,0.1875,0.020833333333333332,0.20833333333333334,1.7083333333333333,48
TR745*0100*2000*02_A3,17.0,0.5,0.68,0.32,0.0,0.32,1.84,50
TR752*0100*2000*02_A1,32.0,0.5,0.7857142857142857,0.1836734693877551,0.030612244897959183,0.21428571428571427,1.8265306122448979,98
TR752*0100*2000*02_A2,32.0,0.532051282051282,0.7243589743589743,0.2692307692307692,0.00641025641025641,0.27564102564102566,1.8717948717948718,156
TR792*0100*2000*02_A1,26.0,0.7333333333333333,0.9066666666666666,0.06666666666666667,0.02666666666666667,0.09333333333333334,1.4266666666666667,75
TR792*0100*2000*02_A3,26.0,0.8148148148148148,0.9382716049382716,0.06172839506172839,0.0,0.06172839506172839,1.2592592592592593,81
TR831*0100*2000*02_A1,25.0,0.5333333333333333,0.7866666666666666,0.18666666666666668,0.02666666666666667,0.21333333333333335,1.7733333333333334,75
TR831*0100*2000*02_A3,25.0,0.5671641791044776,0.746268656716418,0.23880597014925373,0.014925373134328358,0.2537313432835821,1.7761194029850746,67
TR839*0100*2000*02_A1,29.0,0.6952380952380952,0.8952380952380953,0.08571428571428572,0.01904761904761905,0.10476190476190476,1.457142857142857,105
TR839*0100*2000*02_A3,29.0,0.7375,0.8375,0.15,0.0125,0.1625,1.4625,80
TR847*0100*2000*02_A1,26.0,0.620253164556962,0.7974683544303798,0.17721518987341772,0.02531645569620253,0.20253164556962025,1.6455696202531647,79
TR847*0100*2000*02_A2,26.0,0.550561797752809,0.7528089887640449,0.24719101123595505,0.0,0.24719101123595505,1.7303370786516854,89
TR855*0100*2000*02_A1,26.0,0.6417910447761194,0.8507462686567164,0.11940298507462686,0.029850746268656716,0.14925373134328357,1.5671641791044777,67
TR855*0100*2000*02_A4,26.0,0.7303370786516854,0.9550561797752809,0.0449438202247191,0.0,0.0449438202247191,1.3146067415730338,89
TR860*0100*2000*02_A1,33.0,0.618421052631579,0.8552631578947368,0.13157894736842105,0.013157894736842105,0.14473684210526316,1.5526315789473684,76
TR860*0100*2000*02_A2,33.0,0.7848101265822784,0.8987341772151899,0.10126582278481013,0.0,0.10126582278481013,1.3291139240506329,79
TR865*0100*2000*02_A1,33.0,0.5760869565217391,0.8260869565217391,0.14130434782608695,0.03260869565217391,0.17391304347826086,1.7065217391304348,92
TR865*0100*2000*02_A2,33.0,0.6410256410256411,0.8290598290598291,0.1623931623931624,0.008547008547008548,0.17094017094017094,1.5811965811965811,117
TR866*0100*2000*02_A1,23.0,0.7123287671232876,0.8767123287671232,0.0958904109589041,0.0273972602739726,0.1232876712328767,1.4931506849315068,73
TR866*0100*2000*02_A2,23.0,0.5428571428571428,0.7285714285714285,0.2714285714285714,0.0,0.2714285714285714,1.8142857142857143,70
TR872*0100*2000*02_A1,30.0,0.6753246753246753,0.8831168831168831,0.09090909090909091,0.025974025974025976,0.11688311688311688,1.5064935064935066,77
TR872*0100*2000*02_A4,30.0,0.6907216494845361,0.8762886597938144,0.12371134020618557,0.0,0.12371134020618557,1.4742268041237114,97
TR875*0100*2000*02_A1,39.0,0.5961538461538461,0.8269230769230769,0.16346153846153846,0.009615384615384616,0.17307692307692307,1.6442307692307692,104
TR875*0100*2000*02_A4,39.0,0.5660377358490566,0.7169811320754716,0.24528301886792453,0.03773584905660377,0.2830188679245283,1.8962264150943395,106
TR891*0100*2000*02_A1,38.0,0.5392156862745098,0.7843137254901961,0.13725490196078433,0.0784313725490196,0.21568627450980393,1.892156862745098,102
TR891*0100*2000*02_A2,38.0,0.5609756097560976,0.7439024390243902,0.25609756097560976,0.0,0.25609756097560976,1.7560975609756098,82
TR97*0100*2000*02_A1,31.0,0.5,0.7333333333333333,0.23333333333333334,0.03333333333333333,0.26666666666666666,1.9,90
TR97*0100*2000*02_A2,31.0,0.5446428571428571,0.6517857142857143,0.3392857142857143,0.008928571428571428,0.3482142857142857,1.9107142857142858,112
TR102*0100*2000*02_A1,28.0,0.5795454545454546,0.8295454545454546,0.14772727272727273,0.022727272727272728,0.17045454545454544,1.6477272727272727,88
TR102*0100*2000*02_A2,28.0,0.5742574257425742,0.7821782178217822,0.21782178217821782,0.0,0.21782178217821782,1.6633663366336633,101
TR905*0100*2000*02_A1,27.0,0.6282051282051282,0.8461538461538461,0.1282051282051282,0.02564102564102564,0.15384615384615385,1.6025641025641026,78
TR905*0100*2000*02_A2,27.0,0.5632183908045977,0.6781609195402298,0.3103448275862069,0.011494252873563218,0.3218390804597701,1.8275862068965518,87
TR910*0100*2000*02_A1,21.0,0.5233644859813084,0.7570093457943925,0.205607476635514,0.037383177570093455,0.24299065420560748,1.8037383177570094,107
TR910*0100*2000*02_A2,21.0,0.7094017094017094,0.8034188034188035,0.19658119658119658,0.0,0.19658119658119658,1.5299145299145298,117
TR913*0100*2000*02_A1,31.0,0.5301204819277109,0.7590361445783133,0.21686746987951808,0.024096385542168676,0.24096385542168675,1.783132530120482,83
TR913*0100*2000*02_A2,31.0,0.5913978494623656,0.6989247311827957,0.27956989247311825,0.021505376344086023,0.3010752688172043,1.7956989247311828,93
TR914*0100*2000*02_A1,26.0,0.5858585858585859,0.8282828282828283,0.15151515151515152,0.020202020202020204,0.1717171717171717,1.6464646464646464,99
TR914*0100*2000*02_A3,26.0,0.7064220183486238,0.7889908256880734,0.21100917431192662,0.0,0.21100917431192662,1.5412844036697249,109
TR923*0100*2000*02_A1,35.0,0.527027027027027,0.8108108108108109,0.17567567567567569,0.013513513513513514,0.1891891891891892,1.7027027027027026,74
TR923*0100*2000*02_A4,35.0,0.673469387755102,0.8673469387755102,0.1326530612244898,0.0,0.1326530612244898,1.510204081632653,98
TR924*0100*2000*02_A1,37.0,0.6081081081081081,0.9054054054054054,0.0945945945945946,0.0,0.0945945945945946,1.5,74
TR924*0100*2000*02_A5b,37.0,0.5903614457831325,0.8554216867469879,0.13253012048192772,0.012048192771084338,0.14457831325301204,1.5783132530120483,83
TR925*0100*2000*02_A1,35.0,0.5393258426966292,0.8089887640449438,0.16853932584269662,0.02247191011235955,0.19101123595505617,1.7415730337078652,89
TR925*0100*2000*02_A3,35.0,0.6021505376344086,0.7526881720430108,0.22580645161290322,0.021505376344086023,0.24731182795698925,1.7419354838709677,93
TR948*0100*2000*02_A1,29.0,0.6263736263736264,0.8131868131868132,0.17582417582417584,0.01098901098901099,0.18681318681318682,1.6373626373626373,91
TR948*0100*2000*02_A2,29.0,0.5617977528089888,0.7865168539325843,0.21348314606741572,0.0,0.21348314606741572,1.7303370786516854,89
TR962*0100*2000*02_A1,23.0,0.6236559139784946,0.8602150537634409,0.12903225806451613,0.010752688172043012,0.13978494623655913,1.5483870967741935,93
TR962*0100*2000*02_A3,23.0,0.5633802816901409,0.7746478873239436,0.2112676056338028,0.014084507042253521,0.22535211267605634,1.7605633802816902,71
TR964*0100*2000*02_A1,11.0,0.5595238095238095,0.7857142857142857,0.20238095238095238,0.011904761904761904,0.21428571428571427,1.6904761904761905,84
TR964*0100*2000*02_A5a,11.0,0.5584415584415584,0.7662337662337663,0.22077922077922077,0.012987012987012988,0.23376623376623376,1.7532467532467533,77
TR974*0100*2000*02_A1,25.0,0.6534653465346535,0.9108910891089109,0.07920792079207921,0.009900990099009901,0.0891089108910891,1.4653465346534653,101
TR974*0100*2000*02_A3,25.0,0.680327868852459,0.8852459016393442,0.11475409836065574,0.0,0.11475409836065574,1.4508196721311475,122
TR770*0100*2000*02_A1,30.0,0.5578947368421052,0.8315789473684211,0.1368421052631579,0.031578947368421054,0.16842105263157894,1.6842105263157894,95
TR770*0100*2000*02_A2,30.0,0.5252525252525253,0.7070707070707071,0.29292929292929293,0.0,0.29292929292929293,1.8181818181818181,99
TR1018*0100*2000*02_A1,40.0,0.5714285714285714,0.826530612244898,0.17346938775510204,0.0,0.17346938775510204,1.6326530612244898,98
TR1018*0100*2000*02_A2,40.0,0.6268656716417911,0.7910447761194029,0.1791044776119403,0.029850746268656716,0.208955223880597,1.7164179104477613,134
TR1028*0100*2000*02_A1,33.0,0.6,0.8266666666666667,0.16,0.013333333333333334,0.17333333333333334,1.6266666666666667,75
TR1028*0100*2000*02_A3,33.0,0.6351351351351351,0.7567567567567568,0.24324324324324326,0.0,0.24324324324324326,1.6486486486486487,74
TR1030*0100*2000*02_A1,24.0,0.6172839506172839,0.8024691358024691,0.16049382716049382,0.037037037037037035,0.19753086419753085,1.6790123456790123,81
TR1030*0100*2000*02_A4,24.0,0.6947368421052632,0.8526315789473684,0.1368421052631579,0.010526315789473684,0.14736842105263157,1.5368421052631578,95
TR1034*0100*2000*02_A1,30.0,0.5252525252525253,0.7777777777777778,0.20202020202020202,0.020202020202020204,0.2222222222222222,1.7878787878787878,99
TR1034*0100*2000*02_A4,30.0,0.6326530612244898,0.7755102040816326,0.21428571428571427,0.01020408163265306,0.22448979591836735,1.683673469387755,98
TR1035*0100*2000*02_A1,35.0,0.5544554455445545,0.8118811881188119,0.16831683168316833,0.019801980198019802,0.18811881188118812,1.683168316831683,101
TR1035*0100*2000*02_A2,35.0,0.6504854368932039,0.8252427184466019,0.1650485436893204,0.009708737864077669,0.17475728155339806,1.5825242718446602,103
TR121*0100*2000*02_A1,34.0,0.6328125,0.8515625,0.1328125,0.015625,0.1484375,1.5625,128
TR121*0100*2000*02_A2,34.0,0.5970149253731343,0.7686567164179104,0.22388059701492538,0.007462686567164179,0.23134328358208955,1.7164179104477613,134
TR127*0100*2000*02_A1,22.0,0.5,0.8125,0.1625,0.025,0.1875,1.7625,80
TR127*0100*2000*02_A4,22.0,0.6982758620689655,0.8448275862068966,0.15517241379310345,0.0,0.15517241379310345,1.5086206896551724,116
TR1046*0100*2000*02_A1,33.0,0.6666666666666666,0.8809523809523809,0.08333333333333333,0.03571428571428571,0.11904761904761904,1.5357142857142858,84
TR1046*0100*2000*02_A2,33.0,0.6161616161616161,0.7777777777777778,0.21212121212121213,0.010101010101010102,0.2222222222222222,1.6868686868686869,99
TR1047*0100*2000*02_A1,28.0,0.5333333333333333,0.72,0.24,0.04,0.28,1.88,75
TR1047*0100*2000*02_A2,28.0,0.625,0.7875,0.1875,0.025,0.2125,1.6625,80
TR1054*0100*2000*02_A1,25.0,0.6190476190476191,0.8928571428571429,0.10714285714285714,0.0,0.10714285714285714,1.5,84
TR1054*0100*2000*02_A2,25.0,0.5384615384615384,0.7582417582417582,0.23076923076923078,0.01098901098901099,0.24175824175824176,1.7582417582417582,91
TR1058*0100*2000*02_A1,22.0,0.6666666666666666,0.8275862068965517,0.14942528735632185,0.022988505747126436,0.1724137931034483,1.5517241379310345,87
TR1058*0100*2000*02_A4,22.0,0.6203703703703703,0.8703703703703703,0.10185185185185185,0.027777777777777776,0.12962962962962962,1.5925925925925926,108
TR1061*0100*2000*02_A1,35.0,0.6759259259259259,0.8703703703703703,0.1111111111111111,0.018518518518518517,0.12962962962962962,1.5092592592592593,108
TR1061*0100*2000*02_A2,35.0,0.6050420168067226,0.7058823529411765,0.2773109243697479,0.01680672268907563,0.29411764705882354,1.7647058823529411,119
TR1072*0100*2000*02_A1,24.0,0.647887323943662,0.8309859154929577,0.16901408450704225,0.0,0.16901408450704225,1.5633802816901408,71
TR1072*0100*2000*02_A4,24.0,0.6483516483516484,0.8461538461538461,0.14285714285714285,0.01098901098901099,0.15384615384615385,1.5604395604395604,91
TR1076*0100*2000*02_A1,34.0,0.5212765957446809,0.723404255319149,0.24468085106382978,0.031914893617021274,0.2765957446808511,1.8936170212765957,94
TR1076*0100*2000*02_A4,34.0,0.6542056074766355,0.8411214953271028,0.14953271028037382,0.009345794392523364,0.1588785046728972,1.5514018691588785,107
TR1083*0100*2000*02_A1,37.0,0.5181818181818182,0.7636363636363637,0.18181818181818182,0.05454545454545454,0.23636363636363636,1.9,110
TR1083*0100*2000*02_A2,37.0,0.693069306930693,0.8316831683168316,0.16831683168316833,0.0,0.16831683168316833,1.5247524752475248,101
TR1084*0100*2000*02_A1,28.0,0.6619718309859155,0.9014084507042254,0.09859154929577464,0.0,0.09859154929577464,1.4366197183098592,71
TR1084*0100*2000*02_A4,28.0,0.7763157894736842,0.9342105263157895,0.06578947368421052,0.0,0.06578947368421052,1.3026315789473684,76
TR1102*0100*2000*02_A1,24.0,0.6428571428571429,0.8095238095238095,0.16666666666666666,0.023809523809523808,0.19047619047619047,1.619047619047619,84
TR1102*0100*2000*02_A2,24.0,0.5777777777777777,0.7,0.3,0.0,0.3,1.8222222222222222,90
TR1107*0100*2000*02_A1,27.0,0.5454545454545454,0.7424242424242424,0.21212121212121213,0.045454545454545456,0.25757575757575757,1.8484848484848484,66
TR1107*0100*2000*02_A2,27.0,0.6666666666666666,0.8,0.2,0.0,0.2,1.56,75
TR176*0100*2000*02_A1,34.0,0.632183908045977,0.8505747126436781,0.12643678160919541,0.022988505747126436,0.14942528735632185,1.5977011494252873,87
TR176*0100*2000*02_A2,34.0,0.5045045045045045,0.7477477477477478,0.25225225225225223,0.0,0.25225225225225223,1.8198198198198199,111
TR205*0100*2000*02_A1,27.0,0.7125,0.875,0.1125,0.0125,0.125,1.45,80
TR205*0100*2000*02_A2,27.0,0.5844155844155844,0.7012987012987013,0.2987012987012987,0.0,0.2987012987012987,1.7662337662337662,77
TR206*0100*2000*02_A1,31.0,0.620253164556962,0.8481012658227848,0.12658227848101267,0.02531645569620253,0.1518987341772152,1.5822784810126582,79
TR206*0100*2000*02_A2,31.0,0.625,0.7613636363636364,0.23863636363636365,0.0,0.23863636363636365,1.7045454545454546,88
TR213*0100*2000*02_A1,37.0,0.5942028985507246,0.8188405797101449,0.16666666666666666,0.014492753623188406,0.18115942028985507,1.6594202898550725,138
TR213*0100*2000*02_A3,37.0,0.6298342541436464,0.856353591160221,0.13259668508287292,0.011049723756906077,0.143646408839779,1.5856353591160222,181
TR221*0100*2000*02_A1,29.0,0.6043956043956044,0.8241758241758241,0.15384615384615385,0.02197802197802198,0.17582417582417584,1.6593406593406594,91
TR221*0100*2000*02_A2,29.0,0.7096774193548387,0.8494623655913979,0.15053763440860216,0.0,0.15053763440860216,1.4731182795698925,93
TR222*0100*2000*02_A1,31.0,0.5733333333333334,0.8133333333333334,0.14666666666666667,0.04,0.18666666666666668,1.72,75
TR222*0100*2000*02_A2,31.0,0.5229357798165137,0.7247706422018348,0.25688073394495414,0.01834862385321101,0.27522935779816515,1.8807339449541285,109
TR223*0100*2000*02_A1,16.0,0.5421686746987951,0.8554216867469879,0.14457831325301204,0.0,0.14457831325301204,1.6265060240963856,83
TR223*0100*2000*02_A5.3,16.0,0.6814159292035398,0.8407079646017699,0.1504424778761062,0.008849557522123894,0.1592920353982301,1.5044247787610618,113
TR224*0100*2000*02_A1,24.0,0.6329113924050633,0.8481012658227848,0.12658227848101267,0.02531645569620253,0.1518987341772152,1.5949367088607596,79
TR224*0100*2000*02_A5b,24.0,0.6486486486486487,0.8513513513513513,0.14864864864864866,0.0,0.14864864864864866,1.5405405405405406,74
TR226*0100*2000*02_A1,25.0,0.7040816326530612,0.8979591836734694,0.08163265306122448,0.02040816326530612,0.10204081632653061,1.4387755102040816,98
TR226*0100*2000*02_A4,25.0,0.8173913043478261,0.9217391304347826,0.0782608695652174,0.0,0.0782608695652174,1.2608695652173914,115
TR227*0100*2000*02_A1,27.0,0.6,0.8380952380952381,0.10476190476190476,0.05714285714285714,0.1619047619047619,1.7047619047619047,105
TR227*0100*2000*02_A2,27.0,0.5630252100840336,0.773109243697479,0.226890756302521,0.0,0.226890756302521,1.7394957983193278,119
TR230*0100*2000*02_A1,23.0,0.7073170731707317,0.8455284552845529,0.13821138211382114,0.016260162601626018,0.15447154471544716,1.5203252032520325,123
TR230*0100*2000*02_A2,23.0,0.6097560975609756,0.8211382113821138,0.16260162601626016,0.016260162601626018,0.17886178861788618,1.6585365853658536,123
TR232*0100*2000*02_A1,22.0,0.6022727272727273,0.8409090909090909,0.1590909090909091,0.0,0.1590909090909091,1.5909090909090908,88
TR232*0100*2000*02_A4,22.0,0.7545454545454545,0.9181818181818182,0.07272727272727272,0.00909090909090909,0.08181818181818182,1.3636363636363635,110
TR236*0100*2000*02_A1,24.0,0.5909090909090909,0.8295454545454546,0.1590909090909091,0.011363636363636364,0.17045454545454544,1.6477272727272727,88
TR236*0100*2000*02_A3,24.0,0.5841584158415841,0.7920792079207921,0.18811881188118812,0.019801980198019802,0.2079207920792079,1.693069306930693,101
TR237*0100*2000*02_A1,32.0,0.5315315315315315,0.7747747747747747,0.21621621621621623,0.009009009009009009,0.22522522522522523,1.7477477477477477,111
TR237*0100*2000*02_A3,32.0,0.6129032258064516,0.7983870967741935,0.18548387096774194,0.016129032258064516,0.20161290322580644,1.6935483870967742,124
TR239*0100*2000*02_A1,34.0,0.5909090909090909,0.8181818181818182,0.10606060606060606,0.07575757575757576,0.18181818181818182,1.7575757575757576,66
TR239*0100*2000*02_A4,34.0,0.82,0.93,0.07,0.0,0.07,1.27,100
TR26*0100*2000*02_A1,34.0,0.6293103448275862,0.8275862068965517,0.16379310344827586,0.008620689655172414,0.1724137931034483,1.603448275862069,116
TR26*0100*2000*02_A2,34.0,0.61,0.78,0.2,0.02,0.22,1.71,100
TR28*0100*2000*02_A1,24.0,0.5555555555555556,0.7222222222222222,0.2361111111111111,0.041666666666666664,0.2777777777777778,1.8611111111111112,72
TR28*0100*2000*02_A3,24.0,0.6031746031746031,0.6666666666666666,0.31746031746031744,0.015873015873015872,0.3333333333333333,1.873015873015873,63
TR33*0100*2000*02_A1,30.0,0.6170212765957447,0.8191489361702128,0.14893617021276595,0.031914893617021274,0.18085106382978725,1.648936170212766,94
TR33*0100*2000*02_A3,30.0,0.7764705882352941,0.8588235294117647,0.1411764705882353,0.0,0.1411764705882353,1.411764705882353,85
TR38*0100*2000*02_A1,35.0,0.6702127659574468,0.8829787234042553,0.10638297872340426,0.010638297872340425,0.11702127659574468,1.4787234042553192,94
TR38*0100*2000*02_A2,35.0,0.6090909090909091,0.8272727272727273,0.16363636363636364,0.00909090909090909,0.17272727272727273,1.6363636363636365,110
TR264*0100*2000*02_A1,31.0,0.6707317073170732,0.9146341463414634,0.08536585365853659,0.0,0.08536585365853659,1.4390243902439024,82
TR264*0100*2000*02_A4,31.0,0.6261682242990654,0.9065420560747663,0.07476635514018691,0.018691588785046728,0.09345794392523364,1.5233644859813085,107
TR272*0100*2000*02_A1,27.0,0.5087719298245614,0.8070175438596491,0.12280701754385964,0.07017543859649122,0.19298245614035087,1.8245614035087718,57
TR272*0100*2000*02_A2,27.0,0.7078651685393258,0.8426966292134831,0.15730337078651685,0.0,0.15730337078651685,1.4943820224719102,89
TR322*0100*2000*02_A1,28.0,0.6875,0.875,0.1125,0.0125,0.125,1.4625,80
TR322*0100*2000*02_A5b,28.0,0.6938775510204082,0.8673469387755102,0.1326530612244898,0.0,0.1326530612244898,1.469387755102041,98
TR323*0100*2000*02_A1,21.0,0.7125,0.8625,0.1125,0.025,0.1375,1.4875,80
TR323*0100*2000*02_A5b,21.0,0.7575757575757576,0.8939393939393939,0.09090909090909091,0.015151515151515152,0.10606060606060606,1.4090909090909092,66
TR362*0100*2000*02_A1,32.0,0.5869565217391305,0.8152173913043478,0.16304347826086957,0.021739130434782608,0.18478260869565216,1.641304347826087,92
TR362*0100*2000*02_A3,32.0,0.5061728395061729,0.6790123456790124,0.30864197530864196,0.012345679012345678,0.32098765432098764,1.962962962962963,81
TR368*0100*2000*02_A1,30.0,0.7407407407407407,0.8765432098765432,0.08641975308641975,0.037037037037037035,0.12345679012345678,1.4691358024691359,81
TR368*0100*2000*02_A2,30.0,0.6376811594202898,0.8260869565217391,0.17391304347826086,0.0,0.17391304347826086,1.5797101449275361,69
TR369*0100*2000*02_A1,19.0,0.6164383561643836,0.7945205479452054,0.1780821917808219,0.0273972602739726,0.2054794520547945,1.6849315068493151,73
TR369*0100*2000*02_A2,19.0,0.5555555555555556,0.7592592592592593,0.2037037037037037,0.037037037037037035,0.24074074074074073,1.7592592592592593,54
TR371*0100*2000*02_A1,31.0,0.6781609195402298,0.8850574712643678,0.10344827586206896,0.011494252873563218,0.11494252873563218,1.4942528735632183,87
TR371*0100*2000*02_A2,31.0,0.6705882352941176,0.8352941176470589,0.16470588235294117,0.0,0.16470588235294117,1.5294117647058822,85
TR376*0100*2000*02_A1,21.0,0.5739130434782609,0.8173913043478261,0.1565217391304348,0.02608695652173913,0.1826086956521739,1.6869565217391305,115
TR376*0100*2000*02_A3,21.0,0.5887096774193549,0.8225806451612904,0.16129032258064516,0.016129032258064516,0.1774193548387097,1.6774193548387097,124
TR377*0100*2000*02_A1,25.0,0.547945205479452,0.8356164383561644,0.1506849315068493,0.0136986301369863,0.1643835616438356,1.6849315068493151,73
TR377*0100*2000*02_A3,25.0,0.651685393258427,0.8426966292134831,0.1348314606741573,0.02247191011235955,0.15730337078651685,1.5842696629213484,89
TR388*0100*2000*02_A1,38.0,0.5824175824175825,0.7802197802197802,0.18681318681318682,0.03296703296703297,0.21978021978021978,1.7692307692307692,91
TR388*0100*2000*02_A4,38.0,0.5368421052631579,0.8,0.14736842105263157,0.05263157894736842,0.2,1.8736842105263158,95
TR390*0100*2000*02_A1,35.0,0.6276595744680851,0.7978723404255319,0.18085106382978725,0.02127659574468085,0.20212765957446807,1.6702127659574468,94
TR390*0100*2000*02_A5b,35.0,0.6788990825688074,0.8990825688073395,0.09174311926605505,0.009174311926605505,0.10091743119266056,1.4495412844036697,109
TR391*0100*2000*02_A1,24.0,0.5391304347826087,0.8173913043478261,0.16521739130434782,0.017391304347826087,0.1826086956521739,1.7217391304347827,115
TR391*0100*2000*02_A4,24.0,0.651685393258427,0.8651685393258427,0.12359550561797752,0.011235955056179775,0.1348314606741573,1.5393258426966292,89
TR791*0100*2000*02_A1,29.0,0.6506024096385542,0.8674698795180723,0.0963855421686747,0.03614457831325301,0.13253012048192772,1.5542168674698795,83
TR791*0100*2000*02_A2,29.0,0.574468085106383,0.7340425531914894,0.26595744680851063,0.0,0.26595744680851063,1.7340425531914894,94
TR392*0100*2000*02_A1,25.0,0.6046511627906976,0.813953488372093,0.16279069767441862,0.023255813953488372,0.18604651162790697,1.6395348837209303,86
TR392*0100*2000*02_A4,25.0,0.6714285714285714,0.9428571428571428,0.05714285714285714,0.0,0.05714285714285714,1.4,140
TR394*0100*2000*02_A1,25.0,0.5,0.7884615384615384,0.17307692307692307,0.038461538461538464,0.21153846153846154,1.8461538461538463,104
TR394*0100*2000*02_A3,25.0,0.6132075471698113,0.7641509433962265,0.20754716981132076,0.02830188679245283,0.2358490566037736,1.7452830188679245,106
TR401*0100*2000*02_A1,25.0,0.5348837209302325,0.7790697674418605,0.22093023255813954,0.0,0.22093023255813954,1.744186046511628,86
TR401*0100*2000*02_A2,25.0,0.620253164556962,0.6962025316455697,0.26582278481012656,0.0379746835443038,0.3037974683544304,1.8734177215189873,79
TR402*0100*2000*02_A1,33.0,0.6385542168674698,0.891566265060241,0.07228915662650602,0.03614457831325301,0.10843373493975904,1.5542168674698795,83
TR402*0100*2000*02_A2,33.0,0.6630434782608695,0.7717391304347826,0.22826086956521738,0.0,0.22826086956521738,1.608695652173913,92
TR404*0100*2000*02_A1,35.0,0.6111111111111112,0.8111111111111111,0.16666666666666666,0.022222222222222223,0.18888888888888888,1.6777777777777778,90
TR404*0100*2000*02_A4,35.0,0.734375,0.9296875,0.0625,0.0078125,0.0703125,1.359375,128
TR414*0100*2000*02_A1,26.0,0.6551724137931034,0.8275862068965517,0.14942528735632185,0.022988505747126436,0.1724137931034483,1.5862068965517242,87
TR414*0100*2000*02_A4,26.0,0.6907216494845361,0.8762886597938144,0.12371134020618557,0.0,0.12371134020618557,1.4742268041237114,97
TR415*0100*2000*02_A1,27.0,0.6527777777777778,0.8472222222222222,0.1388888888888889,0.013888888888888888,0.1527777777777778,1.5555555555555556,72
TR415*0100*2000*02_A3,27.0,0.6933333333333334,0.8,0.18666666666666668,0.013333333333333334,0.2,1.5733333333333333,75
TR7*0100*2000*01_A1,24.0,0.7283950617283951,0.9259259259259259,0.06172839506172839,0.012345679012345678,0.07407407407407407,1.3703703703703705,81
TR7*0100*2000*01_A4,24.0,0.6744186046511628,0.9534883720930233,0.046511627906976744,0.0,0.046511627906976744,1.372093023255814,86
TR11*0100*2000*01_A1,37.0,0.7142857142857143,0.865546218487395,0.09243697478991597,0.04201680672268908,0.13445378151260504,1.5294117647058822,119
TR11*0100*2000*01_A3,37.0,0.5815602836879432,0.75177304964539,0.23404255319148937,0.014184397163120567,0.24822695035460993,1.7872340425531914,141
TR16*0100*2000*01_A1,28.0,0.7207207207207207,0.8738738738738738,0.0990990990990991,0.02702702702702703,0.12612612612612611,1.4954954954954955,111
TR16*0100*2000*01_A4,28.0,0.7567567567567568,0.9459459459459459,0.05405405405405406,0.0,0.05405405405405406,1.3243243243243243,74
TR17*0100*2000*01_A1,19.0,0.7637795275590551,0.889763779527559,0.09448818897637795,0.015748031496062992,0.11023622047244094,1.3858267716535433,127
TR17*0100*2000*01_A3,19.0,0.7899159663865546,0.957983193277311,0.04201680672268908,0.0,0.04201680672268908,1.2605042016806722,119
TR418*0100*2000*01_A1,29.0,0.7608695652173914,0.9239130434782609,0.06521739130434782,0.010869565217391304,0.07608695652173914,1.3478260869565217,92
TR418*0100*2000*01_A5a,29.0,0.6630434782608695,0.7934782608695652,0.1956521739130435,0.010869565217391304,0.20652173913043478,1.6195652173913044,92
TR425*0100*2000*01_A1,30.0,0.7289719626168224,0.8691588785046729,0.102803738317757,0.028037383177570093,0.1308411214953271,1.5046728971962617,107
TR425*0100*2000*01_A4,30.0,0.7029702970297029,0.9603960396039604,0.039603960396039604,0.0,0.039603960396039604,1.3465346534653466,101
TR427*0100*2000*01_A1,27.0,0.6629213483146067,0.8876404494382022,0.07865168539325842,0.033707865168539325,0.11235955056179775,1.5280898876404494,89
TR427*0100*2000*01_A3,27.0,0.7540983606557377,0.9180327868852459,0.08196721311475409,0.0,0.08196721311475409,1.3442622950819672,61
TR430*0100*2000*01_A1,30.0,0.7717391304347826,0.9130434782608695,0.07608695652173914,0.010869565217391304,0.08695652173913043,1.3369565217391304,92
TR430*0100*2000*01_A3,30.0,0.7633587786259542,0.916030534351145,0.08396946564885496,0.0,0.08396946564885496,1.3282442748091603,131
TR431*0100*2000*01_A1,27.0,0.7235772357723578,0.9349593495934959,0.056910569105691054,0.008130081300813009,0.06504065040650407,1.3658536585365855,123
TR431*0100*2000*01_A4,27.0,0.6024096385542169,0.8433734939759037,0.1566265060240964,0.0,0.1566265060240964,1.5783132530120483,83
TR79*0100*2000*01_A1,26.0,0.7052631578947368,0.8947368421052632,0.09473684210526316,0.010526315789473684,0.10526315789473684,1.4421052631578948,95
TR79*0100*2000*01_A3,26.0,0.5981308411214953,0.7757009345794392,0.21495327102803738,0.009345794392523364,0.22429906542056074,1.719626168224299,107
TR436*0100*2000*01_A1,35.0,0.651685393258427,0.8876404494382022,0.0898876404494382,0.02247191011235955,0.11235955056179775,1.5056179775280898,89
TR436*0100*2000*01_A4,35.0,0.7625,0.925,0.075,0.0,0.075,1.3125,80
TR438*0100*2000*01_A1,29.0,0.6875,0.8645833333333334,0.125,0.010416666666666666,0.13541666666666666,1.4791666666666667,96
TR438*0100*2000*01_A3,29.0,0.7184466019417476,0.8737864077669902,0.0970873786407767,0.02912621359223301,0.1262135922330097,1.5339805825242718,103
TR442*0100*2000*01_A1,32.0,0.7872340425531915,0.925531914893617,0.07446808510638298,0.0,0.07446808510638298,1.3085106382978724,94
TR442*0100*2000*01_A4,32.0,0.6818181818181818,0.9318181818181818,0.06818181818181818,0.0,0.06818181818181818,1.3863636363636365,88
TR443*0100*2000*01_A1,38.0,0.6460176991150443,0.8584070796460177,0.12389380530973451,0.017699115044247787,0.1415929203539823,1.575221238938053,113
TR443*0100*2000*01_A2,38.0,0.7731958762886598,0.8762886597938144,0.12371134020618557,0.0,0.12371134020618557,1.3917525773195876,97
TR446*0100*2000*01_A1,19.0,0.7967479674796748,0.959349593495935,0.032520325203252036,0.008130081300813009,0.04065040650406504,1.2601626016260163,123
TR446*0100*2000*01_A3,19.0,0.8208955223880597,0.9402985074626866,0.05970149253731343,0.0,0.05970149253731343,1.2388059701492538,67
TR451*0100*2000*01_A1,37.0,0.7230769230769231,0.9076923076923077,0.08461538461538462,0.007692307692307693,0.09230769230769231,1.4,130
TR451*0100*2000*01_A4,37.0,0.5867768595041323,0.9008264462809917,0.09090909090909091,0.008264462809917356,0.09917355371900827,1.5454545454545454,121
TR453*0100*2000*01_A1,33.0,0.7011494252873564,0.8160919540229885,0.14942528735632185,0.034482758620689655,0.1839080459770115,1.5977011494252873,87
TR453*0100*2000*01_A4,33.0,0.5769230769230769,0.8589743589743589,0.1282051282051282,0.01282051282051282,0.14102564102564102,1.6666666666666667,78
TR80*0100*2000*01_A1,29.0,0.7682119205298014,0.9205298013245033,0.06622516556291391,0.013245033112582781,0.07947019867549669,1.3708609271523178,151
TR80*0100*2000*01_A3,29.0,0.7878787878787878,0.898989898989899,0.10101010101010101,0.0,0.10101010101010101,1.3333333333333333,99
TR456*0100*2000*01_A1,21.0,0.7912087912087912,0.9340659340659341,0.054945054945054944,0.01098901098901099,0.06593406593406594,1.3186813186813187,91
TR456*0100*2000*01_A4,21.0,0.6979166666666666,0.90625,0.09375,0.0,0.09375,1.40625,96
TR458*0100*2000*01_A1,27.0,0.7263157894736842,0.9157894736842105,0.05263157894736842,0.031578947368421054,0.08421052631578947,1.4210526315789473,95
TR458*0100*2000*01_A3,27.0,0.8137254901960784,0.9803921568627451,0.0196078431372549,0.0,0.0196078431372549,1.2156862745098038,102
TR459*0100*2000*01_A1,32.0,0.8015873015873016,0.8968253968253969,0.0873015873015873,0.015873015873015872,0.10317460317460317,1.373015873015873,126
TR459*0100*2000*01_A4,32.0,0.7840909090909091,0.9886363636363636,0.011363636363636364,0.0,0.011363636363636364,1.2272727272727273,88
TR465*0100*2000*01_A1,21.0,0.8169014084507042,0.9014084507042254,0.07042253521126761,0.028169014084507043,0.09859154929577464,1.352112676056338,71
TR465*0100*2000*01_A2,21.0,0.7457627118644068,0.9491525423728814,0.05084745762711865,0.0,0.05084745762711865,1.3220338983050848,59
TR467*0100*2000*01_A1,24.0,0.6590909090909091,0.8863636363636364,0.09090909090909091,0.022727272727272728,0.11363636363636363,1.5227272727272727,88
TR467*0100*2000*01_A2,24.0,0.6956521739130435,0.855072463768116,0.14492753623188406,0.0,0.14492753623188406,1.536231884057971,69
TR468*0100*2000*01_A1,21.0,0.7567567567567568,0.9324324324324325,0.05405405405405406,0.013513513513513514,0.06756756756756757,1.3513513513513513,74
TR468*0100*2000*01_A4,21.0,0.8055555555555556,0.9305555555555556,0.06944444444444445,0.0,0.06944444444444445,1.2777777777777777,72
TR469*0100*2000*01_A1,24.0,0.75,0.9239130434782609,0.05434782608695652,0.021739130434782608,0.07608695652173914,1.3804347826086956,92
TR469*0100*2000*01_A4,24.0,0.8072289156626506,0.9518072289156626,0.03614457831325301,0.012048192771084338,0.04819277108433735,1.2891566265060241,83
TR472*0100*2000*01_A1,32.0,0.5555555555555556,0.7444444444444445,0.2222222222222222,0.03333333333333333,0.25555555555555554,1.8555555555555556,90
TR472*0100*2000*01_A4,32.0,0.7532467532467533,0.9090909090909091,0.09090909090909091,0.0,0.09090909090909091,1.3766233766233766,77
TR81*0100*2000*01_A1,32.0,0.5904761904761905,0.8761904761904762,0.10476190476190476,0.01904761904761905,0.12380952380952381,1.5809523809523809,105
TR81*0100*2000*01_A2,32.0,0.5625,0.8375,0.1625,0.0,0.1625,1.6625,80
TR475*0100*2000*01_A1,31.0,0.632183908045977,0.8850574712643678,0.10344827586206896,0.011494252873563218,0.11494252873563218,1.5402298850574712,87
TR475*0100*2000*01_A3,31.0,0.7777777777777778,0.9305555555555556,0.06944444444444445,0.0,0.06944444444444445,1.2916666666666667,72
TR478*0100*2000*01_A1,26.0,0.6195652173913043,0.8152173913043478,0.15217391304347827,0.03260869565217391,0.18478260869565216,1.6521739130434783,92
TR478*0100*2000*01_A4,26.0,0.5858585858585859,0.898989898989899,0.10101010101010101,0.0,0.10101010101010101,1.5555555555555556,99
TR480*0100*2000*01_A1,24.0,0.6923076923076923,0.8461538461538461,0.12307692307692308,0.03076923076923077,0.15384615384615385,1.6,65
TR480*0100*2000*01_A3,24.0,0.775,0.8875,0.1125,0.0,0.1125,1.35,80
TR482*0100*2000*01_A1,23.0,0.7032967032967034,0.9120879120879121,0.07692307692307693,0.01098901098901099,0.08791208791208792,1.4615384615384615,91
TR482*0100*2000*01_A3,23.0,0.7555555555555555,0.8666666666666667,0.12222222222222222,0.011111111111111112,0.13333333333333333,1.4333333333333333,90
TR485*0100*2000*01_A1,26.0,0.7251908396946565,0.9236641221374046,0.05343511450381679,0.022900763358778626,0.07633587786259542,1.3969465648854962,131
TR485*0100*2000*01_A4,26.0,0.7425149700598802,0.9580838323353293,0.041916167664670656,0.0,0.041916167664670656,1.3053892215568863,167
TR486*0100*2000*01_A1,21.0,0.6928571428571428,0.8785714285714286,0.08571428571428572,0.03571428571428571,0.12142857142857143,1.5285714285714285,140
TR486*0100*2000*01_A4,21.0,0.7808219178082192,0.958904109589041,0.0410958904109589,0.0,0.0410958904109589,1.2602739726027397,73
TR487*0100*2000*01_A1,25.0,0.6881720430107527,0.8279569892473119,0.13978494623655913,0.03225806451612903,0.17204301075268819,1.5913978494623655,93
TR487*0100*2000*01_A4,25.0,0.7333333333333333,0.9,0.08888888888888889,0.011111111111111112,0.1,1.4111111111111112,90
TR488*0100*2000*01_A1,28.0,0.6796116504854369,0.8932038834951457,0.0970873786407767,0.009708737864077669,0.10679611650485436,1.4563106796116505,103
TR488*0100*2000*01_A2,28.0,0.5959595959595959,0.8484848484848485,0.15151515151515152,0.0,0.15151515151515152,1.6161616161616161,99
TR489*0100*2000*01_A1,36.0,0.6776859504132231,0.8512396694214877,0.14049586776859505,0.008264462809917356,0.1487603305785124,1.5289256198347108,121
TR489*0100*2000*01_A4,36.0,0.6290322580645161,0.9193548387096774,0.08064516129032258,0.0,0.08064516129032258,1.467741935483871,124
TR491*0100*2000*01_A1,38.0,0.5595238095238095,0.8333333333333334,0.14285714285714285,0.023809523809523808,0.16666666666666666,1.7142857142857142,84
TR491*0100*2000*01_A2,38.0,0.7142857142857143,0.9,0.08571428571428572,0.014285714285714285,0.1,1.457142857142857,70
TR493*0100*2000*01_A1,26.0,0.71,0.84,0.13,0.03,0.16,1.55,100
TR493*0100*2000*01_A4,26.0,0.7317073170731707,0.9024390243902439,0.0975609756097561,0.0,0.0975609756097561,1.3902439024390243,82
TR495*0100*2000*01_A1,32.0,0.7410714285714286,0.8839285714285714,0.08928571428571429,0.026785714285714284,0.11607142857142858,1.4553571428571428,112
TR495*0100*2000*01_A3,32.0,0.6907216494845361,0.8969072164948454,0.10309278350515463,0.0,0.10309278350515463,1.4329896907216495,97
TR496*0100*2000*01_A1,31.0,0.6666666666666666,0.8290598290598291,0.13675213675213677,0.03418803418803419,0.17094017094017094,1.5982905982905984,117
TR496*0100*2000*01_A2,31.0,0.6634615384615384,0.8269230769230769,0.17307692307692307,0.0,0.17307692307692307,1.5480769230769231,104
TR497*0100*2000*01_A1,31.0,0.6826923076923077,0.9038461538461539,0.07692307692307693,0.019230769230769232,0.09615384615384616,1.4711538461538463,104
TR497*0100*2000*01_A2,31.0,0.6923076923076923,0.8131868131868132,0.18681318681318682,0.0,0.18681318681318682,1.5604395604395604,91
TR499*0100*2000*01_A1,36.0,0.7547169811320755,0.9245283018867925,0.07547169811320754,0.0,0.07547169811320754,1.3396226415094339,106
TR499*0100*2000*01_A4,36.0,0.68,0.89,0.11,0.0,0.11,1.45,100
TR502*0100*2000*01_A1,31.0,0.6555555555555556,0.8666666666666667,0.12222222222222222,0.011111111111111112,0.13333333333333333,1.5444444444444445,90
TR502*0100*2000*01_A3,31.0,0.6811594202898551,0.8840579710144928,0.11594202898550725,0.0,0.11594202898550725,1.434782608695652,69
TR506*0100*2000*01_A1,29.0,0.7980769230769231,0.9038461538461539,0.08653846153846154,0.009615384615384616,0.09615384615384616,1.3173076923076923,104
TR506*0100*2000*01_A3,29.0,0.7358490566037735,0.9433962264150944,0.05660377358490566,0.0,0.05660377358490566,1.320754716981132,53
TR514*0100*2000*01_A1,32.0,0.6847826086956522,0.8369565217391305,0.13043478260869565,0.03260869565217391,0.16304347826086957,1.5869565217391304,92
TR514*0100*2000*01_A3,32.0,0.6857142857142857,0.8095238095238095,0.1619047619047619,0.02857142857142857,0.19047619047619047,1.6,105
TR515*0100*2000*01_A1,22.0,0.7166666666666667,0.8833333333333333,0.09166666666666666,0.025,0.11666666666666667,1.5,120
TR515*0100*2000*01_A4,22.0,0.717948717948718,0.8803418803418803,0.10256410256410256,0.017094017094017096,0.11965811965811966,1.4615384615384615,117
TR516*0100*2000*01_A1,25.0,0.7032967032967034,0.9560439560439561,0.04395604395604396,0.0,0.04395604395604396,1.3516483516483517,91
TR516*0100*2000*01_A2,25.0,0.7176470588235294,0.9176470588235294,0.08235294117647059,0.0,0.08235294117647059,1.4,85
TR518*0100*2000*01_A1,27.0,0.647887323943662,0.8873239436619719,0.09859154929577464,0.014084507042253521,0.11267605633802817,1.5352112676056338,71
TR518*0100*2000*01_A2,27.0,0.5783132530120482,0.7951807228915663,0.1566265060240964,0.04819277108433735,0.20481927710843373,1.7951807228915662,83
TR525*0100*2000*01_A1,24.0,0.7204301075268817,0.9032258064516129,0.08602150537634409,0.010752688172043012,0.0967741935483871,1.4086021505376345,93
TR525*0100*2000*01_A2,24.0,0.7763157894736842,0.8947368421052632,0.10526315789473684,0.0,0.10526315789473684,1.368421052631579,76
TR527*0100*2000*01_A1,29.0,0.6583333333333333,0.8916666666666667,0.08333333333333333,0.025,0.10833333333333334,1.5,120
TR527*0100*2000*01_A4,29.0,0.7924528301886793,0.9150943396226415,0.08490566037735849,0.0,0.08490566037735849,1.2924528301886793,106
TR84*0100*2000*01_A1,32.0,0.7480916030534351,0.9465648854961832,0.03816793893129771,0.015267175572519083,0.05343511450381679,1.3358778625954197,131
TR84*0100*2000*01_A4,32.0,0.696969696969697,0.8939393939393939,0.10606060606060606,0.0,0.10606060606060606,1.4242424242424243,132
TR534*0100*2000*01_A1,35.0,0.7297297297297297,0.918918918918919,0.06756756756756757,0.013513513513513514,0.08108108108108109,1.3783783783783783,74
TR534*0100*2000*01_A2,35.0,0.611764705882353,0.8705882352941177,0.11764705882352941,0.011764705882352941,0.12941176470588237,1.576470588235294,85
TR536*0100*2000*01_A1,31.0,0.6842105263157895,0.8736842105263158,0.10526315789473684,0.021052631578947368,0.12631578947368421,1.5263157894736843,95
TR536*0100*2000*01_A3,31.0,0.7130434782608696,0.8782608695652174,0.11304347826086956,0.008695652173913044,0.12173913043478261,1.4521739130434783,115
TR540*0100*2000*01_A1,23.0,0.6732673267326733,0.8712871287128713,0.10891089108910891,0.019801980198019802,0.12871287128712872,1.5445544554455446,101
TR540*0100*2000*01_A2,23.0,0.5679012345679012,0.7407407407407407,0.2345679012345679,0.024691358024691357,0.25925925925925924,1.8148148148148149,81
TR544*0100*2000*01_A1,23.0,0.5517241379310345,0.8505747126436781,0.11494252873563218,0.034482758620689655,0.14942528735632185,1.7126436781609196,87
TR544*0100*2000*01_A3,23.0,0.6190476190476191,0.7976190476190477,0.19047619047619047,0.011904761904761904,0.20238095238095238,1.6666666666666667,84
TR547*0100*2000*01_A1,24.0,0.7590361445783133,0.927710843373494,0.07228915662650602,0.0,0.07228915662650602,1.3132530120481927,83
TR547*0100*2000*01_A3,24.0,0.7536231884057971,0.927536231884058,0.07246376811594203,0.0,0.07246376811594203,1.3333333333333333,69
TR556*0100*2000*01_A1,32.0,0.6821705426356589,0.8914728682170543,0.08527131782945736,0.023255813953488372,0.10852713178294573,1.503875968992248,129
TR556*0100*2000*01_A3,32.0,0.711340206185567,0.9175257731958762,0.07216494845360824,0.010309278350515464,0.08247422680412371,1.422680412371134,97
TR557*0100*2000*01_A1,21.0,0.7528089887640449,0.9101123595505618,0.06741573033707865,0.02247191011235955,0.0898876404494382,1.3820224719101124,89
TR557*0100*2000*01_A3,21.0,0.8588235294117647,0.9647058823529412,0.03529411764705882,0.0,0.03529411764705882,1.1764705882352942,85
TR558*0100*2000*01_A1,24.0,0.7191011235955056,0.8764044943820225,0.10112359550561797,0.02247191011235955,0.12359550561797752,1.4831460674157304,89
TR558*0100*2000*01_A3,24.0,0.7471264367816092,0.9310344827586207,0.06896551724137931,0.0,0.06896551724137931,1.3563218390804597,87
TR44*0100*2000*01_A1,34.0,0.7450980392156863,0.8921568627450981,0.08823529411764706,0.0196078431372549,0.10784313725490197,1.4313725490196079,102
TR44*0100*2000*01_A2,34.0,0.6567164179104478,0.8656716417910447,0.1044776119402985,0.029850746268656716,0.13432835820895522,1.5820895522388059,67
TR46*0100*2000*01_A1,37.0,0.65625,0.8333333333333334,0.14583333333333334,0.020833333333333332,0.16666666666666666,1.6354166666666667,96
TR46*0100*2000*01_A4,37.0,0.67,0.85,0.15,0.0,0.15,1.5,100
TR49*0100*2000*01_A1,27.0,0.71875,0.90625,0.08333333333333333,0.010416666666666666,0.09375,1.4166666666666667,96
TR49*0100*2000*01_A4,27.0,0.5862068965517241,0.8390804597701149,0.16091954022988506,0.0,0.16091954022988506,1.632183908045977,87
TR52*0100*2000*01_A1,26.0,0.7023809523809523,0.9285714285714286,0.05952380952380952,0.011904761904761904,0.07142857142857142,1.4047619047619047,84
TR52*0100*2000*01_A4,26.0,0.686046511627907,0.9767441860465116,0.023255813953488372,0.0,0.023255813953488372,1.3372093023255813,86
TR559*0100*2000*01_A1,25.0,0.8170731707317073,0.9024390243902439,0.07926829268292683,0.018292682926829267,0.0975609756097561,1.3353658536585367,164
TR559*0100*2000*01_A3,25.0,0.7862068965517242,0.9379310344827586,0.06206896551724138,0.0,0.06206896551724138,1.282758620689655,145
TR560*0100*2000*01_A1,23.0,0.6526315789473685,0.8631578947368421,0.11578947368421053,0.021052631578947368,0.1368421052631579,1.5263157894736843,95
TR560*0100*2000*01_A4,23.0,0.6666666666666666,0.9139784946236559,0.08602150537634409,0.0,0.08602150537634409,1.4408602150537635,93
TR562*0100*2000*01_A1,23.0,0.7608695652173914,0.9130434782608695,0.05434782608695652,0.03260869565217391,0.08695652173913043,1.423913043478261,92
TR562*0100*2000*01_A4,23.0,0.7415730337078652,0.9887640449438202,0.011235955056179775,0.0,0.011235955056179775,1.2696629213483146,89
TR563*0100*2000*01_A1,28.0,0.7228915662650602,0.891566265060241,0.08433734939759036,0.024096385542168676,0.10843373493975904,1.4698795180722892,83
TR563*0100*2000*01_A2,28.0,0.6463414634146342,0.8170731707317073,0.18292682926829268,0.0,0.18292682926829268,1.5731707317073171,82
TR567*0100*2000*01_A1,28.0,0.6770833333333334,0.8333333333333334,0.15625,0.010416666666666666,0.16666666666666666,1.5208333333333333,96
TR567*0100*2000*01_A4,28.0,0.6526315789473685,0.8947368421052632,0.10526315789473684,0.0,0.10526315789473684,1.4631578947368422,95
TR569*0100*2000*01_A1,16.0,0.680672268907563,0.8991596638655462,0.07563025210084033,0.025210084033613446,0.10084033613445378,1.4873949579831933,119
TR569*0100*2000*01_A2,16.0,0.65,0.8666666666666667,0.1,0.03333333333333333,0.13333333333333333,1.6166666666666667,60
TR570*0100*2000*01_A1,37.0,0.6204379562043796,0.8248175182481752,0.1678832116788321,0.0072992700729927005,0.17518248175182483,1.635036496350365,137
TR570*0100*2000*01_A2,37.0,0.54,0.7666666666666667,0.2,0.03333333333333333,0.23333333333333334,1.9,150
TR576*0100*2000*01_A1,34.0,0.6907216494845361,0.8865979381443299,0.09278350515463918,0.020618556701030927,0.1134020618556701,1.4948453608247423,97
TR576*0100*2000*01_A4,34.0,0.7560975609756098,0.9512195121951219,0.04878048780487805,0.0,0.04878048780487805,1.3048780487804879,82
TR577*0100*2000*01_A1,29.0,0.69,0.87,0.12,0.01,0.13,1.47,100
TR577*0100*2000*01_A3,29.0,0.7297297297297297,0.8918918918918919,0.0945945945945946,0.013513513513513514,0.10810810810810811,1.4189189189189189,74
TR87*0100*2000*01_A1,31.0,0.5754716981132075,0.839622641509434,0.14150943396226415,0.018867924528301886,0.16037735849056603,1.6886792452830188,106
TR87*0100*2000*01_A3,31.0,0.6458333333333334,0.8125,0.1875,0.0,0.1875,1.5833333333333333,96
TR580*0100*2000*01_A1,34.0,0.77,0.92,0.07,0.01,0.08,1.34,100
TR580*0100*2000*01_A4,34.0,0.652542372881356,0.8898305084745762,0.11016949152542373,0.0,0.11016949152542373,1.4745762711864407,118
TR581*0100*2000*01_A1,20.0,0.75,0.90625,0.0625,0.03125,0.09375,1.4166666666666667,96
TR581*0100*2000*01_A4,20.0,0.7439024390243902,0.8902439024390244,0.10975609756097561,0.0,0.10975609756097561,1.3780487804878048,82
TR583*0100*2000*01_A1,24.0,0.7592592592592593,0.9166666666666666,0.07407407407407407,0.009259259259259259,0.08333333333333333,1.3518518518518519,108
TR583*0100*2000*01_A2,24.0,0.7395833333333334,0.8541666666666666,0.125,0.020833333333333332,0.14583333333333334,1.5,96
TR585*0100*2000*01_A1,36.0,0.65625,0.8515625,0.1328125,0.015625,0.1484375,1.5625,128
TR585*0100*2000*01_A4,36.0,0.7328767123287672,0.910958904109589,0.08904109589041095,0.0,0.08904109589041095,1.3835616438356164,146
TR586*0100*2000*01_A1,30.0,0.711864406779661,0.8983050847457628,0.0847457627118644,0.01694915254237288,0.1016949152542373,1.4406779661016949,59
TR586*0100*2000*01_A3,30.0,0.7011494252873564,0.8620689655172413,0.13793103448275862,0.0,0.13793103448275862,1.471264367816092,87
TR588*0100*2000*01_A1,21.0,0.8222222222222222,0.9444444444444444,0.044444444444444446,0.011111111111111112,0.05555555555555555,1.2555555555555555,90
TR588*0100*2000*01_A2,21.0,0.7830188679245284,0.9339622641509434,0.04716981132075472,0.018867924528301886,0.0660377358490566,1.3396226415094339,106
TR592*0100*2000*01_A1,29.0,0.5730337078651685,0.8426966292134831,0.12359550561797752,0.033707865168539325,0.15730337078651685,1.7191011235955056,89
TR592*0100*2000*01_A4,29.0,0.7526881720430108,0.9354838709677419,0.06451612903225806,0.0,0.06451612903225806,1.3118279569892473,93
TR593*0100*2000*01_A1,36.0,0.6339285714285714,0.875,0.11607142857142858,0.008928571428571428,0.125,1.5446428571428572,112
TR593*0100*2000*01_A2,36.0,0.5974025974025974,0.8181818181818182,0.16883116883116883,0.012987012987012988,0.18181818181818182,1.6493506493506493,77
TR595*0100*2000*01_A1,32.0,0.7402597402597403,0.8961038961038961,0.07792207792207792,0.025974025974025976,0.1038961038961039,1.4415584415584415,77
TR595*0100*2000*01_A2,32.0,0.6951219512195121,0.8414634146341463,0.15853658536585366,0.0,0.15853658536585366,1.475609756097561,82
TR596*0100*2000*01_A1,28.0,0.6886792452830188,0.9056603773584906,0.07547169811320754,0.018867924528301886,0.09433962264150944,1.4528301886792452,106
TR596*0100*2000*01_A3,28.0,0.7821782178217822,0.8811881188118812,0.1188118811881188,0.0,0.1188118811881188,1.3564356435643565,101
TR597*0100*2000*01_A1,36.0,0.6262626262626263,0.8383838383838383,0.1414141414141414,0.020202020202020204,0.16161616161616163,1.5858585858585859,99
TR597*0100*2000*01_A3,36.0,0.4805194805194805,0.7207792207792207,0.23376623376623376,0.045454545454545456,0.2792207792207792,2.012987012987013,154
TR598*0100*2000*01_A1,34.0,0.8155339805825242,0.912621359223301,0.07766990291262135,0.009708737864077669,0.08737864077669903,1.3203883495145632,103
TR598*0100*2000*01_A4,34.0,0.6404494382022472,0.898876404494382,0.0898876404494382,0.011235955056179775,0.10112359550561797,1.5056179775280898,89
TR604*0100*2000*01_A1,38.0,0.6111111111111112,0.8555555555555555,0.13333333333333333,0.011111111111111112,0.14444444444444443,1.6222222222222222,90
TR604*0100*2000*01_A3,38.0,0.5531914893617021,0.7872340425531915,0.19148936170212766,0.02127659574468085,0.2127659574468085,1.7553191489361701,94
TR605*0100*2000*01_A1,25.0,0.7700534759358288,0.9251336898395722,0.06417112299465241,0.0106951871657754,0.0748663101604278,1.358288770053476,187
TR605*0100*2000*01_A4,25.0,0.7346153846153847,0.9346153846153846,0.057692307692307696,0.007692307692307693,0.06538461538461539,1.3576923076923078,260
TR608*0100*2000*01_A1,26.0,0.6309523809523809,0.8452380952380952,0.13095238095238096,0.023809523809523808,0.15476190476190477,1.5952380952380953,84
TR608*0100*2000*01_A4,26.0,0.7,0.93,0.07,0.0,0.07,1.37,100
TR609*0100*2000*01_A1,36.0,0.7142857142857143,0.8701298701298701,0.09090909090909091,0.03896103896103896,0.12987012987012986,1.5194805194805194,77
TR609*0100*2000*01_A4,36.0,0.7,0.9,0.1,0.0,0.1,1.425,80
TR611*0100*2000*01_A1,21.0,0.7319587628865979,0.8247422680412371,0.14432989690721648,0.030927835051546393,0.17525773195876287,1.5257731958762886,97
TR611*0100*2000*01_A4,21.0,0.6741573033707865,0.9438202247191011,0.056179775280898875,0.0,0.056179775280898875,1.3820224719101124,89
TR613*0100*2000*01_A1,28.0,0.7,0.83,0.15,0.02,0.17,1.59,100
TR613*0100*2000*01_A4,28.0,0.6811594202898551,0.855072463768116,0.14492753623188406,0.0,0.14492753623188406,1.4782608695652173,69
TR615*0100*2000*01_A1,27.0,0.7835820895522388,0.9402985074626866,0.05223880597014925,0.007462686567164179,0.05970149253731343,1.291044776119403,134
TR615*0100*2000*01_A3,27.0,0.7529411764705882,0.8941176470588236,0.09411764705882353,0.011764705882352941,0.10588235294117647,1.3764705882352941,85
TR618*0100*2000*01_A1,34.0,0.6451612903225806,0.7956989247311828,0.1935483870967742,0.010752688172043012,0.20430107526881722,1.6021505376344085,93
TR618*0100*2000*01_A4,34.0,0.6623376623376623,0.8701298701298701,0.12987012987012986,0.0,0.12987012987012986,1.5324675324675325,77
TR619*0100*2000*01_A1,31.0,0.6716417910447762,0.8507462686567164,0.12686567164179105,0.022388059701492536,0.14925373134328357,1.5522388059701493,134
TR619*0100*2000*01_A4,31.0,0.6448598130841121,0.897196261682243,0.102803738317757,0.0,0.102803738317757,1.4672897196261683,107
TR622*0100*2000*01_A1,30.0,0.6635514018691588,0.8598130841121495,0.12149532710280374,0.018691588785046728,0.14018691588785046,1.5420560747663552,107
TR622*0100*2000*01_A3,30.0,0.6404494382022472,0.797752808988764,0.16853932584269662,0.033707865168539325,0.20224719101123595,1.7078651685393258,89
TR623*0100*2000*01_A1,29.0,0.6666666666666666,0.8645833333333334,0.11458333333333333,0.020833333333333332,0.13541666666666666,1.5729166666666667,96
TR623*0100*2000*01_A3,29.0,0.6419753086419753,0.8271604938271605,0.16049382716049382,0.012345679012345678,0.1728395061728395,1.5802469135802468,81
TR625*0100*2000*01_A1,28.0,0.6796116504854369,0.8737864077669902,0.11650485436893204,0.009708737864077669,0.1262135922330097,1.4854368932038835,103
TR625*0100*2000*01_A4,28.0,0.6972477064220184,0.9541284403669725,0.045871559633027525,0.0,0.045871559633027525,1.3577981651376148,109
TR626*0100*2000*01_A1,34.0,0.6909090909090909,0.9181818181818182,0.08181818181818182,0.0,0.08181818181818182,1.4,110
TR626*0100*2000*01_A4,34.0,0.7558139534883721,0.9069767441860465,0.09302325581395349,0.0,0.09302325581395349,1.3488372093023255,86
TR627*0100*2000*01_A1,27.0,0.7294117647058823,0.8823529411764706,0.09411764705882353,0.023529411764705882,0.11764705882352941,1.4470588235294117,85
TR627*0100*2000*01_A3,27.0,0.6867469879518072,0.891566265060241,0.0963855421686747,0.012048192771084338,0.10843373493975904,1.4819277108433735,83
TR630*0100*2000*01_A1,28.0,0.6752136752136753,0.8888888888888888,0.10256410256410256,0.008547008547008548,0.1111111111111111,1.4700854700854702,117
TR630*0100*2000*01_A3,28.0,0.6825396825396826,0.8412698412698413,0.15873015873015872,0.0,0.15873015873015872,1.507936507936508,63
TR632*0100*2000*01_A1,18.0,0.7159090909090909,0.8977272727272727,0.07954545454545454,0.022727272727272728,0.10227272727272728,1.4545454545454546,88
TR632*0100*2000*01_A3,18.0,0.7142857142857143,0.9,0.1,0.0,0.1,1.4142857142857144,70
TR633*0100*2000*01_A1,29.0,0.7804878048780488,0.8943089430894309,0.0975609756097561,0.008130081300813009,0.10569105691056911,1.3658536585365855,123
TR633*0100*2000*01_A2,29.0,0.5443037974683544,0.759493670886076,0.21518987341772153,0.02531645569620253,0.24050632911392406,1.7974683544303798,79
TR90*0100*2000*01_A1,39.0,0.7549019607843137,0.9019607843137255,0.0784313725490196,0.0196078431372549,0.09803921568627451,1.3823529411764706,102
TR90*0100*2000*01_A3,39.0,0.6346153846153846,0.8461538461538461,0.1346153846153846,0.019230769230769232,0.15384615384615385,1.6153846153846154,104
TR635*0100*2000*01_A1,31.0,0.7927927927927928,0.954954954954955,0.04504504504504504,0.0,0.04504504504504504,1.2522522522522523,111
TR635*0100*2000*01_A2,31.0,0.6864406779661016,0.847457627118644,0.15254237288135594,0.0,0.15254237288135594,1.5084745762711864,118
TR636*0100*2000*01_A1,34.0,0.6158940397350994,0.7880794701986755,0.18543046357615894,0.026490066225165563,0.2119205298013245,1.6821192052980132,151
TR636*0100*2000*01_A4,34.0,0.5655737704918032,0.7950819672131147,0.19672131147540983,0.00819672131147541,0.20491803278688525,1.6885245901639345,122
TR644*0100*2000*01_A1,29.0,0.7128712871287128,0.9108910891089109,0.06930693069306931,0.019801980198019802,0.0891089108910891,1.4158415841584158,101
TR644*0100*2000*01_A3,29.0,0.7096774193548387,0.8924731182795699,0.08602150537634409,0.021505376344086023,0.10752688172043011,1.4623655913978495,93
TR645*0100*2000*01_A1,25.0,0.6727272727272727,0.8727272727272727,0.11818181818181818,0.00909090909090909,0.12727272727272726,1.5,110
TR645*0100*2000*01_A3,25.0,0.75,0.9166666666666666,0.08333333333333333,0.0,0.08333333333333333,1.375,24
TR646*0100*2000*01_A1,26.0,0.5777777777777777,0.8111111111111111,0.16666666666666666,0.022222222222222223,0.18888888888888888,1.7333333333333334,90
TR646*0100*2000*01_A2,26.0,0.6521739130434783,0.8405797101449275,0.15942028985507245,0.0,0.15942028985507245,1.5217391304347827,69
TR647*0100*2000*01_A1,19.0,0.8152173913043478,0.8804347826086957,0.10869565217391304,0.010869565217391304,0.11956521739130435,1.3369565217391304,92
TR647*0100*2000*01_A3,19.0,0.7543859649122807,0.9298245614035088,0.07017543859649122,0.0,0.07017543859649122,1.3157894736842106,57
TR649*0100*2000*01_A1,24.0,0.7913043478260869,0.9565217391304348,0.034782608695652174,0.008695652173913044,0.043478260869565216,1.2782608695652173,115
TR649*0100*2000*01_A2,24.0,0.6982758620689655,0.9051724137931034,0.07758620689655173,0.017241379310344827,0.09482758620689655,1.4396551724137931,116
TR651*0100*2000*01_A1,36.0,0.8024691358024691,0.9382716049382716,0.04938271604938271,0.012345679012345678,0.06172839506172839,1.2962962962962963,81
TR651*0100*2000*01_A3,36.0,0.797979797979798,0.8888888888888888,0.1111111111111111,0.0,0.1111111111111111,1.3131313131313131,99
TR653*0100*2000*01_A1,26.0,0.7623762376237624,0.9108910891089109,0.0594059405940594,0.0297029702970297,0.0891089108910891,1.396039603960396,101
TR653*0100*2000*01_A2,26.0,0.8165137614678899,0.9357798165137615,0.05504587155963303,0.009174311926605505,0.06422018348623854,1.275229357798165,109
TR654*0100*2000*01_A1,23.0,0.7261904761904762,0.8928571428571429,0.09523809523809523,0.011904761904761904,0.10714285714285714,1.4523809523809523,84
TR654*0100*2000*01_A3,23.0,0.6538461538461539,0.8717948717948718,0.1282051282051282,0.0,0.1282051282051282,1.4871794871794872,78
TR655*0100*2000*01_A1,39.0,0.6935483870967742,0.8629032258064516,0.11290322580645161,0.024193548387096774,0.13709677419354838,1.5403225806451613,124
TR655*0100*2000*01_A3,39.0,0.8,0.9304347826086956,0.06956521739130435,0.0,0.06956521739130435,1.2956521739130435,115
TR658*0100*2000*01_A1,33.0,0.7802197802197802,0.9010989010989011,0.06593406593406594,0.03296703296703297,0.0989010989010989,1.3846153846153846,91
TR658*0100*2000*01_A4,33.0,0.6022727272727273,0.8977272727272727,0.09090909090909091,0.011363636363636364,0.10227272727272728,1.5340909090909092,88
TR662*0100*2000*01_A1,19.0,0.7317073170731707,0.8902439024390244,0.10975609756097561,0.0,0.10975609756097561,1.4146341463414633,82
TR662*0100*2000*01_A2,19.0,0.6582278481012658,0.9240506329113924,0.0759493670886076,0.0,0.0759493670886076,1.4430379746835442,79
TR663*0100*2000*01_A1,29.0,0.7,0.8666666666666667,0.1,0.03333333333333333,0.13333333333333333,1.5,120
TR663*0100*2000*01_A3,29.0,0.7777777777777778,0.9012345679012346,0.09876543209876543,0.0,0.09876543209876543,1.3209876543209877,81
TR664*0100*2000*01_A1,29.0,0.797979797979798,0.9090909090909091,0.08080808080808081,0.010101010101010102,0.09090909090909091,1.3434343434343434,99
TR664*0100*2000*01_A2,29.0,0.7101449275362319,0.8985507246376812,0.10144927536231885,0.0,0.10144927536231885,1.4057971014492754,69
TR665*0100*2000*01_A1,31.0,0.7325581395348837,0.8837209302325582,0.10465116279069768,0.011627906976744186,0.11627906976744186,1.4534883720930232,86
TR665*0100*2000*01_A3,31.0,0.7021276595744681,0.8829787234042553,0.10638297872340426,0.010638297872340425,0.11702127659574468,1.4680851063829787,94
TR668*0100*2000*01_A1,26.0,0.7345132743362832,0.8938053097345132,0.09734513274336283,0.008849557522123894,0.10619469026548672,1.3982300884955752,113
TR668*0100*2000*01_A4,26.0,0.6446280991735537,0.9008264462809917,0.09917355371900827,0.0,0.09917355371900827,1.4793388429752066,121
TR669*0100*2000*01_A1,27.0,0.6198347107438017,0.8264462809917356,0.1487603305785124,0.024793388429752067,0.17355371900826447,1.6611570247933884,121
TR669*0100*2000*01_A3,27.0,0.7349397590361446,0.8795180722891566,0.12048192771084337,0.0,0.12048192771084337,1.4156626506024097,166
TR670*0100*2000*01_A1,24.0,0.7666666666666667,0.9111111111111111,0.06666666666666667,0.022222222222222223,0.08888888888888889,1.3666666666666667,90
TR670*0100*2000*01_A3,24.0,0.8354430379746836,0.8734177215189873,0.12658227848101267,0.0,0.12658227848101267,1.3037974683544304,79
TR671*0100*2000*01_A1,28.0,0.7766990291262136,0.9320388349514563,0.05825242718446602,0.009708737864077669,0.06796116504854369,1.3203883495145632,103
TR671*0100*2000*01_A3,28.0,0.782608695652174,0.9217391304347826,0.06956521739130435,0.008695652173913044,0.0782608695652174,1.3391304347826087,115
TR92*0100*2000*01_A1,27.0,0.696969696969697,0.9242424242424242,0.06060606060606061,0.015151515151515152,0.07575757575757576,1.4166666666666667,132
TR92*0100*2000*01_A3,27.0,0.7142857142857143,0.8839285714285714,0.11607142857142858,0.0,0.11607142857142858,1.4196428571428572,112
TR675*0100*2000*01_A1,22.0,0.5930232558139535,0.872093023255814,0.10465116279069768,0.023255813953488372,0.12790697674418605,1.5930232558139534,86
TR675*0100*2000*01_A4,22.0,0.7380952380952381,0.9047619047619048,0.08333333333333333,0.011904761904761904,0.09523809523809523,1.4166666666666667,84
TR676*0100*2000*01_A1,24.0,0.7073170731707317,0.9146341463414634,0.04878048780487805,0.036585365853658534,0.08536585365853659,1.4634146341463414,82
TR676*0100*2000*01_A4,24.0,0.6046511627906976,0.8837209302325582,0.10465116279069768,0.011627906976744186,0.11627906976744186,1.558139534883721,86
TR679*0100*2000*01_A1,32.0,0.5647058823529412,0.7294117647058823,0.23529411764705882,0.03529411764705882,0.27058823529411763,1.8,85
TR679*0100*2000*01_A2,32.0,0.7314814814814815,0.8981481481481481,0.10185185185185185,0.0,0.10185185185185185,1.3981481481481481,108
TR680*0100*2000*01_A1,30.0,0.6836734693877551,0.8673469387755102,0.12244897959183673,0.01020408163265306,0.1326530612244898,1.530612244897959,98
TR680*0100*2000*01_A2,30.0,0.6304347826086957,0.8260869565217391,0.13043478260869565,0.043478260869565216,0.17391304347826086,1.7065217391304348,92
TR683*0100*2000*01_A1,22.0,0.7,0.89,0.09,0.02,0.11,1.46,100
TR683*0100*2000*01_A2,22.0,0.6634615384615384,0.8557692307692307,0.125,0.019230769230769232,0.14423076923076922,1.5384615384615385,104
TR685*0100*2000*01_A1,27.0,0.6597938144329897,0.865979381443299,0.1134020618556701,0.020618556701030927,0.13402061855670103,1.5670103092783505,97
TR685*0100*2000*01_A3,27.0,0.7222222222222222,0.7888888888888889,0.2,0.011111111111111112,0.2111111111111111,1.5555555555555556,90
TR686*0100*2000*01_A1,36.0,0.7570093457943925,0.8785046728971962,0.09345794392523364,0.028037383177570093,0.12149532710280374,1.4485981308411215,107
TR686*0100*2000*01_A3,36.0,0.7405405405405405,0.8810810810810811,0.11351351351351352,0.005405405405405406,0.11891891891891893,1.4,185
TR692*0100*2000*01_A1,23.0,0.6057692307692307,0.8461538461538461,0.125,0.028846153846153848,0.15384615384615385,1.6346153846153846,104
TR692*0100*2000*01_A4,23.0,0.5925925925925926,0.8888888888888888,0.09876543209876543,0.012345679012345678,0.1111111111111111,1.5555555555555556,81
TR693*0100*2000*01_A1,25.0,0.6923076923076923,0.9423076923076923,0.057692307692307696,0.0,0.057692307692307696,1.375,104
TR693*0100*2000*01_A4,25.0,0.75,0.9375,0.0625,0.0,0.0625,1.325,80
TR694*0100*2000*01_A1,32.0,0.6666666666666666,0.8620689655172413,0.13793103448275862,0.0,0.13793103448275862,1.5057471264367817,87
TR694*0100*2000*01_A4,32.0,0.7391304347826086,0.9239130434782609,0.07608695652173914,0.0,0.07608695652173914,1.3478260869565217,92
TR695*0100*2000*01_A1,32.0,0.7524752475247525,0.8811881188118812,0.0891089108910891,0.0297029702970297,0.1188118811881188,1.4356435643564356,101
TR695*0100*2000*01_A4,32.0,0.6705882352941176,0.8588235294117647,0.12941176470588237,0.011764705882352941,0.1411764705882353,1.5411764705882354,85
TR698*0100*2000*01_A1,31.0,0.5779816513761468,0.8073394495412844,0.1651376146788991,0.027522935779816515,0.1926605504587156,1.7431192660550459,109
TR698*0100*2000*01_A4,31.0,0.6593406593406593,0.8791208791208791,0.12087912087912088,0.0,0.12087912087912088,1.5054945054945055,91
TR699*0100*2000*01_A1,25.0,0.6025641025641025,0.8076923076923077,0.1794871794871795,0.01282051282051282,0.19230769230769232,1.6538461538461537,78
TR699*0100*2000*01_A2,25.0,0.6421052631578947,0.7684210526315789,0.21052631578947367,0.021052631578947368,0.23157894736842105,1.7157894736842105,95
TR59*0100*2000*01_A1,24.0,0.7065217391304348,0.8369565217391305,0.13043478260869565,0.03260869565217391,0.16304347826086957,1.576086956521739,92
TR59*0100*2000*01_A4,24.0,0.7526881720430108,0.8924731182795699,0.10752688172043011,0.0,0.10752688172043011,1.3763440860215055,93
TR60*0100*2000*01_A1,23.0,0.8378378378378378,0.9459459459459459,0.05405405405405406,0.0,0.05405405405405406,1.2364864864864864,148
TR60*0100*2000*01_A4,23.0,0.6987951807228916,0.963855421686747,0.03614457831325301,0.0,0.03614457831325301,1.3373493975903614,83
TR61*0100*2000*01_A1,27.0,0.6878612716763006,0.8439306358381503,0.1329479768786127,0.023121387283236993,0.15606936416184972,1.5491329479768785,173
TR61*0100*2000*01_A4,27.0,0.7086092715231788,0.9139072847682119,0.08609271523178808,0.0,0.08609271523178808,1.3841059602649006,151
TR62*0100*2000*01_A1,27.0,0.7045454545454546,0.9090909090909091,0.06818181818181818,0.022727272727272728,0.09090909090909091,1.4318181818181819,88
TR62*0100*2000*01_A4,27.0,0.7466666666666667,0.92,0.08,0.0,0.08,1.3733333333333333,75
TR67*0100*2000*01_A1,31.0,0.7142857142857143,0.8839285714285714,0.08928571428571429,0.026785714285714284,0.11607142857142858,1.4821428571428572,112
TR67*0100*2000*01_A3,31.0,0.6883116883116883,0.8311688311688312,0.15584415584415584,0.012987012987012988,0.16883116883116883,1.5324675324675325,77
TR69*0100*2000*01_A1,30.0,0.581081081081081,0.8243243243243243,0.14864864864864866,0.02702702702702703,0.17567567567567569,1.6891891891891893,74
TR69*0100*2000*01_A4,30.0,0.5866666666666667,0.7866666666666666,0.18666666666666668,0.02666666666666667,0.21333333333333335,1.7466666666666666,75
TR71*0100*2000*01_A1,33.0,0.6454545454545455,0.9,0.09090909090909091,0.00909090909090909,0.1,1.5,110
TR71*0100*2000*01_A4,33.0,0.8,0.9222222222222223,0.05555555555555555,0.022222222222222223,0.07777777777777778,1.3555555555555556,90
TR73*0100*2000*01_A1,37.0,0.5728155339805825,0.8349514563106796,0.14563106796116504,0.019417475728155338,0.1650485436893204,1.6796116504854368,103
TR73*0100*2000*01_A4,37.0,0.7169811320754716,0.9150943396226415,0.08490566037735849,0.0,0.08490566037735849,1.3679245283018868,106
TR76*0100*2000*01_A1,29.0,0.7777777777777778,0.9281045751633987,0.06535947712418301,0.006535947712418301,0.0718954248366013,1.326797385620915,153
TR76*0100*2000*01_A4,29.0,0.8083333333333333,0.9666666666666667,0.03333333333333333,0.0,0.03333333333333333,1.225,120
TR701*0100*2000*01_A1,35.0,0.6976744186046512,0.8604651162790697,0.12790697674418605,0.011627906976744186,0.13953488372093023,1.4767441860465116,86
TR701*0100*2000*01_A3,35.0,0.6623376623376623,0.8441558441558441,0.15584415584415584,0.0,0.15584415584415584,1.5194805194805194,77
TR713*0100*2000*01_A1,24.0,0.6867469879518072,0.9156626506024096,0.07228915662650602,0.012048192771084338,0.08433734939759036,1.4216867469879517,83
TR713*0100*2000*01_A3,24.0,0.7625,0.875,0.125,0.0,0.125,1.3625,80
TR715*0100*2000*01_A1,27.0,0.7391304347826086,0.9130434782608695,0.06086956521739131,0.02608695652173913,0.08695652173913043,1.4086956521739131,115
TR715*0100*2000*01_A4,27.0,0.6190476190476191,0.9166666666666666,0.07142857142857142,0.011904761904761904,0.08333333333333333,1.5119047619047619,84
TR716*0100*2000*01_A1,23.0,0.6991150442477876,0.8761061946902655,0.10619469026548672,0.017699115044247787,0.12389380530973451,1.4690265486725664,113
TR716*0100*2000*01_A4,23.0,0.7604166666666666,0.921875,0.078125,0.0,0.078125,1.3229166666666667,192
TR718*0100*2000*01_A1,29.0,0.7876106194690266,0.8938053097345132,0.08849557522123894,0.017699115044247787,0.10619469026548672,1.3805309734513274,113
TR718*0100*2000*01_A4,29.0,0.7471264367816092,0.9425287356321839,0.05747126436781609,0.0,0.05747126436781609,1.3218390804597702,87
TR719*0100*2000*01_A1,19.0,0.75,0.8863636363636364,0.10227272727272728,0.011363636363636364,0.11363636363636363,1.4090909090909092,88
TR719*0100*2000*01_A2,19.0,0.7796610169491526,0.9491525423728814,0.05084745762711865,0.0,0.05084745762711865,1.271186440677966,59
TR722*0100*2000*01_A1,23.0,0.7083333333333334,0.875,0.11458333333333333,0.010416666666666666,0.125,1.4583333333333333,96
TR722*0100*2000*01_A2,23.0,0.6666666666666666,0.8461538461538461,0.14102564102564102,0.01282051282051282,0.15384615384615385,1.564102564102564,78
TR723*0100*2000*01_A1,28.0,0.7391304347826086,0.9130434782608695,0.06521739130434782,0.021739130434782608,0.08695652173913043,1.423913043478261,92
TR723*0100*2000*01_A4,28.0,0.7590361445783133,0.9036144578313253,0.0963855421686747,0.0,0.0963855421686747,1.3493975903614457,83
TR724*0100*2000*01_A1,34.0,0.6826923076923077,0.8461538461538461,0.15384615384615385,0.0,0.15384615384615385,1.5096153846153846,104
TR724*0100*2000*01_A2,34.0,0.6530612244897959,0.8469387755102041,0.15306122448979592,0.0,0.15306122448979592,1.5408163265306123,98
TR725*0100*2000*01_A1,24.0,0.7395833333333334,0.90625,0.08333333333333333,0.010416666666666666,0.09375,1.3854166666666667,96
TR725*0100*2000*01_A3,24.0,0.7321428571428571,0.8392857142857143,0.14285714285714285,0.017857142857142856,0.16071428571428573,1.5,56
TR727*0100*2000*01_A1,20.0,0.6122448979591837,0.8367346938775511,0.14285714285714285,0.02040816326530612,0.16326530612244897,1.6122448979591837,98
TR727*0100*2000*01_A4,20.0,0.584070796460177,0.8761061946902655,0.11504424778761062,0.008849557522123894,0.12389380530973451,1.584070796460177,113
TR728*0100*2000*01_A1,27.0,0.6973684210526315,0.8947368421052632,0.07894736842105263,0.02631578947368421,0.10526315789473684,1.4605263157894737,76
TR728*0100*2000*01_A3,27.0,0.825,0.95,0.05,0.0,0.05,1.225,80
TR731*0100*2000*01_A1,36.0,0.72,0.896,0.104,0.0,0.104,1.424,125
TR731*0100*2000*01_A3,36.0,0.644927536231884,0.8623188405797102,0.13043478260869565,0.007246376811594203,0.13768115942028986,1.536231884057971,138
TR732*0100*2000*01_A1,40.0,0.5555555555555556,0.7870370370370371,0.19444444444444445,0.018518518518518517,0.21296296296296297,1.75,108
TR732*0100*2000*01_A3,40.0,0.5230769230769231,0.6923076923076923,0.2923076923076923,0.015384615384615385,0.3076923076923077,1.9307692307692308,130
TR733*0100*2000*01_A1,33.0,0.6419753086419753,0.8641975308641975,0.1111111111111111,0.024691358024691357,0.13580246913580246,1.5925925925925926,81
TR733*0100*2000*01_A4,33.0,0.7241379310344828,0.9310344827586207,0.06896551724137931,0.0,0.06896551724137931,1.3448275862068966,87
TR734*0100*2000*01_A1,37.0,0.5625,0.78125,0.171875,0.046875,0.21875,1.8125,128
TR734*0100*2000*01_A3,37.0,0.5053763440860215,0.6774193548387096,0.26881720430107525,0.053763440860215055,0.3225806451612903,2.043010752688172,93
TR735*0100*2000*01_A1,29.0,0.7176470588235294,0.8470588235294118,0.12941176470588237,0.023529411764705882,0.15294117647058825,1.5176470588235293,85
TR735*0100*2000*01_A4,29.0,0.6351351351351351,0.8513513513513513,0.14864864864864866,0.0,0.14864864864864866,1.527027027027027,74
TR737*0100*2000*01_A1,26.0,0.8181818181818182,0.9797979797979798,0.020202020202020204,0.0,0.020202020202020204,1.2121212121212122,99
TR737*0100*2000*01_A3,26.0,0.7850467289719626,0.9065420560747663,0.09345794392523364,0.0,0.09345794392523364,1.308411214953271,107
TR757*0100*2000*01_A1,26.0,0.6732673267326733,0.8613861386138614,0.10891089108910891,0.0297029702970297,0.13861386138613863,1.5247524752475248,101
TR757*0100*2000*01_A4,26.0,0.75,0.9270833333333334,0.07291666666666667,0.0,0.07291666666666667,1.3333333333333333,96
TR740*0100*2000*01_A1,33.0,0.7522935779816514,0.8990825688073395,0.07339449541284404,0.027522935779816515,0.10091743119266056,1.4495412844036697,109
TR740*0100*2000*01_A3,33.0,0.7572815533980582,0.883495145631068,0.11650485436893204,0.0,0.11650485436893204,1.3883495145631068,103
TR746*0100*2000*01_A1,29.0,0.6707317073170732,0.9024390243902439,0.08536585365853659,0.012195121951219513,0.0975609756097561,1.4634146341463414,82
TR746*0100*2000*01_A4,29.0,0.7474747474747475,0.8787878787878788,0.12121212121212122,0.0,0.12121212121212122,1.393939393939394,99
TR748*0100*2000*01_A1,18.0,0.7570093457943925,0.9065420560747663,0.08411214953271028,0.009345794392523364,0.09345794392523364,1.3644859813084111,107
TR748*0100*2000*01_A3,18.0,0.7763157894736842,0.9342105263157895,0.06578947368421052,0.0,0.06578947368421052,1.2894736842105263,76
TR749*0100*2000*01_A1,39.0,0.6793893129770993,0.8549618320610687,0.12213740458015267,0.022900763358778626,0.1450381679389313,1.5572519083969465,131
TR749*0100*2000*01_A4,39.0,0.6052631578947368,0.8596491228070176,0.13157894736842105,0.008771929824561403,0.14035087719298245,1.587719298245614,114
TR756*0100*2000*01_A1,33.0,0.5875,0.825,0.125,0.05,0.175,1.725,80
TR756*0100*2000*01_A3,33.0,0.6746031746031746,0.873015873015873,0.12698412698412698,0.0,0.12698412698412698,1.4841269841269842,126
TR795*0100*2000*01_A1,34.0,0.6391752577319587,0.8556701030927835,0.12371134020618557,0.020618556701030927,0.14432989690721648,1.556701030927835,97
TR795*0100*2000*01_A4,34.0,0.5842696629213483,0.8202247191011236,0.1797752808988764,0.0,0.1797752808988764,1.651685393258427,89
TR796*0100*2000*01_A1,40.0,0.7272727272727273,0.9008264462809917,0.08264462809917356,0.01652892561983471,0.09917355371900827,1.4132231404958677,121
TR796*0100*2000*01_A4,40.0,0.6761904761904762,0.8666666666666667,0.11428571428571428,0.01904761904761905,0.13333333333333333,1.5142857142857142,105
TR798*0100*2000*01_A1,24.0,0.8,0.9263157894736842,0.06315789473684211,0.010526315789473684,0.07368421052631578,1.2947368421052632,95
TR798*0100*2000*01_A2,24.0,0.6941176470588235,0.9176470588235294,0.08235294117647059,0.0,0.08235294117647059,1.4,85
TR799*0100*2000*01_A1,35.0,0.7254901960784313,0.9117647058823529,0.0784313725490196,0.00980392156862745,0.08823529411764706,1.4215686274509804,102
TR799*0100*2000*01_A4,35.0,0.6585365853658537,0.9186991869918699,0.07317073170731707,0.008130081300813009,0.08130081300813008,1.4471544715447155,123
TR800*0100*2000*01_A1,34.0,0.6707317073170732,0.9024390243902439,0.0975609756097561,0.0,0.0975609756097561,1.4634146341463414,82
TR800*0100*2000*01_A4,34.0,0.6753246753246753,0.935064935064935,0.06493506493506493,0.0,0.06493506493506493,1.3896103896103895,77
TR804*0100*2000*01_A1,21.0,0.6329113924050633,0.7974683544303798,0.189873417721519,0.012658227848101266,0.20253164556962025,1.6835443037974684,79
TR804*0100*2000*01_A3,21.0,0.7087378640776699,0.8446601941747572,0.13592233009708737,0.019417475728155338,0.1553398058252427,1.5339805825242718,103
TR806*0100*2000*01_A1,29.0,0.75,0.9137931034482759,0.08620689655172414,0.0,0.08620689655172414,1.3448275862068966,116
TR806*0100*2000*01_A4,29.0,0.822429906542056,0.9719626168224299,0.028037383177570093,0.0,0.028037383177570093,1.205607476635514,107
TR808*0100*2000*01_A1,28.0,0.8,0.95,0.025,0.025,0.05,1.3,80
TR808*0100*2000*01_A3,28.0,0.788235294117647,0.9058823529411765,0.09411764705882353,0.0,0.09411764705882353,1.3058823529411765,85
TR809*0100*2000*01_A1,29.0,0.8,0.93,0.06,0.01,0.07,1.29,100
TR809*0100*2000*01_A3,29.0,0.719626168224299,0.897196261682243,0.102803738317757,0.0,0.102803738317757,1.3925233644859814,107
TR759*0100*2000*01_A1,26.0,0.7171717171717171,0.898989898989899,0.0707070707070707,0.030303030303030304,0.10101010101010101,1.4545454545454546,99
TR759*0100*2000*01_A3,26.0,0.75,0.9047619047619048,0.09523809523809523,0.0,0.09523809523809523,1.3452380952380953,84
TR814*0100*2000*01_A1,30.0,0.7974683544303798,0.9367088607594937,0.02531645569620253,0.0379746835443038,0.06329113924050633,1.3544303797468353,79
TR814*0100*2000*01_A3,30.0,0.8529411764705882,0.9215686274509803,0.0784313725490196,0.0,0.0784313725490196,1.2352941176470589,102
TR815*0100*2000*01_A1,18.0,0.6666666666666666,0.8405797101449275,0.11594202898550725,0.043478260869565216,0.15942028985507245,1.6376811594202898,69
TR815*0100*2000*01_A2,18.0,0.7468354430379747,0.8860759493670886,0.11392405063291139,0.0,0.11392405063291139,1.4050632911392404,79
TR816*0100*2000*01_A1,34.0,0.8244274809160306,0.916030534351145,0.07633587786259542,0.007633587786259542,0.08396946564885496,1.297709923664122,131
TR816*0100*2000*01_A3,34.0,0.8503401360544217,0.9455782312925171,0.05442176870748299,0.0,0.05442176870748299,1.2108843537414966,147
TR817*0100*2000*01_A1,36.0,0.6372549019607843,0.8137254901960784,0.14705882352941177,0.0392156862745098,0.18627450980392157,1.6764705882352942,102
TR817*0100*2000*01_A5b,36.0,0.5555555555555556,0.7171717171717171,0.2727272727272727,0.010101010101010102,0.2828282828282828,1.8585858585858586,99
TR820*0100*2000*01_A1,34.0,0.7340425531914894,0.8829787234042553,0.09574468085106383,0.02127659574468085,0.11702127659574468,1.446808510638298,94
TR820*0100*2000*01_A2,34.0,0.6470588235294118,0.8470588235294118,0.1411764705882353,0.011764705882352941,0.15294117647058825,1.588235294117647,85
TR823*0100*2000*01_A1,19.0,0.7477477477477478,0.9279279279279279,0.05405405405405406,0.018018018018018018,0.07207207207207207,1.3783783783783783,111
TR823*0100*2000*01_A4,19.0,0.7722772277227723,0.9504950495049505,0.04950495049504951,0.0,0.04950495049504951,1.306930693069307,101
TR824*0100*2000*01_A1,24.0,0.6376811594202898,0.8260869565217391,0.14492753623188406,0.028985507246376812,0.17391304347826086,1.6376811594202898,69
TR824*0100*2000*01_A3,24.0,0.7764705882352941,0.9176470588235294,0.07058823529411765,0.011764705882352941,0.08235294117647059,1.3529411764705883,85
TR825*0100*2000*01_A1,23.0,0.71,0.87,0.12,0.01,0.13,1.47,100
TR825*0100*2000*01_A3,23.0,0.6413043478260869,0.8586956521739131,0.14130434782608695,0.0,0.14130434782608695,1.5217391304347827,92
TR826*0100*2000*01_A1,26.0,0.7238095238095238,0.8857142857142857,0.10476190476190476,0.009523809523809525,0.11428571428571428,1.4190476190476191,105
TR826*0100*2000*01_A2,26.0,0.6119402985074627,0.8805970149253731,0.1044776119402985,0.014925373134328358,0.11940298507462686,1.5820895522388059,67
TR828*0100*2000*01_A1,37.0,0.706766917293233,0.8796992481203008,0.11278195488721804,0.007518796992481203,0.12030075187969924,1.443609022556391,133
TR828*0100*2000*01_A4,37.0,0.6527777777777778,0.8263888888888888,0.14583333333333334,0.027777777777777776,0.1736111111111111,1.6041666666666667,144
TR829*0100*2000*01_A1,25.0,0.7090909090909091,0.9,0.08181818181818182,0.01818181818181818,0.1,1.4272727272727272,110
TR829*0100*2000*01_A3,25.0,0.7619047619047619,0.9142857142857143,0.08571428571428572,0.0,0.08571428571428572,1.3333333333333333,105
TR760*0100*2000*01_A1,25.0,0.632183908045977,0.8275862068965517,0.14942528735632185,0.022988505747126436,0.1724137931034483,1.632183908045977,87
TR760*0100*2000*01_A4,25.0,0.6976744186046512,0.9069767441860465,0.08139534883720931,0.011627906976744186,0.09302325581395349,1.441860465116279,86
TR830*0100*2000*01_A1,31.0,0.6593406593406593,0.8681318681318682,0.10989010989010989,0.02197802197802198,0.13186813186813187,1.5384615384615385,91
TR830*0100*2000*01_A4,31.0,0.6,0.8823529411764706,0.10588235294117647,0.011764705882352941,0.11764705882352941,1.5529411764705883,85
TR832*0100*2000*01_A1,37.0,0.7307692307692307,0.8365384615384616,0.14423076923076922,0.019230769230769232,0.16346153846153846,1.4807692307692308,104
TR832*0100*2000*01_A3,37.0,0.6451612903225806,0.8225806451612904,0.1693548387096774,0.008064516129032258,0.1774193548387097,1.6370967741935485,124
TR833*0100*2000*01_A1,26.0,0.7666666666666667,0.9111111111111111,0.06666666666666667,0.022222222222222223,0.08888888888888889,1.3777777777777778,90
TR833*0100*2000*01_A4,26.0,0.7368421052631579,0.9210526315789473,0.07894736842105263,0.0,0.07894736842105263,1.3421052631578947,76
TR834*0100*2000*01_A1,30.0,0.782258064516129,0.9435483870967742,0.04838709677419355,0.008064516129032258,0.056451612903225805,1.2983870967741935,124
TR834*0100*2000*01_A4,30.0,0.8041237113402062,0.9381443298969072,0.05154639175257732,0.010309278350515464,0.061855670103092786,1.3195876288659794,97
TR838*0100*2000*01_A1,24.0,0.6770833333333334,0.8854166666666666,0.10416666666666667,0.010416666666666666,0.11458333333333333,1.4791666666666667,96
TR838*0100*2000*01_A3,24.0,0.7283950617283951,0.9382716049382716,0.06172839506172839,0.0,0.06172839506172839,1.345679012345679,81
TR840*0100*2000*01_A1,29.0,0.7606837606837606,0.9316239316239316,0.05982905982905983,0.008547008547008548,0.06837606837606838,1.3247863247863247,117
TR840*0100*2000*01_A4,29.0,0.711340206185567,0.8969072164948454,0.09278350515463918,0.010309278350515464,0.10309278350515463,1.443298969072165,97
TR841*0100*2000*01_A1,31.0,0.69,0.88,0.1,0.02,0.12,1.5,100
TR841*0100*2000*01_A4,31.0,0.6067415730337079,0.8314606741573034,0.16853932584269662,0.0,0.16853932584269662,1.5842696629213484,89
TR843*0100*2000*01_A1,33.0,0.6132075471698113,0.8679245283018868,0.11320754716981132,0.018867924528301886,0.1320754716981132,1.5943396226415094,106
TR843*0100*2000*01_A3,33.0,0.7741935483870968,0.8924731182795699,0.08602150537634409,0.021505376344086023,0.10752688172043011,1.4408602150537635,93
TR849*0100*2000*01_A1,12.0,0.8095238095238095,0.8888888888888888,0.09523809523809523,0.015873015873015872,0.1111111111111111,1.3650793650793651,63
TR849*0100*2000*01_A4,12.0,0.8939393939393939,0.9848484848484849,0.015151515151515152,0.0,0.015151515151515152,1.121212121212121,66
TR850*0100*2000*01_A1,31.0,0.6893203883495146,0.8543689320388349,0.11650485436893204,0.02912621359223301,0.14563106796116504,1.5436893203883495,103
TR850*0100*2000*01_A4,31.0,0.6190476190476191,0.8380952380952381,0.1523809523809524,0.009523809523809525,0.1619047619047619,1.5809523809523809,105
TR852*0100*2000*01_A1,26.0,0.7252747252747253,0.9230769230769231,0.06593406593406594,0.01098901098901099,0.07692307692307693,1.3846153846153846,91
TR852*0100*2000*01_A4,26.0,0.6781609195402298,0.9310344827586207,0.05747126436781609,0.011494252873563218,0.06896551724137931,1.4367816091954022,87
TR858*0100*2000*01_A1,33.0,0.6764705882352942,0.8455882352941176,0.1323529411764706,0.022058823529411766,0.15441176470588236,1.5441176470588236,136
TR858*0100*2000*01_A4,33.0,0.6131386861313869,0.8759124087591241,0.0948905109489051,0.029197080291970802,0.12408759124087591,1.6204379562043796,137
TR863*0100*2000*01_A1,20.0,0.7857142857142857,0.9183673469387755,0.07142857142857142,0.01020408163265306,0.08163265306122448,1.316326530612245,98
TR863*0100*2000*01_A4,20.0,0.8045977011494253,0.896551724137931,0.10344827586206896,0.0,0.10344827586206896,1.3218390804597702,87
TR868*0100*2000*01_A1,32.0,0.5447154471544715,0.7804878048780488,0.1951219512195122,0.024390243902439025,0.21951219512195122,1.7804878048780488,123
TR868*0100*2000*01_A2,32.0,0.63,0.77,0.23,0.0,0.23,1.65,100
TR869*0100*2000*01_A1,32.0,0.6451612903225806,0.8494623655913979,0.13978494623655913,0.010752688172043012,0.15053763440860216,1.5698924731182795,93
TR869*0100*2000*01_A4,32.0,0.68,0.8266666666666667,0.16,0.013333333333333334,0.17333333333333334,1.5466666666666666,75
TR870*0100*2000*01_A1,31.0,0.6419753086419753,0.8271604938271605,0.16049382716049382,0.012345679012345678,0.1728395061728395,1.5802469135802468,81
TR870*0100*2000*01_A4,31.0,0.6428571428571429,0.826530612244898,0.1326530612244898,0.04081632653061224,0.17346938775510204,1.6734693877551021,98
TR871*0100*2000*01_A1,32.0,0.6956521739130435,0.8478260869565217,0.14130434782608695,0.010869565217391304,0.15217391304347827,1.5217391304347827,92
TR871*0100*2000*01_A3,32.0,0.788235294117647,0.9176470588235294,0.08235294117647059,0.0,0.08235294117647059,1.2941176470588236,85
TR877*0100*2000*01_A1,30.0,0.6506024096385542,0.8674698795180723,0.0963855421686747,0.03614457831325301,0.13253012048192772,1.6024096385542168,83
TR877*0100*2000*01_A4,30.0,0.6944444444444444,0.9166666666666666,0.06944444444444445,0.013888888888888888,0.08333333333333333,1.4305555555555556,72
TR878*0100*2000*01_A1,28.0,0.6818181818181818,0.8818181818181818,0.09090909090909091,0.02727272727272727,0.11818181818181818,1.5545454545454545,110
TR878*0100*2000*01_A4,28.0,0.6666666666666666,0.9074074074074074,0.09259259259259259,0.0,0.09259259259259259,1.4259259259259258,108
TR879*0100*2000*01_A1,32.0,0.6666666666666666,0.8494623655913979,0.13978494623655913,0.010752688172043012,0.15053763440860216,1.5376344086021505,93
TR879*0100*2000*01_A4,32.0,0.631578947368421,0.8947368421052632,0.10526315789473684,0.0,0.10526315789473684,1.4736842105263157,95
TR880*0100*2000*01_A1,26.0,0.7692307692307693,0.9134615384615384,0.07692307692307693,0.009615384615384616,0.08653846153846154,1.3557692307692308,104
TR880*0100*2000*01_A4,26.0,0.7088607594936709,0.9113924050632911,0.08860759493670886,0.0,0.08860759493670886,1.379746835443038,79
TR881*0100*2000*01_A1,27.0,0.6870229007633588,0.8778625954198473,0.0916030534351145,0.030534351145038167,0.12213740458015267,1.5190839694656488,131
TR881*0100*2000*01_A4,27.0,0.6984126984126984,0.8888888888888888,0.1111111111111111,0.0,0.1111111111111111,1.4285714285714286,126
TR893*0100*2000*01_A1,30.0,0.768595041322314,0.9090909090909091,0.0743801652892562,0.01652892561983471,0.09090909090909091,1.371900826446281,121
TR893*0100*2000*01_A3,30.0,0.75,0.9090909090909091,0.09090909090909091,0.0,0.09090909090909091,1.3522727272727273,88
TR894*0100*2000*01_A1,24.0,0.6388888888888888,0.8888888888888888,0.08333333333333333,0.027777777777777776,0.1111111111111111,1.5555555555555556,72
TR894*0100*2000*01_A3,24.0,0.717948717948718,0.8974358974358975,0.08974358974358974,0.01282051282051282,0.10256410256410256,1.4230769230769231,78
TR895*0100*2000*01_A1,26.0,0.6555555555555556,0.8111111111111111,0.17777777777777778,0.011111111111111112,0.18888888888888888,1.6444444444444444,90
TR895*0100*2000*01_A2,26.0,0.5301204819277109,0.7831325301204819,0.20481927710843373,0.012048192771084338,0.21686746987951808,1.7469879518072289,83
TR897*0100*2000*01_A1,33.0,0.7346938775510204,0.9285714285714286,0.05102040816326531,0.02040816326530612,0.07142857142857142,1.3877551020408163,98
TR897*0100*2000*01_A4,33.0,0.7127659574468085,0.9042553191489362,0.0851063829787234,0.010638297872340425,0.09574468085106383,1.425531914893617,94
TR898*0100*2000*01_A1,27.0,0.7468354430379747,0.9113924050632911,0.0759493670886076,0.012658227848101266,0.08860759493670886,1.3924050632911393,79
TR898*0100*2000*01_A3,27.0,0.75,0.859375,0.125,0.015625,0.140625,1.4375,64
TR900*0100*2000*01_A1,21.0,0.8494623655913979,0.956989247311828,0.03225806451612903,0.010752688172043012,0.043010752688172046,1.2150537634408602,93
TR900*0100*2000*01_A3,21.0,0.8285714285714286,0.9,0.08571428571428572,0.014285714285714285,0.1,1.3285714285714285,70
TR901*0100*2000*01_A1,32.0,0.6947368421052632,0.8947368421052632,0.07368421052631578,0.031578947368421054,0.10526315789473684,1.4736842105263157,95
TR901*0100*2000*01_A4,32.0,0.7590361445783133,0.9397590361445783,0.04819277108433735,0.012048192771084338,0.060240963855421686,1.3253012048192772,83
TR902*0100*2000*01_A1,35.0,0.5596330275229358,0.7981651376146789,0.1743119266055046,0.027522935779816515,0.2018348623853211,1.7339449541284404,109
TR902*0100*2000*01_A4,35.0,0.6611570247933884,0.8760330578512396,0.11570247933884298,0.008264462809917356,0.12396694214876033,1.5041322314049588,121
TR95*0100*2000*01_A1,28.0,0.7281553398058253,0.8932038834951457,0.07766990291262135,0.02912621359223301,0.10679611650485436,1.4854368932038835,103
TR95*0100*2000*01_A3,28.0,0.7857142857142857,0.8857142857142857,0.11428571428571428,0.0,0.11428571428571428,1.3571428571428572,70
TR99*0100*2000*01_A1,25.0,0.75,0.9285714285714286,0.047619047619047616,0.023809523809523808,0.07142857142857142,1.369047619047619,84
TR99*0100*2000*01_A4,25.0,0.7777777777777778,0.9777777777777777,0.022222222222222223,0.0,0.022222222222222223,1.2444444444444445,90
TR100*0100*2000*01_A1,33.0,0.788135593220339,0.940677966101695,0.05084745762711865,0.00847457627118644,0.059322033898305086,1.2881355932203389,118
TR100*0100*2000*01_A3,33.0,0.7426470588235294,0.8823529411764706,0.11764705882352941,0.0,0.11764705882352941,1.3897058823529411,136
TR101*0100*2000*01_A1,23.0,0.7402597402597403,0.8571428571428571,0.12987012987012986,0.012987012987012988,0.14285714285714285,1.4545454545454546,77
TR101*0100*2000*01_A4,23.0,0.7209302325581395,0.8837209302325582,0.11627906976744186,0.0,0.11627906976744186,1.4069767441860466,86
TR108*0100*2000*01_A1,26.0,0.63,0.87,0.09,0.04,0.13,1.62,100
TR108*0100*2000*01_A4,26.0,0.6727272727272727,0.8363636363636363,0.14545454545454545,0.01818181818181818,0.16363636363636364,1.5363636363636364,110
TR111*0100*2000*01_A1,25.0,0.75,0.9347826086956522,0.05434782608695652,0.010869565217391304,0.06521739130434782,1.3478260869565217,92
TR111*0100*2000*01_A3,25.0,0.7849462365591398,0.9139784946236559,0.07526881720430108,0.010752688172043012,0.08602150537634409,1.3225806451612903,93
TR911*0100*2000*01_A1,30.0,0.6666666666666666,0.8518518518518519,0.12037037037037036,0.027777777777777776,0.14814814814814814,1.5555555555555556,108
TR911*0100*2000*01_A3,30.0,0.7410714285714286,0.8571428571428571,0.14285714285714285,0.0,0.14285714285714285,1.4732142857142858,112
TR912*0100*2000*01_A1,31.0,0.7441860465116279,0.9302325581395349,0.05813953488372093,0.011627906976744186,0.06976744186046512,1.3488372093023255,86
TR912*0100*2000*01_A4,31.0,0.6888888888888889,0.9,0.1,0.0,0.1,1.4444444444444444,90
TR916*0100*2000*01_A1,20.0,0.7333333333333333,0.8583333333333333,0.125,0.016666666666666666,0.14166666666666666,1.475,120
TR916*0100*2000*01_A3,20.0,0.6373626373626373,0.7692307692307693,0.23076923076923078,0.0,0.23076923076923078,1.6263736263736264,91
TR928*0100*2000*01_A1,24.0,0.7674418604651163,0.9534883720930233,0.03875968992248062,0.007751937984496124,0.046511627906976744,1.2945736434108528,129
TR928*0100*2000*01_A4,24.0,0.673469387755102,0.8775510204081632,0.12244897959183673,0.0,0.12244897959183673,1.4795918367346939,98
TR930*0100*2000*01_A1,33.0,0.7666666666666667,0.9,0.09166666666666666,0.008333333333333333,0.1,1.3583333333333334,120
TR930*0100*2000*01_A4,33.0,0.7181818181818181,0.9727272727272728,0.02727272727272727,0.0,0.02727272727272727,1.309090909090909,110
TR932*0100*2000*01_A1,38.0,0.6347826086956522,0.8,0.1826086956521739,0.017391304347826087,0.2,1.626086956521739,115
TR932*0100*2000*01_A4,38.0,0.6433566433566433,0.8321678321678322,0.14685314685314685,0.02097902097902098,0.16783216783216784,1.6083916083916083,143
TR934*0100*2000*01_A1,31.0,0.6904761904761905,0.8928571428571429,0.07142857142857142,0.03571428571428571,0.10714285714285714,1.5,84
TR934*0100*2000*01_A2,31.0,0.7176470588235294,0.9411764705882353,0.058823529411764705,0.0,0.058823529411764705,1.3529411764705883,85
TR936*0100*2000*01_A1,14.0,0.6583333333333333,0.8583333333333333,0.11666666666666667,0.025,0.14166666666666666,1.5666666666666667,120
TR936*0100*2000*01_A3,14.0,0.7710843373493976,0.891566265060241,0.10843373493975904,0.0,0.10843373493975904,1.3614457831325302,83
TR939*0100*2000*01_A1,29.0,0.8137254901960784,0.9607843137254902,0.029411764705882353,0.00980392156862745,0.0392156862745098,1.2549019607843137,102
TR939*0100*2000*01_A3,29.0,0.8064516129032258,0.9139784946236559,0.08602150537634409,0.0,0.08602150537634409,1.2795698924731183,93
TR940*0100*2000*01_A1,29.0,0.8415841584158416,0.9405940594059405,0.04950495049504951,0.009900990099009901,0.0594059405940594,1.2574257425742574,101
TR940*0100*2000*01_A4,29.0,0.7294117647058823,0.8705882352941177,0.12941176470588237,0.0,0.12941176470588237,1.4,85
TR941*0100*2000*01_A1,34.0,0.6818181818181818,0.8068181818181818,0.17045454545454544,0.022727272727272728,0.19318181818181818,1.6136363636363635,88
TR941*0100*2000*01_A3,34.0,0.5632183908045977,0.7586206896551724,0.22988505747126436,0.011494252873563218,0.2413793103448276,1.7471264367816093,87
TR947*0100*2000*01_A1,38.0,0.6538461538461539,0.8461538461538461,0.14615384615384616,0.007692307692307693,0.15384615384615385,1.5384615384615385,130
TR947*0100*2000*01_A2,38.0,0.5802469135802469,0.7407407407407407,0.24691358024691357,0.012345679012345678,0.25925925925925924,1.7839506172839505,162
TR949*0100*2000*01_A1,40.0,0.5695364238410596,0.7748344370860927,0.2052980132450331,0.019867549668874173,0.2251655629139073,1.7350993377483444,151
TR949*0100*2000*01_A4,40.0,0.5751633986928104,0.7516339869281046,0.24183006535947713,0.006535947712418301,0.24836601307189543,1.7450980392156863,153
TR950*0100*2000*01_A1,31.0,0.6571428571428571,0.8666666666666667,0.09523809523809523,0.0380952380952381,0.13333333333333333,1.5809523809523809,105
TR950*0100*2000*01_A3,31.0,0.7107438016528925,0.859504132231405,0.12396694214876033,0.01652892561983471,0.14049586776859505,1.4958677685950412,121
TR952*0100*2000*01_A1,29.0,0.7238805970149254,0.9029850746268657,0.08208955223880597,0.014925373134328358,0.09701492537313433,1.4402985074626866,134
TR952*0100*2000*01_A3,29.0,0.782051282051282,0.8974358974358975,0.05128205128205128,0.05128205128205128,0.10256410256410256,1.4615384615384615,78
TR953*0100*2000*01_A1,37.0,0.6701030927835051,0.8556701030927835,0.1134020618556701,0.030927835051546393,0.14432989690721648,1.577319587628866,97
TR953*0100*2000*01_A5b,37.0,0.5615384615384615,0.7384615384615385,0.24615384615384617,0.015384615384615385,0.26153846153846155,1.8461538461538463,130
TR954*0100*2000*01_A1,36.0,0.6666666666666666,0.7727272727272727,0.18181818181818182,0.045454545454545456,0.22727272727272727,1.7121212121212122,66
TR954*0100*2000*01_A4,36.0,0.5119047619047619,0.8571428571428571,0.11904761904761904,0.023809523809523808,0.14285714285714285,1.7142857142857142,84
TR959*0100*2000*01_A1,31.0,0.6914893617021277,0.8617021276595744,0.10638297872340426,0.031914893617021274,0.13829787234042554,1.5319148936170213,94
TR959*0100*2000*01_A3,31.0,0.7471264367816092,0.8850574712643678,0.11494252873563218,0.0,0.11494252873563218,1.4022988505747127,87
TR961*0100*2000*01_A1,37.0,0.7593984962406015,0.8796992481203008,0.09774436090225563,0.022556390977443608,0.12030075187969924,1.4210526315789473,133
TR961*0100*2000*01_A3,37.0,0.6881720430107527,0.8387096774193549,0.15053763440860216,0.010752688172043012,0.16129032258064516,1.5161290322580645,93
TR967*0100*2000*01_A1,33.0,0.6330275229357798,0.8623853211009175,0.11009174311926606,0.027522935779816515,0.13761467889908258,1.5688073394495412,109
TR967*0100*2000*01_A3,33.0,0.7638888888888888,0.8333333333333334,0.1527777777777778,0.013888888888888888,0.16666666666666666,1.4583333333333333,72
TR968*0100*2000*01_A1,32.0,0.6329113924050633,0.8860759493670886,0.10126582278481013,0.012658227848101266,0.11392405063291139,1.518987341772152,79
TR968*0100*2000*01_A4,32.0,0.7088607594936709,0.8734177215189873,0.12658227848101267,0.0,0.12658227848101267,1.4556962025316456,79
TR969*0100*2000*01_A1,24.0,0.7217391304347827,0.9043478260869565,0.0782608695652174,0.017391304347826087,0.09565217391304348,1.434782608695652,115
TR969*0100*2000*01_A3,24.0,0.7432432432432432,0.8783783783783784,0.12162162162162163,0.0,0.12162162162162163,1.3918918918918919,74
TR971*0100*2000*01_A1,22.0,0.7590361445783133,0.9397590361445783,0.03614457831325301,0.024096385542168676,0.060240963855421686,1.3493975903614457,83
TR971*0100*2000*01_A3,22.0,0.7666666666666667,0.8555555555555555,0.14444444444444443,0.0,0.14444444444444443,1.3888888888888888,90
TR977*0100*2000*01_A1,24.0,0.7468354430379747,0.9367088607594937,0.05063291139240506,0.012658227848101266,0.06329113924050633,1.3544303797468353,79
TR977*0100*2000*01_A3,24.0,0.7702702702702703,0.9054054054054054,0.0945945945945946,0.0,0.0945945945945946,1.337837837837838,74
TR978*0100*2000*01_A1,32.0,0.7802197802197802,0.9230769230769231,0.054945054945054944,0.02197802197802198,0.07692307692307693,1.3516483516483517,91
TR978*0100*2000*01_A3,32.0,0.6438356164383562,0.863013698630137,0.136986301369863,0.0,0.136986301369863,1.5205479452054795,73
TR981*0100*2000*01_A1,34.0,0.7310924369747899,0.865546218487395,0.1092436974789916,0.025210084033613446,0.13445378151260504,1.4621848739495797,119
TR981*0100*2000*01_A3,34.0,0.7,0.8538461538461538,0.14615384615384616,0.0,0.14615384615384616,1.4615384615384615,130
TR983*0100*2000*01_A1,32.0,0.7557251908396947,0.9236641221374046,0.06870229007633588,0.007633587786259542,0.07633587786259542,1.3358778625954197,131
TR983*0100*2000*01_A4,32.0,0.6460176991150443,0.8761061946902655,0.11504424778761062,0.008849557522123894,0.12389380530973451,1.5044247787610618,113
TR984*0100*2000*01_A1,21.0,0.7415730337078652,0.9213483146067416,0.06741573033707865,0.011235955056179775,0.07865168539325842,1.3707865168539326,89
TR984*0100*2000*01_A3,21.0,0.8125,0.9479166666666666,0.052083333333333336,0.0,0.052083333333333336,1.2395833333333333,96
TR986*0100*2000*01_A1,28.0,0.7222222222222222,0.8796296296296297,0.09259259259259259,0.027777777777777776,0.12037037037037036,1.462962962962963,108
TR986*0100*2000*01_A4,28.0,0.7425742574257426,0.9306930693069307,0.04950495049504951,0.019801980198019802,0.06930693069306931,1.3762376237623761,101
TR987*0100*2000*01_A1,33.0,0.7227722772277227,0.9108910891089109,0.0891089108910891,0.0,0.0891089108910891,1.3762376237623761,101
TR987*0100*2000*01_A3,33.0,0.7126436781609196,0.8390804597701149,0.16091954022988506,0.0,0.16091954022988506,1.471264367816092,87
TR988*0100*2000*01_A1,25.0,0.7422680412371134,0.9175257731958762,0.061855670103092786,0.020618556701030927,0.08247422680412371,1.3814432989690721,97
TR988*0100*2000*01_A4,25.0,0.76,0.9333333333333333,0.05333333333333334,0.013333333333333334,0.06666666666666667,1.3333333333333333,75
TR991*0100*2000*01_A1,23.0,0.7623762376237624,0.9405940594059405,0.0297029702970297,0.0297029702970297,0.0594059405940594,1.3564356435643565,101
TR991*0100*2000*01_A4,23.0,0.7272727272727273,0.8977272727272727,0.10227272727272728,0.0,0.10227272727272728,1.3863636363636365,88
TR992*0100*2000*01_A1,20.0,0.7258064516129032,0.8548387096774194,0.11290322580645161,0.03225806451612903,0.14516129032258066,1.5,62
TR992*0100*2000*01_A3,20.0,0.6914893617021277,0.8723404255319149,0.1276595744680851,0.0,0.1276595744680851,1.4680851063829787,94
TR994*0100*2000*01_A1,22.0,0.6,0.84,0.12,0.04,0.16,1.64,50
TR994*0100*2000*01_A5b,22.0,0.576271186440678,0.7796610169491526,0.1694915254237288,0.05084745762711865,0.22033898305084745,1.8135593220338984,59
TR995*0100*2000*01_A1,33.0,0.6605504587155964,0.8899082568807339,0.09174311926605505,0.01834862385321101,0.11009174311926606,1.5229357798165137,109
TR995*0100*2000*01_A4,33.0,0.6534653465346535,0.8811881188118812,0.10891089108910891,0.009900990099009901,0.1188118811881188,1.504950495049505,101
TR998*0100*2000*01_A1,22.0,0.7395833333333334,0.9583333333333334,0.041666666666666664,0.0,0.041666666666666664,1.3125,96
TR998*0100*2000*01_A4,22.0,0.7236842105263158,0.9736842105263158,0.02631578947368421,0.0,0.02631578947368421,1.3026315789473684,76
TR999*0100*2000*01_A1,28.0,0.7704918032786885,0.8934426229508197,0.10655737704918032,0.0,0.10655737704918032,1.360655737704918,122
TR999*0100*2000*01_A3,28.0,0.735632183908046,0.8390804597701149,0.16091954022988506,0.0,0.16091954022988506,1.4367816091954022,87
TR1000*0100*2000*01_A1,24.0,0.7686567164179104,0.9402985074626866,0.04477611940298507,0.014925373134328358,0.05970149253731343,1.335820895522388,134
TR1000*0100*2000*01_A4,24.0,0.7070707070707071,0.9393939393939394,0.050505050505050504,0.010101010101010102,0.06060606060606061,1.393939393939394,99
TR1002*0100*2000*01_A1,22.0,0.7777777777777778,0.9292929292929293,0.0707070707070707,0.0,0.0707070707070707,1.303030303030303,99
TR1002*0100*2000*01_A3,22.0,0.8484848484848485,0.9393939393939394,0.06060606060606061,0.0,0.06060606060606061,1.2121212121212122,66
TR1003*0100*2000*01_A1,20.0,0.8255813953488372,0.9302325581395349,0.046511627906976744,0.023255813953488372,0.06976744186046512,1.2906976744186047,86
TR1003*0100*2000*01_A3,20.0,0.8070175438596491,0.8947368421052632,0.10526315789473684,0.0,0.10526315789473684,1.3333333333333333,57
TR1004*0100*2000*01_A1,32.0,0.6916666666666667,0.825,0.15833333333333333,0.016666666666666666,0.175,1.5583333333333333,120
TR1004*0100*2000*01_A3,32.0,0.6631578947368421,0.8105263157894737,0.18947368421052632,0.0,0.18947368421052632,1.568421052631579,95
TR1005*0100*2000*01_A1,19.0,0.8235294117647058,0.9411764705882353,0.03529411764705882,0.023529411764705882,0.058823529411764705,1.3058823529411765,85
TR1005*0100*2000*01_A3,19.0,0.796875,0.90625,0.09375,0.0,0.09375,1.3125,64
TR1006*0100*2000*01_A1,33.0,0.7538461538461538,0.9307692307692308,0.06153846153846154,0.007692307692307693,0.06923076923076923,1.3461538461538463,130
TR1006*0100*2000*01_A3,33.0,0.7463768115942029,0.8623188405797102,0.13043478260869565,0.007246376811594203,0.13768115942028986,1.4565217391304348,138
TR1009*0100*2000*01_A1,33.0,0.6511627906976745,0.8372093023255814,0.1511627906976744,0.011627906976744186,0.16279069767441862,1.5813953488372092,86
TR1009*0100*2000*01_A4,33.0,0.6410256410256411,0.8974358974358975,0.10256410256410256,0.0,0.10256410256410256,1.5128205128205128,78
TR1015*0100*2000*01_A1,20.0,0.7395833333333334,0.8854166666666666,0.08333333333333333,0.03125,0.11458333333333333,1.4895833333333333,96
TR1015*0100*2000*01_A4,20.0,0.72,0.92,0.08,0.0,0.08,1.36,50
TR1016*0100*2000*01_A1,27.0,0.7701149425287356,0.9425287356321839,0.022988505747126436,0.034482758620689655,0.05747126436781609,1.3793103448275863,87
TR1016*0100*2000*01_A4,27.0,0.6792452830188679,0.8962264150943396,0.10377358490566038,0.0,0.10377358490566038,1.4433962264150944,106
TR1017*0100*2000*01_A1,29.0,0.8295454545454546,0.9318181818181818,0.045454545454545456,0.022727272727272728,0.06818181818181818,1.2954545454545454,88
TR1017*0100*2000*01_A4,29.0,0.7441860465116279,0.9302325581395349,0.05813953488372093,0.011627906976744186,0.06976744186046512,1.3604651162790697,86
TR1020*0100*2000*01_A1,25.0,0.735632183908046,0.9195402298850575,0.05747126436781609,0.022988505747126436,0.08045977011494253,1.4022988505747127,87
TR1020*0100*2000*01_A4,25.0,0.7341772151898734,0.9367088607594937,0.06329113924050633,0.0,0.06329113924050633,1.3417721518987342,79
TR1024*0100*2000*01_A1,29.0,0.6835443037974683,0.8860759493670886,0.0759493670886076,0.0379746835443038,0.11392405063291139,1.518987341772152,79
TR1024*0100*2000*01_A3,29.0,0.7802197802197802,0.9120879120879121,0.08791208791208792,0.0,0.08791208791208792,1.3406593406593406,91
TR1025*0100*2000*01_A1,35.0,0.6475409836065574,0.8442622950819673,0.14754098360655737,0.00819672131147541,0.1557377049180328,1.5737704918032787,122
TR1025*0100*2000*01_A4,35.0,0.6716417910447762,0.8432835820895522,0.12686567164179105,0.029850746268656716,0.15671641791044777,1.5820895522388059,134
TR1026*0100*2000*01_A1,36.0,0.6521739130434783,0.8608695652173913,0.12173913043478261,0.017391304347826087,0.1391304347826087,1.5478260869565217,115
TR1026*0100*2000*01_A4,36.0,0.7522123893805309,0.9292035398230089,0.07079646017699115,0.0,0.07079646017699115,1.345132743362832,113
TR1029*0100*2000*01_A1,28.0,0.6492537313432836,0.8582089552238806,0.12686567164179105,0.014925373134328358,0.1417910447761194,1.537313432835821,134
TR1029*0100*2000*01_A4,28.0,0.7563025210084033,0.8739495798319328,0.12605042016806722,0.0,0.12605042016806722,1.3949579831932772,119
TR1031*0100*2000*01_A1,23.0,0.7355371900826446,0.9256198347107438,0.05785123966942149,0.01652892561983471,0.0743801652892562,1.3801652892561984,121
TR1031*0100*2000*01_A3,23.0,0.7786885245901639,0.9180327868852459,0.07377049180327869,0.00819672131147541,0.08196721311475409,1.3360655737704918,122
TR1033*0100*2000*01_A1,20.0,0.6615384615384615,0.9076923076923077,0.07692307692307693,0.015384615384615385,0.09230769230769231,1.4615384615384615,65
TR1033*0100*2000*01_A3,20.0,0.8153846153846154,0.9846153846153847,0.015384615384615385,0.0,0.015384615384615385,1.2,65
TR1036*0100*2000*01_A1,28.0,0.7261904761904762,0.8809523809523809,0.10714285714285714,0.011904761904761904,0.11904761904761904,1.4166666666666667,84
TR1036*0100*2000*01_A3,28.0,0.7613636363636364,0.9090909090909091,0.09090909090909091,0.0,0.09090909090909091,1.3295454545454546,88
TR1038*0100*2000*01_A1,17.0,0.7450980392156863,0.9117647058823529,0.08823529411764706,0.0,0.08823529411764706,1.3725490196078431,102
TR1038*0100*2000*01_A3,17.0,0.7564102564102564,0.8846153846153846,0.11538461538461539,0.0,0.11538461538461539,1.3974358974358974,78
TR1039*0100*2000*01_A1,38.0,0.6336633663366337,0.801980198019802,0.1782178217821782,0.019801980198019802,0.19801980198019803,1.6732673267326732,101
TR1039*0100*2000*01_A2,38.0,0.631578947368421,0.7280701754385965,0.2719298245614035,0.0,0.2719298245614035,1.719298245614035,114
TR1040*0100*2000*01_A1,22.0,0.6842105263157895,0.8421052631578947,0.13157894736842105,0.02631578947368421,0.15789473684210525,1.5657894736842106,76
TR1040*0100*2000*01_A4,22.0,0.6307692307692307,0.9384615384615385,0.06153846153846154,0.0,0.06153846153846154,1.4461538461538461,65
TR1042*0100*2000*01_A1,32.0,0.6701030927835051,0.8350515463917526,0.15463917525773196,0.010309278350515464,0.16494845360824742,1.556701030927835,97
TR1042*0100*2000*01_A3,32.0,0.6372549019607843,0.9117647058823529,0.08823529411764706,0.0,0.08823529411764706,1.4509803921568627,102
TR1045*0100*2000*01_A1,17.0,0.6761904761904762,0.8380952380952381,0.1523809523809524,0.009523809523809525,0.1619047619047619,1.5523809523809524,105
TR1045*0100*2000*01_A3,17.0,0.8023255813953488,0.9302325581395349,0.06976744186046512,0.0,0.06976744186046512,1.2790697674418605,86
TR114*0100*2000*01_A1,26.0,0.7745098039215687,0.9117647058823529,0.08823529411764706,0.0,0.08823529411764706,1.3529411764705883,102
TR114*0100*2000*01_A4,26.0,0.6764705882352942,0.8676470588235294,0.08823529411764706,0.04411764705882353,0.1323529411764706,1.588235294117647,68
TR116*0100*2000*01_A1,34.0,0.6565656565656566,0.9090909090909091,0.0707070707070707,0.020202020202020204,0.09090909090909091,1.5252525252525253,99
TR116*0100*2000*01_A3,34.0,0.7058823529411765,0.7647058823529411,0.21176470588235294,0.023529411764705882,0.23529411764705882,1.6588235294117648,85
TR117*0100*2000*01_A1,31.0,0.8,0.9333333333333333,0.05555555555555555,0.011111111111111112,0.06666666666666667,1.288888888888889,90
TR117*0100*2000*01_A4,31.0,0.7662337662337663,0.961038961038961,0.03896103896103896,0.0,0.03896103896103896,1.2727272727272727,77
TR118*0100*2000*01_A1,23.0,0.7333333333333333,0.9066666666666666,0.08,0.013333333333333334,0.09333333333333334,1.4266666666666667,75
TR118*0100*2000*01_A2,23.0,0.6545454545454545,0.8181818181818182,0.16363636363636364,0.01818181818181818,0.18181818181818182,1.6363636363636365,55
TR119*0100*2000*01_A1,24.0,0.6862745098039216,0.8431372549019608,0.12745098039215685,0.029411764705882353,0.1568627450980392,1.5588235294117647,102
TR119*0100*2000*01_A2,24.0,0.6857142857142857,0.8571428571428571,0.11428571428571428,0.02857142857142857,0.14285714285714285,1.5714285714285714,70
TR120*0100*2000*01_A1,32.0,0.5245901639344263,0.8688524590163934,0.12295081967213115,0.00819672131147541,0.13114754098360656,1.6557377049180328,122
TR120*0100*2000*01_A2,32.0,0.47959183673469385,0.6632653061224489,0.30612244897959184,0.030612244897959183,0.336734693877551,2.0816326530612246,98
TR123*0100*2000*01_A1,29.0,0.7114093959731543,0.87248322147651,0.10067114093959731,0.026845637583892617,0.12751677852348994,1.4966442953020134,149
TR123*0100*2000*01_A2,29.0,0.6394557823129252,0.8367346938775511,0.16326530612244897,0.0,0.16326530612244897,1.5578231292517006,147
TR125*0100*2000*01_A1,35.0,0.7215189873417721,0.8860759493670886,0.08860759493670886,0.02531645569620253,0.11392405063291139,1.4556962025316456,79
TR125*0100*2000*01_A3,35.0,0.6463414634146342,0.8048780487804879,0.18292682926829268,0.012195121951219513,0.1951219512195122,1.646341463414634,82
TR1048*0100*2000*01_A1,21.0,0.6705882352941176,0.9058823529411765,0.058823529411764705,0.03529411764705882,0.09411764705882353,1.5176470588235293,85
TR1048*0100*2000*01_A3,21.0,0.6410256410256411,0.8205128205128205,0.16666666666666666,0.01282051282051282,0.1794871794871795,1.6153846153846154,78
TR1050*0100*2000*01_A1,26.0,0.686046511627907,0.8255813953488372,0.1744186046511628,0.0,0.1744186046511628,1.5232558139534884,86
TR1050*0100*2000*01_A2,26.0,0.6617647058823529,0.8382352941176471,0.14705882352941177,0.014705882352941176,0.16176470588235295,1.5588235294117647,68
TR1051*0100*2000*01_A1,30.0,0.6388888888888888,0.8888888888888888,0.09259259259259259,0.018518518518518517,0.1111111111111111,1.537037037037037,108
TR1051*0100*2000*01_A5a,30.0,0.5714285714285714,0.7857142857142857,0.19047619047619047,0.023809523809523808,0.21428571428571427,1.7619047619047619,84
TR1053*0100*2000*01_A1,25.0,0.7789473684210526,0.8736842105263158,0.09473684210526316,0.031578947368421054,0.12631578947368421,1.4421052631578948,95
TR1053*0100*2000*01_A3,25.0,0.7875,0.95,0.05,0.0,0.05,1.2625,80
TR1056*0100*2000*01_A1,31.0,0.780952380952381,0.9333333333333333,0.06666666666666667,0.0,0.06666666666666667,1.2952380952380953,105
TR1056*0100*2000*01_A4,31.0,0.7272727272727273,0.9363636363636364,0.06363636363636363,0.0,0.06363636363636363,1.3363636363636364,110
TR1057*0100*2000*01_A1,27.0,0.688,0.816,0.152,0.032,0.184,1.584,125
TR1057*0100*2000*01_A4,27.0,0.7972972972972973,0.9256756756756757,0.06756756756756757,0.006756756756756757,0.07432432432432433,1.3243243243243243,148
TR1059*0100*2000*01_A1,31.0,0.59375,0.8020833333333334,0.17708333333333334,0.020833333333333332,0.19791666666666666,1.7083333333333333,96
TR1059*0100*2000*01_A5b,31.0,0.6352941176470588,0.7647058823529411,0.21176470588235294,0.023529411764705882,0.23529411764705882,1.7176470588235293,85
TR1060*0100*2000*01_A1,31.0,0.75,0.94,0.04,0.02,0.06,1.35,100
TR1060*0100*2000*01_A4,31.0,0.7526881720430108,0.956989247311828,0.03225806451612903,0.010752688172043012,0.043010752688172046,1.3225806451612903,93
TR1062*0100*2000*01_A1,27.0,0.7723577235772358,0.9105691056910569,0.07317073170731707,0.016260162601626018,0.08943089430894309,1.3739837398373984,123
TR1062*0100*2000*01_A3,27.0,0.7247706422018348,0.8899082568807339,0.10091743119266056,0.009174311926605505,0.11009174311926606,1.4403669724770642,109
TR1064*0100*2000*01_A1,36.0,0.8045977011494253,0.9195402298850575,0.05747126436781609,0.022988505747126436,0.08045977011494253,1.3218390804597702,87
TR1064*0100*2000*01_A3,36.0,0.6666666666666666,0.8095238095238095,0.14285714285714285,0.047619047619047616,0.19047619047619047,1.619047619047619,63
TR773*0100*2000*01_A1,32.0,0.5959595959595959,0.8181818181818182,0.15151515151515152,0.030303030303030304,0.18181818181818182,1.696969696969697,99
TR773*0100*2000*01_A3,32.0,0.7386363636363636,0.8977272727272727,0.10227272727272728,0.0,0.10227272727272728,1.3636363636363635,88
TR1065*0100*2000*01_A1,35.0,0.6036036036036037,0.8018018018018018,0.16216216216216217,0.036036036036036036,0.1981981981981982,1.7117117117117118,111
TR1065*0100*2000*01_A3,35.0,0.6666666666666666,0.8585858585858586,0.12121212121212122,0.020202020202020204,0.1414141414141414,1.5555555555555556,99
TR1069*0100*2000*01_A1,21.0,0.76,0.9,0.08,0.02,0.1,1.38,100
TR1069*0100*2000*01_A4,21.0,0.7719298245614035,0.9824561403508771,0.017543859649122806,0.0,0.017543859649122806,1.2456140350877194,57
TR774*0100*2000*01_A1,34.0,0.6730769230769231,0.8589743589743589,0.1282051282051282,0.01282051282051282,0.14102564102564102,1.5256410256410255,156
TR774*0100*2000*01_A3,34.0,0.5702479338842975,0.8264462809917356,0.15702479338842976,0.01652892561983471,0.17355371900826447,1.7024793388429753,121
TR1088*0100*2000*01_A1,26.0,0.7931034482758621,0.9195402298850575,0.05747126436781609,0.022988505747126436,0.08045977011494253,1.3563218390804597,87
TR1088*0100*2000*01_A3,26.0,0.7121212121212122,0.8181818181818182,0.18181818181818182,0.0,0.18181818181818182,1.5151515151515151,66
TR1090*0100*2000*01_A1,18.0,0.7131147540983607,0.8852459016393442,0.09836065573770492,0.01639344262295082,0.11475409836065574,1.4672131147540983,122
TR1090*0100*2000*01_A4,18.0,0.76,0.94,0.06,0.0,0.06,1.3,50
TR1092*0100*2000*01_A1,27.0,0.7314814814814815,0.9166666666666666,0.06481481481481481,0.018518518518518517,0.08333333333333333,1.4166666666666667,108
TR1092*0100*2000*01_A2,27.0,0.6701030927835051,0.8350515463917526,0.16494845360824742,0.0,0.16494845360824742,1.4948453608247423,97
TR1093*0100*2000*01_A1,31.0,0.7835051546391752,0.9175257731958762,0.07216494845360824,0.010309278350515464,0.08247422680412371,1.3402061855670102,97
TR1093*0100*2000*01_A3,31.0,0.75,0.8409090909090909,0.14772727272727273,0.011363636363636364,0.1590909090909091,1.4545454545454546,88
TR1095*0100*2000*01_A1,22.0,0.6701030927835051,0.8762886597938144,0.09278350515463918,0.030927835051546393,0.12371134020618557,1.5360824742268042,97
TR1095*0100*2000*01_A3,22.0,0.7846153846153846,0.9230769230769231,0.07692307692307693,0.0,0.07692307692307693,1.3076923076923077,65
TR1098*0100*2000*01_A1,26.0,0.7872340425531915,0.8829787234042553,0.11702127659574468,0.0,0.11702127659574468,1.351063829787234,94
TR1098*0100*2000*01_A4,26.0,0.7659574468085106,0.9148936170212766,0.07446808510638298,0.010638297872340425,0.0851063829787234,1.3617021276595744,94
TR1100*0100*2000*01_A1,34.0,0.7714285714285715,0.9333333333333333,0.047619047619047616,0.01904761904761905,0.06666666666666667,1.3333333333333333,105
TR1100*0100*2000*01_A4,34.0,0.7582417582417582,0.9120879120879121,0.08791208791208792,0.0,0.08791208791208792,1.3516483516483517,91
TR775*0100*2000*01_A1,26.0,0.7916666666666666,0.9166666666666666,0.0625,0.020833333333333332,0.08333333333333333,1.34375,96
TR775*0100*2000*01_A3,26.0,0.6304347826086957,0.8152173913043478,0.18478260869565216,0.0,0.18478260869565216,1.5978260869565217,92
TR1103*0100*2000*01_A1,25.0,0.7368421052631579,0.8526315789473684,0.14736842105263157,0.0,0.14736842105263157,1.4526315789473685,95
TR1103*0100*2000*01_A4,25.0,0.7391304347826086,0.9239130434782609,0.07608695652173914,0.0,0.07608695652173914,1.391304347826087,92
TR1109*0100*2000*01_A1,27.0,0.6310679611650486,0.8349514563106796,0.1553398058252427,0.009708737864077669,0.1650485436893204,1.6116504854368932,103
TR1109*0100*2000*01_A2,27.0,0.631578947368421,0.7894736842105263,0.19736842105263158,0.013157894736842105,0.21052631578947367,1.6842105263157894,76
TR1112*0100*2000*01_A1,32.0,0.7706422018348624,0.8899082568807339,0.11009174311926606,0.0,0.11009174311926606,1.3577981651376148,109
TR1112*0100*2000*01_A4,32.0,0.7303370786516854,0.9775280898876404,0.02247191011235955,0.0,0.02247191011235955,1.2921348314606742,89
TR1113*0100*2000*01_A1,25.0,0.6744186046511628,0.872093023255814,0.11627906976744186,0.011627906976744186,0.12790697674418605,1.5232558139534884,86
TR1113*0100*2000*01_A4,25.0,0.6987951807228916,0.8674698795180723,0.12048192771084337,0.012048192771084338,0.13253012048192772,1.5060240963855422,83
TR1117*0100*2000*01_A1,29.0,0.7532467532467533,0.961038961038961,0.012987012987012988,0.025974025974025976,0.03896103896103896,1.3376623376623376,77
TR1117*0100*2000*01_A4,29.0,0.6153846153846154,0.9538461538461539,0.046153846153846156,0.0,0.046153846153846156,1.4461538461538461,65
TR776*0100*2000*01_A1,34.0,0.8034188034188035,0.9572649572649573,0.03418803418803419,0.008547008547008548,0.042735042735042736,1.2564102564102564,117
TR776*0100*2000*01_A3,34.0,0.6666666666666666,0.898989898989899,0.10101010101010101,0.0,0.10101010101010101,1.4545454545454546,99
TR1122*0100*2000*01_A1,33.0,0.6991150442477876,0.9026548672566371,0.07964601769911504,0.017699115044247787,0.09734513274336283,1.4513274336283186,113
TR1122*0100*2000*01_A3,33.0,0.717948717948718,0.8717948717948718,0.11965811965811966,0.008547008547008548,0.1282051282051282,1.4615384615384615,117
TR1123*0100*2000*01_A1,26.0,0.859504132231405,0.9421487603305785,0.03305785123966942,0.024793388429752067,0.05785123966942149,1.2644628099173554,121
TR1123*0100*2000*01_A4,26.0,0.7238095238095238,0.9523809523809523,0.047619047619047616,0.0,0.047619047619047616,1.3333333333333333,105
TR1124*0100*2000*01_A1,32.0,0.6504854368932039,0.8737864077669902,0.0970873786407767,0.02912621359223301,0.1262135922330097,1.5728155339805825,103
TR1124*0100*2000*01_A4,32.0,0.7142857142857143,0.9183673469387755,0.07142857142857142,0.01020408163265306,0.08163265306122448,1.3979591836734695,98
TR1126*0100*2000*01_A1,37.0,0.5899280575539568,0.7697841726618705,0.18705035971223022,0.04316546762589928,0.2302158273381295,1.8129496402877698,139
TR1126*0100*2000*01_A4,37.0,0.6470588235294118,0.8970588235294118,0.09558823529411764,0.007352941176470588,0.10294117647058823,1.4852941176470589,136
TR1133*0100*2000*01_A1,20.0,0.775,0.9375,0.0625,0.0,0.0625,1.3,80
TR1133*0100*2000*01_A2,20.0,0.8125,0.9375,0.0625,0.0,0.0625,1.25,48
TR1134*0100*2000*01_A1,28.0,0.7520661157024794,0.9421487603305785,0.04132231404958678,0.01652892561983471,0.05785123966942149,1.3471074380165289,121
TR1134*0100*2000*01_A4,28.0,0.8133333333333334,0.94,0.05333333333333334,0.006666666666666667,0.06,1.2666666666666666,150
TR1138*0100*2000*01_A1,29.0,0.6857142857142857,0.8857142857142857,0.0761904761904762,0.0380952380952381,0.11428571428571428,1.5238095238095237,105
TR1138*0100*2000*01_A3,29.0,0.6632653061224489,0.8979591836734694,0.07142857142857142,0.030612244897959183,0.10204081632653061,1.5204081632653061,98
TR1141*0100*2000*01_A1,28.0,0.7415730337078652,0.9101123595505618,0.07865168539325842,0.011235955056179775,0.0898876404494382,1.3820224719101124,89
TR1141*0100*2000*01_A3,28.0,0.6707317073170732,0.8780487804878049,0.12195121951219512,0.0,0.12195121951219512,1.4878048780487805,82
TR777*0100*2000*01_A1,37.0,0.7156862745098039,0.8823529411764706,0.09803921568627451,0.0196078431372549,0.11764705882352941,1.4509803921568627,102
TR777*0100*2000*01_A4,37.0,0.7244897959183674,0.9081632653061225,0.09183673469387756,0.0,0.09183673469387756,1.3979591836734695,98
TR133*0100*2000*01_A1,28.0,0.7159090909090909,0.9204545454545454,0.056818181818181816,0.022727272727272728,0.07954545454545454,1.4204545454545454,88
TR133*0100*2000*01_A4,28.0,0.6129032258064516,0.8279569892473119,0.16129032258064516,0.010752688172043012,0.17204301075268819,1.6129032258064515,93
TR134*0100*2000*01_A1,23.0,0.6470588235294118,0.8333333333333334,0.12745098039215685,0.0392156862745098,0.16666666666666666,1.6274509803921569,102
TR134*0100*2000*01_A2,23.0,0.5360824742268041,0.8144329896907216,0.15463917525773196,0.030927835051546393,0.18556701030927836,1.7525773195876289,97
TR135*0100*2000*01_A1,36.0,0.625,0.7647058823529411,0.22794117647058823,0.007352941176470588,0.23529411764705882,1.6985294117647058,136
TR135*0100*2000*01_A4,36.0,0.6637931034482759,0.8275862068965517,0.1724137931034483,0.0,0.1724137931034483,1.543103448275862,116
TR136*0100*2000*01_A1,16.0,0.8390804597701149,0.9425287356321839,0.04597701149425287,0.011494252873563218,0.05747126436781609,1.2413793103448276,87
TR136*0100*2000*01_A4,16.0,0.7307692307692307,0.9230769230769231,0.07692307692307693,0.0,0.07692307692307693,1.3461538461538463,78
TR137*0100*2000*01_A1,27.0,0.6850393700787402,0.8740157480314961,0.10236220472440945,0.023622047244094488,0.12598425196850394,1.5196850393700787,127
TR137*0100*2000*01_A3,27.0,0.6511627906976745,0.8527131782945736,0.14728682170542637,0.0,0.14728682170542637,1.5193798449612403,129
TR138*0100*2000*01_A1,24.0,0.7078651685393258,0.9438202247191011,0.0449438202247191,0.011235955056179775,0.056179775280898875,1.3820224719101124,89
TR138*0100*2000*01_A4,24.0,0.7692307692307693,0.9560439560439561,0.04395604395604396,0.0,0.04395604395604396,1.2747252747252746,91
TR140*0100*2000*01_A1,28.0,0.7107438016528925,0.9090909090909091,0.06611570247933884,0.024793388429752067,0.09090909090909091,1.4297520661157024,121
TR140*0100*2000*01_A3,28.0,0.7253521126760564,0.9084507042253521,0.09154929577464789,0.0,0.09154929577464789,1.3661971830985915,142
TR142*0100*2000*01_A1,18.0,0.7555555555555555,0.9333333333333333,0.044444444444444446,0.022222222222222223,0.06666666666666667,1.3888888888888888,90
TR142*0100*2000*01_A2,18.0,0.7241379310344828,0.8275862068965517,0.1724137931034483,0.0,0.1724137931034483,1.4827586206896552,29
TR144*0100*2000*01_A1,30.0,0.7931034482758621,0.896551724137931,0.09195402298850575,0.011494252873563218,0.10344827586206896,1.3563218390804597,87
TR144*0100*2000*01_A4,30.0,0.7578947368421053,0.9052631578947369,0.08421052631578947,0.010526315789473684,0.09473684210526316,1.3789473684210527,95
TR145*0100*2000*01_A1,32.0,0.6410256410256411,0.811965811965812,0.1794871794871795,0.008547008547008548,0.18803418803418803,1.5982905982905984,117
TR145*0100*2000*01_A2,32.0,0.5203252032520326,0.7317073170731707,0.24390243902439024,0.024390243902439025,0.2682926829268293,1.8943089430894309,123
TR146*0100*2000*01_A1,36.0,0.6666666666666666,0.8560606060606061,0.12121212121212122,0.022727272727272728,0.14393939393939395,1.553030303030303,132
TR146*0100*2000*01_A4,36.0,0.6333333333333333,0.8916666666666667,0.10833333333333334,0.0,0.10833333333333334,1.4833333333333334,120
TR147*0100*2000*01_A1,33.0,0.6446280991735537,0.859504132231405,0.11570247933884298,0.024793388429752067,0.14049586776859505,1.603305785123967,121
TR147*0100*2000*01_A5a,33.0,0.5172413793103449,0.6781609195402298,0.2988505747126437,0.022988505747126436,0.3218390804597701,2.0,87
TR148*0100*2000*01_A1,31.0,0.7524752475247525,0.9108910891089109,0.07920792079207921,0.009900990099009901,0.0891089108910891,1.3663366336633664,101
TR148*0100*2000*01_A4,31.0,0.7027027027027027,0.9369369369369369,0.06306306306306306,0.0,0.06306306306306306,1.3783783783783783,111
TR150*0100*2000*01_A1,31.0,0.676056338028169,0.8309859154929577,0.14084507042253522,0.028169014084507043,0.16901408450704225,1.5774647887323943,71
TR150*0100*2000*01_A3,31.0,0.6976744186046512,0.872093023255814,0.10465116279069768,0.023255813953488372,0.12790697674418605,1.5,86
TR778*0100*2000*01_A1,24.0,0.6868686868686869,0.9191919191919192,0.08080808080808081,0.0,0.08080808080808081,1.4242424242424243,99
TR778*0100*2000*01_A3,24.0,0.7619047619047619,0.8928571428571429,0.09523809523809523,0.011904761904761904,0.10714285714285714,1.4047619047619047,84
TR152*0100*2000*01_A1,35.0,0.6511627906976745,0.8604651162790697,0.11627906976744186,0.023255813953488372,0.13953488372093023,1.558139534883721,86
TR152*0100*2000*01_A4,35.0,0.7474747474747475,0.9393939393939394,0.06060606060606061,0.0,0.06060606060606061,1.3131313131313131,99
TR153*0100*2000*01_A1,30.0,0.7169811320754716,0.9150943396226415,0.0660377358490566,0.018867924528301886,0.08490566037735849,1.4339622641509433,106
TR153*0100*2000*01_A4,30.0,0.6306306306306306,0.9459459459459459,0.05405405405405406,0.0,0.05405405405405406,1.4414414414414414,111
TR155*0100*2000*01_A1,27.0,0.72,0.9066666666666666,0.08,0.013333333333333334,0.09333333333333334,1.4266666666666667,75
TR155*0100*2000*01_A4,27.0,0.6705882352941176,0.8823529411764706,0.10588235294117647,0.011764705882352941,0.11764705882352941,1.5058823529411764,85
TR157*0100*2000*01_A1,23.0,0.7912087912087912,0.9230769230769231,0.07692307692307693,0.0,0.07692307692307693,1.2967032967032968,91
TR157*0100*2000*01_A5b,23.0,0.8169014084507042,0.9436619718309859,0.04225352112676056,0.014084507042253521,0.056338028169014086,1.2816901408450705,71
TR158*0100*2000*01_A1,20.0,0.6557377049180327,0.9016393442622951,0.06557377049180328,0.03278688524590164,0.09836065573770492,1.5245901639344261,122
TR158*0100*2000*01_A3,20.0,0.6181818181818182,0.8,0.2,0.0,0.2,1.6272727272727272,110
TR160*0100*2000*01_A1,17.0,0.6637931034482759,0.8620689655172413,0.1206896551724138,0.017241379310344827,0.13793103448275862,1.5172413793103448,116
TR160*0100*2000*01_A3,17.0,0.7733333333333333,0.8933333333333333,0.10666666666666667,0.0,0.10666666666666667,1.3333333333333333,75
TR161*0100*2000*01_A1,38.0,0.6587301587301587,0.8412698412698413,0.11904761904761904,0.03968253968253968,0.15873015873015872,1.626984126984127,126
TR161*0100*2000*01_A3,38.0,0.6071428571428571,0.7767857142857143,0.21428571428571427,0.008928571428571428,0.22321428571428573,1.6875,112
TR163*0100*2000*01_A1,24.0,0.6333333333333333,0.8555555555555555,0.1111111111111111,0.03333333333333333,0.14444444444444443,1.5888888888888888,90
TR163*0100*2000*01_A3,24.0,0.5540540540540541,0.7027027027027027,0.28378378378378377,0.013513513513513514,0.2972972972972973,1.864864864864865,74
TR169*0100*2000*01_A1,33.0,0.7450980392156863,0.8921568627450981,0.0784313725490196,0.029411764705882353,0.10784313725490197,1.4215686274509804,102
TR169*0100*2000*01_A4,33.0,0.7578947368421053,0.9157894736842105,0.08421052631578947,0.0,0.08421052631578947,1.3263157894736841,95
TR779*0100*2000*01_A1,30.0,0.7064220183486238,0.908256880733945,0.07339449541284404,0.01834862385321101,0.09174311926605505,1.4495412844036697,109
TR779*0100*2000*01_A2,30.0,0.7857142857142857,0.9166666666666666,0.05952380952380952,0.023809523809523808,0.08333333333333333,1.369047619047619,84
TR172*0100*2000*01_A1,34.0,0.7228915662650602,0.8554216867469879,0.10843373493975904,0.03614457831325301,0.14457831325301204,1.4939759036144578,83
TR172*0100*2000*01_A3,34.0,0.6666666666666666,0.8888888888888888,0.1,0.011111111111111112,0.1111111111111111,1.511111111111111,90
TR173*0100*2000*01_A1,33.0,0.6046511627906976,0.813953488372093,0.1511627906976744,0.03488372093023256,0.18604651162790697,1.686046511627907,86
TR173*0100*2000*01_A4,33.0,0.6756756756756757,0.8783783783783784,0.12162162162162163,0.0,0.12162162162162163,1.5135135135135136,74
TR174*0100*2000*01_A1,30.0,0.6823529411764706,0.8470588235294118,0.10588235294117647,0.047058823529411764,0.15294117647058825,1.611764705882353,85
TR174*0100*2000*01_A3,30.0,0.6049382716049383,0.7777777777777778,0.2222222222222222,0.0,0.2222222222222222,1.6419753086419753,81
TR177*0100*2000*01_A1,11.0,0.6571428571428571,0.9142857142857143,0.08571428571428572,0.0,0.08571428571428572,1.4666666666666666,105
TR177*0100*2000*01_A4,11.0,0.7386363636363636,0.9545454545454546,0.045454545454545456,0.0,0.045454545454545456,1.3068181818181819,88
TR178*0100*2000*01_A1,30.0,0.8018867924528302,0.9433962264150944,0.04716981132075472,0.009433962264150943,0.05660377358490566,1.2735849056603774,106
TR178*0100*2000*01_A4,30.0,0.7207207207207207,0.9099099099099099,0.09009009009009009,0.0,0.09009009009009009,1.3873873873873874,111
TR182*0100*2000*01_A1,31.0,0.7291666666666666,0.9166666666666666,0.0625,0.020833333333333332,0.08333333333333333,1.3958333333333333,96
TR182*0100*2000*01_A4,31.0,0.6395348837209303,0.8604651162790697,0.13953488372093023,0.0,0.13953488372093023,1.5232558139534884,86
TR186*0100*2000*01_A1,30.0,0.6818181818181818,0.8636363636363636,0.11818181818181818,0.01818181818181818,0.13636363636363635,1.5272727272727273,110
TR186*0100*2000*01_A2,30.0,0.6493506493506493,0.8571428571428571,0.14285714285714285,0.0,0.14285714285714285,1.5454545454545454,77
TR188*0100*2000*01_A1,25.0,0.7654320987654321,0.8888888888888888,0.09876543209876543,0.012345679012345678,0.1111111111111111,1.382716049382716,81
TR188*0100*2000*01_A3,25.0,0.8142857142857143,0.9,0.07142857142857142,0.02857142857142857,0.1,1.3857142857142857,70
TR191*0100*2000*01_A1,22.0,0.7590361445783133,0.9156626506024096,0.08433734939759036,0.0,0.08433734939759036,1.3253012048192772,83
TR191*0100*2000*01_A3,22.0,0.7575757575757576,0.8939393939393939,0.10606060606060606,0.0,0.10606060606060606,1.3636363636363635,66
TR192*0100*2000*01_A1,27.0,0.6846153846153846,0.8923076923076924,0.1076923076923077,0.0,0.1076923076923077,1.4384615384615385,130
TR192*0100*2000*01_A3,27.0,0.7107438016528925,0.9090909090909091,0.08264462809917356,0.008264462809917356,0.09090909090909091,1.4049586776859504,121
TR193*0100*2000*01_A1,16.0,0.6901408450704225,0.9295774647887324,0.028169014084507043,0.04225352112676056,0.07042253521126761,1.4929577464788732,71
TR193*0100*2000*01_A2,16.0,0.8,0.9384615384615385,0.06153846153846154,0.0,0.06153846153846154,1.2615384615384615,65
TR195*0100*2000*01_A1,34.0,0.6813186813186813,0.8571428571428571,0.10989010989010989,0.03296703296703297,0.14285714285714285,1.5384615384615385,91
TR195*0100*2000*01_A4,34.0,0.6101694915254238,0.8813559322033898,0.11016949152542373,0.00847457627118644,0.11864406779661017,1.5508474576271187,118
TR197*0100*2000*01_A1,32.0,0.7894736842105263,0.9210526315789473,0.07894736842105263,0.0,0.07894736842105263,1.3070175438596492,114
TR197*0100*2000*01_A4,32.0,0.6890756302521008,0.9327731092436975,0.05042016806722689,0.01680672268907563,0.06722689075630252,1.4201680672268908,119
TR201*0100*2000*01_A1,30.0,0.8095238095238095,0.9166666666666666,0.047619047619047616,0.03571428571428571,0.08333333333333333,1.3571428571428572,84
TR201*0100*2000*01_A4,30.0,0.7340425531914894,0.9468085106382979,0.05319148936170213,0.0,0.05319148936170213,1.3191489361702127,94
TR202*0100*2000*01_A1,26.0,0.7524752475247525,0.8712871287128713,0.10891089108910891,0.019801980198019802,0.12871287128712872,1.4455445544554455,101
TR202*0100*2000*01_A4,26.0,0.7088607594936709,0.9113924050632911,0.08860759493670886,0.0,0.08860759493670886,1.3924050632911393,79
TR203*0100*2000*01_A1,34.0,0.6631578947368421,0.8736842105263158,0.11578947368421053,0.010526315789473684,0.12631578947368421,1.5157894736842106,95
TR203*0100*2000*01_A4,34.0,0.5888888888888889,0.8222222222222222,0.15555555555555556,0.022222222222222223,0.17777777777777778,1.6777777777777778,90
TR204*0100*2000*01_A1,28.0,0.6310679611650486,0.7864077669902912,0.1941747572815534,0.019417475728155338,0.21359223300970873,1.6601941747572815,103
TR204*0100*2000*01_A3,28.0,0.5888888888888889,0.7444444444444445,0.23333333333333334,0.022222222222222223,0.25555555555555554,1.8222222222222222,90
TR781*0100*2000*01_A1,36.0,0.6482758620689655,0.8482758620689655,0.13793103448275862,0.013793103448275862,0.15172413793103448,1.5517241379310345,145
TR781*0100*2000*01_A3,36.0,0.6454545454545455,0.8272727272727273,0.17272727272727273,0.0,0.17272727272727273,1.5909090909090908,110
TR209*0100*2000*01_A1,34.0,0.6728971962616822,0.9158878504672897,0.06542056074766354,0.018691588785046728,0.08411214953271028,1.4672897196261683,107
TR209*0100*2000*01_A4,34.0,0.6947368421052632,0.9263157894736842,0.07368421052631578,0.0,0.07368421052631578,1.4105263157894736,95
TR216*0100*2000*01_A1,25.0,0.6805555555555556,0.8472222222222222,0.13194444444444445,0.020833333333333332,0.1527777777777778,1.5208333333333333,144
TR216*0100*2000*01_A3,25.0,0.684931506849315,0.9041095890410958,0.0958904109589041,0.0,0.0958904109589041,1.4246575342465753,73
TR217*0100*2000*01_A1,24.0,0.7802197802197802,0.945054945054945,0.03296703296703297,0.02197802197802198,0.054945054945054944,1.3406593406593406,91
TR217*0100*2000*01_A3,24.0,0.8472222222222222,0.9166666666666666,0.08333333333333333,0.0,0.08333333333333333,1.2361111111111112,72
TR220*0100*2000*01_A1,38.0,0.6555555555555556,0.8444444444444444,0.13333333333333333,0.022222222222222223,0.15555555555555556,1.6,90
TR220*0100*2000*01_A4,38.0,0.6941176470588235,0.9647058823529412,0.03529411764705882,0.0,0.03529411764705882,1.3529411764705883,85
TR229*0100*2000*01_A1,21.0,0.7407407407407407,0.8962962962962963,0.1037037037037037,0.0,0.1037037037037037,1.3925925925925926,135
TR229*0100*2000*01_A4,21.0,0.7254901960784313,0.9215686274509803,0.0784313725490196,0.0,0.0784313725490196,1.3529411764705883,102
TR235*0100*2000*01_A1,40.0,0.723404255319149,0.8936170212765957,0.06382978723404255,0.0425531914893617,0.10638297872340426,1.4893617021276595,94
TR235*0100*2000*01_A2,40.0,0.5196078431372549,0.7450980392156863,0.2549019607843137,0.0,0.2549019607843137,1.7745098039215685,102
TR238*0100*2000*01_A1,27.0,0.6464646464646465,0.8484848484848485,0.13131313131313133,0.020202020202020204,0.15151515151515152,1.5757575757575757,99
TR238*0100*2000*01_A4,27.0,0.5853658536585366,0.8902439024390244,0.0975609756097561,0.012195121951219513,0.10975609756097561,1.5731707317073171,82
TR782*0100*2000*01_A1,28.0,0.7623762376237624,0.9306930693069307,0.039603960396039604,0.0297029702970297,0.06930693069306931,1.386138613861386,101
TR782*0100*2000*01_A4,28.0,0.7368421052631579,0.9078947368421053,0.09210526315789473,0.0,0.09210526315789473,1.355263157894737,76
TR27*0100*2000*01_A1,27.0,0.6607142857142857,0.8482142857142857,0.125,0.026785714285714284,0.15178571428571427,1.5625,112
TR27*0100*2000*01_A4,27.0,0.6776859504132231,0.9173553719008265,0.08264462809917356,0.0,0.08264462809917356,1.421487603305785,121
TR29*0100*2000*01_A1,29.0,0.7087378640776699,0.8640776699029126,0.11650485436893204,0.019417475728155338,0.13592233009708737,1.4757281553398058,103
TR29*0100*2000*01_A2,29.0,0.6909090909090909,0.8818181818181818,0.1,0.01818181818181818,0.11818181818181818,1.481818181818182,110
TR32*0100*2000*01_A1,30.0,0.82,0.93,0.05,0.02,0.07,1.3,100
TR32*0100*2000*01_A4,30.0,0.6753246753246753,0.948051948051948,0.05194805194805195,0.0,0.05194805194805195,1.3766233766233766,77
TR37*0100*2000*01_A1,26.0,0.780952380952381,0.9047619047619048,0.08571428571428572,0.009523809523809525,0.09523809523809523,1.3523809523809525,105
TR37*0100*2000*01_A3,26.0,0.75,0.875,0.125,0.0,0.125,1.4318181818181819,88
TR783*0100*2000*01_A1,29.0,0.75,0.93,0.05,0.02,0.07,1.39,100
TR783*0100*2000*01_A4,29.0,0.8118811881188119,0.9405940594059405,0.0594059405940594,0.0,0.0594059405940594,1.2475247524752475,101
TR242*0100*2000*01_A1,18.0,0.7375,0.9125,0.075,0.0125,0.0875,1.375,80
TR242*0100*2000*01_A3,18.0,0.7272727272727273,0.8977272727272727,0.09090909090909091,0.011363636363636364,0.10227272727272728,1.4090909090909092,88
TR243*0100*2000*01_A1,36.0,0.6382978723404256,0.8404255319148937,0.13829787234042554,0.02127659574468085,0.1595744680851064,1.6063829787234043,94
TR243*0100*2000*01_A4,36.0,0.6938775510204082,0.8877551020408163,0.09183673469387756,0.02040816326530612,0.11224489795918367,1.4795918367346939,98
TR249*0100*2000*01_A1,35.0,0.7244897959183674,0.8673469387755102,0.10204081632653061,0.030612244897959183,0.1326530612244898,1.5204081632653061,98
TR249*0100*2000*01_A3,35.0,0.6732673267326733,0.8217821782178217,0.16831683168316833,0.009900990099009901,0.1782178217821782,1.5841584158415842,101
TR251*0100*2000*01_A1,28.0,0.7317073170731707,0.9186991869918699,0.06504065040650407,0.016260162601626018,0.08130081300813008,1.3983739837398375,123
TR251*0100*2000*01_A3,28.0,0.7368421052631579,0.8859649122807017,0.11403508771929824,0.0,0.11403508771929824,1.394736842105263,114
TR252*0100*2000*01_A1,28.0,0.74,0.89,0.09,0.02,0.11,1.44,100
TR252*0100*2000*01_A3,28.0,0.76,0.9066666666666666,0.09333333333333334,0.0,0.09333333333333334,1.36,75
TR256*0100*2000*01_A1,24.0,0.7283950617283951,0.9012345679012346,0.08641975308641975,0.012345679012345678,0.09876543209876543,1.4197530864197532,81
TR256*0100*2000*01_A3,24.0,0.6923076923076923,0.8241758241758241,0.15384615384615385,0.02197802197802198,0.17582417582417584,1.5714285714285714,91
TR258*0100*2000*01_A1,26.0,0.7073170731707317,0.8780487804878049,0.0975609756097561,0.024390243902439025,0.12195121951219512,1.4695121951219512,164
TR258*0100*2000*01_A3,26.0,0.7835820895522388,0.8955223880597015,0.08208955223880597,0.022388059701492536,0.1044776119402985,1.3805970149253732,134
TR784*0100*2000*01_A1,32.0,0.7043478260869566,0.8869565217391304,0.09565217391304348,0.017391304347826087,0.11304347826086956,1.4521739130434783,115
TR784*0100*2000*01_A3,32.0,0.7238095238095238,0.8666666666666667,0.13333333333333333,0.0,0.13333333333333333,1.4285714285714286,105
TR260*0100*2000*01_A1,34.0,0.7226890756302521,0.907563025210084,0.08403361344537816,0.008403361344537815,0.09243697478991597,1.403361344537815,119
TR260*0100*2000*01_A4,34.0,0.719626168224299,0.9158878504672897,0.08411214953271028,0.0,0.08411214953271028,1.3831775700934579,107
TR261*0100*2000*01_A1,29.0,0.7708333333333334,0.8958333333333334,0.09375,0.010416666666666666,0.10416666666666667,1.3645833333333333,96
TR261*0100*2000*01_A4,29.0,0.7029702970297029,0.9108910891089109,0.0891089108910891,0.0,0.0891089108910891,1.396039603960396,101
TR262*0100*2000*01_A1,36.0,0.8181818181818182,0.9181818181818182,0.07272727272727272,0.00909090909090909,0.08181818181818182,1.3,110
TR262*0100*2000*01_A4,36.0,0.7037037037037037,0.8796296296296297,0.1111111111111111,0.009259259259259259,0.12037037037037036,1.462962962962963,108
TR269*0100*2000*01_A1,29.0,0.6764705882352942,0.8333333333333334,0.14705882352941177,0.0196078431372549,0.16666666666666666,1.5980392156862746,102
TR269*0100*2000*01_A5a,29.0,0.6984126984126984,0.7777777777777778,0.2222222222222222,0.0,0.2222222222222222,1.5396825396825398,63
TR270*0100*2000*01_A1,31.0,0.7403846153846154,0.9134615384615384,0.057692307692307696,0.028846153846153848,0.08653846153846154,1.4038461538461537,104
TR270*0100*2000*01_A4,31.0,0.7254901960784313,0.9019607843137255,0.0784313725490196,0.0196078431372549,0.09803921568627451,1.4313725490196079,102
TR274*0100*2000*01_A1,36.0,0.6635514018691588,0.8691588785046729,0.09345794392523364,0.037383177570093455,0.1308411214953271,1.5700934579439252,107
TR274*0100*2000*01_A4,36.0,0.6888888888888889,0.8814814814814815,0.1037037037037037,0.014814814814814815,0.11851851851851852,1.4666666666666666,135
TR276*0100*2000*01_A1,29.0,0.7051282051282052,0.8589743589743589,0.11538461538461539,0.02564102564102564,0.14102564102564102,1.5,78
TR276*0100*2000*01_A4,29.0,0.6091954022988506,0.9080459770114943,0.08045977011494253,0.011494252873563218,0.09195402298850575,1.5402298850574712,87
TR785*0100*2000*01_A1,24.0,0.6565656565656566,0.8787878787878788,0.10101010101010101,0.020202020202020204,0.12121212121212122,1.5454545454545454,99
TR785*0100*2000*01_A2,24.0,0.7790697674418605,0.8953488372093024,0.10465116279069768,0.0,0.10465116279069768,1.372093023255814,86
TR279*0100*2000*01_A1,22.0,0.7037037037037037,0.8814814814814815,0.1037037037037037,0.014814814814814815,0.11851851851851852,1.4592592592592593,135
TR279*0100*2000*01_A3,22.0,0.7350427350427351,0.8461538461538461,0.15384615384615385,0.0,0.15384615384615385,1.4444444444444444,117
TR280*0100*2000*01_A1,22.0,0.6796116504854369,0.8446601941747572,0.13592233009708737,0.019417475728155338,0.1553398058252427,1.5436893203883495,103
TR280*0100*2000*01_A4,22.0,0.7391304347826086,0.9130434782608695,0.08695652173913043,0.0,0.08695652173913043,1.358695652173913,92
TR281*0100*2000*01_A1,25.0,0.7428571428571429,0.9142857142857143,0.07142857142857142,0.014285714285714285,0.08571428571428572,1.3714285714285714,70
TR281*0100*2000*01_A4,25.0,0.6944444444444444,0.8888888888888888,0.1111111111111111,0.0,0.1111111111111111,1.4583333333333333,72
TR282*0100*2000*01_A1,25.0,0.7291666666666666,0.9479166666666666,0.041666666666666664,0.010416666666666666,0.052083333333333336,1.3541666666666667,96
TR282*0100*2000*01_A3,25.0,0.8936170212765957,0.9787234042553191,0.02127659574468085,0.0,0.02127659574468085,1.127659574468085,94
TR283*0100*2000*01_A1,25.0,0.7032967032967034,0.9120879120879121,0.06593406593406594,0.02197802197802198,0.08791208791208792,1.4285714285714286,91
TR283*0100*2000*01_A4,25.0,0.7010309278350515,0.9381443298969072,0.061855670103092786,0.0,0.061855670103092786,1.3608247422680413,97
TR285*0100*2000*01_A1,24.0,0.7894736842105263,0.9210526315789473,0.05263157894736842,0.02631578947368421,0.07894736842105263,1.3596491228070176,114
TR285*0100*2000*01_A2,24.0,0.6868686868686869,0.8484848484848485,0.13131313131313133,0.020202020202020204,0.15151515151515152,1.5555555555555556,99
TR286*0100*2000*01_A1,32.0,0.7050359712230215,0.8705035971223022,0.09352517985611511,0.03597122302158273,0.12949640287769784,1.5323741007194245,139
TR286*0100*2000*01_A4,32.0,0.6947368421052632,0.8631578947368421,0.10526315789473684,0.031578947368421054,0.1368421052631579,1.5368421052631578,95
TR287*0100*2000*01_A1,26.0,0.706766917293233,0.8796992481203008,0.09774436090225563,0.022556390977443608,0.12030075187969924,1.4887218045112782,133
TR287*0100*2000*01_A4,26.0,0.688,0.912,0.072,0.016,0.088,1.432,125
TR290*0100*2000*01_A1,26.0,0.6470588235294118,0.8137254901960784,0.14705882352941177,0.0392156862745098,0.18627450980392157,1.696078431372549,102
TR290*0100*2000*01_A3,26.0,0.7192982456140351,0.8596491228070176,0.13157894736842105,0.008771929824561403,0.14035087719298245,1.4473684210526316,114
TR291*0100*2000*01_A1,25.0,0.7747747747747747,0.9459459459459459,0.04504504504504504,0.009009009009009009,0.05405405405405406,1.3063063063063063,111
TR291*0100*2000*01_A2,25.0,0.759493670886076,0.9240506329113924,0.0759493670886076,0.0,0.0759493670886076,1.3291139240506329,79
TR292*0100*2000*01_A1,40.0,0.6914893617021277,0.8297872340425532,0.1595744680851064,0.010638297872340425,0.1702127659574468,1.5319148936170213,94
TR292*0100*2000*01_A3,40.0,0.788235294117647,0.9058823529411765,0.08235294117647059,0.011764705882352941,0.09411764705882353,1.3294117647058823,85
TR293*0100*2000*01_A1,37.0,0.6702127659574468,0.8617021276595744,0.10638297872340426,0.031914893617021274,0.13829787234042554,1.5319148936170213,94
TR293*0100*2000*01_A3,37.0,0.7640449438202247,0.9213483146067416,0.06741573033707865,0.011235955056179775,0.07865168539325842,1.3595505617977528,89
TR295*0100*2000*01_A1,17.0,0.6111111111111112,0.8222222222222222,0.16666666666666666,0.011111111111111112,0.17777777777777778,1.6222222222222222,90
TR295*0100*2000*01_A4,17.0,0.6666666666666666,0.8533333333333334,0.12,0.02666666666666667,0.14666666666666667,1.6133333333333333,75
TR296*0100*2000*01_A1,33.0,0.7222222222222222,0.8796296296296297,0.12037037037037036,0.0,0.12037037037037036,1.4074074074074074,108
TR296*0100*2000*01_A3,33.0,0.7157894736842105,0.8842105263157894,0.08421052631578947,0.031578947368421054,0.11578947368421053,1.5052631578947369,95
TR298*0100*2000*01_A1,26.0,0.7,0.88,0.11,0.01,0.12,1.46,100
TR298*0100*2000*01_A2,26.0,0.6666666666666666,0.8452380952380952,0.15476190476190477,0.0,0.15476190476190477,1.5119047619047619,84
TR300*0100*2000*01_A1,23.0,0.6923076923076923,0.9230769230769231,0.0673076923076923,0.009615384615384616,0.07692307692307693,1.4230769230769231,104
TR300*0100*2000*01_A4,23.0,0.5507246376811594,0.7536231884057971,0.2318840579710145,0.014492753623188406,0.2463768115942029,1.7536231884057971,69
TR302*0100*2000*01_A1,11.0,0.7547169811320755,0.8867924528301887,0.07547169811320754,0.03773584905660377,0.11320754716981132,1.4528301886792452,53
TR302*0100*2000*01_A2+3+4,11.0,0.7183098591549296,0.8591549295774648,0.14084507042253522,0.0,0.14084507042253522,1.4507042253521127,71
TR303*0100*2000*01_A1,34.0,0.7241379310344828,0.9195402298850575,0.08045977011494253,0.0,0.08045977011494253,1.367816091954023,87
TR303*0100*2000*01_A3,34.0,0.7142857142857143,0.8690476190476191,0.11904761904761904,0.011904761904761904,0.13095238095238096,1.4523809523809523,84
TR307*0100*2000*01_A1,33.0,0.7386363636363636,0.8409090909090909,0.13636363636363635,0.022727272727272728,0.1590909090909091,1.4772727272727273,88
TR307*0100*2000*01_A4,33.0,0.6444444444444445,0.8555555555555555,0.12222222222222222,0.022222222222222223,0.14444444444444443,1.5555555555555556,90
TR309*0100*2000*01_A1,26.0,0.691358024691358,0.9382716049382716,0.04938271604938271,0.012345679012345678,0.06172839506172839,1.4074074074074074,81
TR309*0100*2000*01_A4,26.0,0.6875,0.9375,0.05,0.0125,0.0625,1.4,80
TR310*0100*2000*01_A1,26.0,0.6544117647058824,0.8529411764705882,0.13970588235294118,0.007352941176470588,0.14705882352941177,1.5514705882352942,136
TR310*0100*2000*01_A4,26.0,0.7272727272727273,0.8925619834710744,0.09090909090909091,0.01652892561983471,0.10743801652892562,1.4462809917355373,121
TR312*0100*2000*01_A1,25.0,0.7027027027027027,0.9324324324324325,0.05405405405405406,0.013513513513513514,0.06756756756756757,1.3918918918918919,74
TR312*0100*2000*01_A3,25.0,0.6712328767123288,0.8904109589041096,0.1095890410958904,0.0,0.1095890410958904,1.4657534246575343,73
TR313*0100*2000*01_A1,33.0,0.6956521739130435,0.8695652173913043,0.11304347826086956,0.017391304347826087,0.13043478260869565,1.4956521739130435,115
TR313*0100*2000*01_A4,33.0,0.6818181818181818,0.9318181818181818,0.06818181818181818,0.0,0.06818181818181818,1.3977272727272727,88
TR314*0100*2000*01_A1,32.0,0.5619047619047619,0.780952380952381,0.2,0.01904761904761905,0.21904761904761905,1.7809523809523808,105
TR314*0100*2000*01_A4,32.0,0.7093023255813954,0.9186046511627907,0.08139534883720931,0.0,0.08139534883720931,1.3953488372093024,86
TR315*0100*2000*01_A1,24.0,0.7477477477477478,0.9009009009009009,0.09009009009009009,0.009009009009009009,0.0990990990990991,1.3783783783783783,111
TR315*0100*2000*01_A4,24.0,0.6764705882352942,0.8823529411764706,0.10784313725490197,0.00980392156862745,0.11764705882352941,1.4901960784313726,102
TR316*0100*2000*01_A1,35.0,0.6486486486486487,0.8468468468468469,0.11711711711711711,0.036036036036036036,0.15315315315315314,1.6216216216216217,111
TR316*0100*2000*01_A3,35.0,0.6470588235294118,0.8235294117647058,0.17647058823529413,0.0,0.17647058823529413,1.5686274509803921,102
TR318*0100*2000*01_A1,32.0,0.7368421052631579,0.8796992481203008,0.09774436090225563,0.022556390977443608,0.12030075187969924,1.4360902255639099,133
TR318*0100*2000*01_A3,32.0,0.6116504854368932,0.8349514563106796,0.13592233009708737,0.02912621359223301,0.1650485436893204,1.6601941747572815,103
TR319*0100*2000*01_A1,21.0,0.7974683544303798,0.9367088607594937,0.05063291139240506,0.012658227848101266,0.06329113924050633,1.3164556962025316,79
TR319*0100*2000*01_A3,21.0,0.7866666666666666,0.9066666666666666,0.09333333333333334,0.0,0.09333333333333334,1.32,75
TR321*0100*2000*01_A1,21.0,0.75,0.9375,0.052083333333333336,0.010416666666666666,0.0625,1.3333333333333333,96
TR321*0100*2000*01_A4,21.0,0.773109243697479,0.9495798319327731,0.05042016806722689,0.0,0.05042016806722689,1.2773109243697478,119
TR325*0100*2000*01_A1,25.0,0.7093023255813954,0.9302325581395349,0.03488372093023256,0.03488372093023256,0.06976744186046512,1.430232558139535,86
TR325*0100*2000*01_A3,25.0,0.7111111111111111,0.8777777777777778,0.12222222222222222,0.0,0.12222222222222222,1.4222222222222223,90
TR327*0100*2000*01_A1,26.0,0.7692307692307693,0.9230769230769231,0.06593406593406594,0.01098901098901099,0.07692307692307693,1.3406593406593406,91
TR327*0100*2000*01_A4,26.0,0.7428571428571429,0.9142857142857143,0.08571428571428572,0.0,0.08571428571428572,1.3428571428571427,70
TR328*0100*2000*01_A1,30.0,0.5398230088495575,0.7610619469026548,0.22123893805309736,0.017699115044247787,0.23893805309734514,1.7876106194690264,113
TR328*0100*2000*01_A3,30.0,0.5681818181818182,0.7840909090909091,0.18181818181818182,0.03409090909090909,0.2159090909090909,1.7954545454545454,88
TR329*0100*2000*01_A1,29.0,0.7383177570093458,0.8785046728971962,0.102803738317757,0.018691588785046728,0.12149532710280374,1.439252336448598,107
TR329*0100*2000*01_A3,29.0,0.6590909090909091,0.8295454545454546,0.1590909090909091,0.011363636363636364,0.17045454545454544,1.5454545454545454,88
TR331*0100*2000*01_A1,25.0,0.6881720430107527,0.8494623655913979,0.0967741935483871,0.053763440860215055,0.15053763440860216,1.6129032258064515,93
TR331*0100*2000*01_A4,25.0,0.7605633802816901,0.8732394366197183,0.1267605633802817,0.0,0.1267605633802817,1.3943661971830985,71
TR334*0100*2000*01_A1,19.0,0.6753246753246753,0.8961038961038961,0.07792207792207792,0.025974025974025976,0.1038961038961039,1.4805194805194806,77
TR334*0100*2000*01_A3,19.0,0.8148148148148148,0.9629629629629629,0.037037037037037035,0.0,0.037037037037037035,1.2222222222222223,54
TR335*0100*2000*01_A1,33.0,0.7102803738317757,0.8878504672897196,0.09345794392523364,0.018691588785046728,0.11214953271028037,1.4579439252336448,107
TR335*0100*2000*01_A3,33.0,0.6938775510204082,0.9081632653061225,0.09183673469387756,0.0,0.09183673469387756,1.4285714285714286,98
TR338*0100*2000*01_A1,30.0,0.6302521008403361,0.8235294117647058,0.14285714285714285,0.03361344537815126,0.17647058823529413,1.6470588235294117,119
TR338*0100*2000*01_A4,30.0,0.5846153846153846,0.8307692307692308,0.16923076923076924,0.0,0.16923076923076924,1.6307692307692307,130
TR342*0100*2000*01_A1,28.0,0.5842696629213483,0.7865168539325843,0.16853932584269662,0.0449438202247191,0.21348314606741572,1.797752808988764,89
TR342*0100*2000*01_A4,28.0,0.7058823529411765,0.9176470588235294,0.08235294117647059,0.0,0.08235294117647059,1.411764705882353,85
TR343*0100*2000*01_A1,24.0,0.7142857142857143,0.9243697478991597,0.058823529411764705,0.01680672268907563,0.07563025210084033,1.4201680672268908,119
TR343*0100*2000*01_A2,24.0,0.7111111111111111,0.8555555555555555,0.14444444444444443,0.0,0.14444444444444443,1.488888888888889,90
TR344*0100*2000*01_A1,35.0,0.7217391304347827,0.9043478260869565,0.06956521739130435,0.02608695652173913,0.09565217391304348,1.4434782608695653,115
TR344*0100*2000*01_A4,35.0,0.7073170731707317,0.926829268292683,0.07317073170731707,0.0,0.07317073170731707,1.4024390243902438,82
TR345*0100*2000*01_A1,36.0,0.768,0.904,0.08,0.016,0.096,1.368,125
TR345*0100*2000*01_A4,36.0,0.7362637362637363,0.9175824175824175,0.07142857142857142,0.01098901098901099,0.08241758241758242,1.3956043956043955,182
TR346*0100*2000*01_A1,24.0,0.7640449438202247,0.9325842696629213,0.056179775280898875,0.011235955056179775,0.06741573033707865,1.3370786516853932,89
TR346*0100*2000*01_A3,24.0,0.65,0.8125,0.1875,0.0,0.1875,1.5875,80
TR347*0100*2000*01_A1,39.0,0.5568181818181818,0.8522727272727273,0.125,0.022727272727272728,0.14772727272727273,1.6704545454545454,88
TR347*0100*2000*01_A3,39.0,0.6129032258064516,0.7956989247311828,0.20430107526881722,0.0,0.20430107526881722,1.6774193548387097,93
TR349*0100*2000*01_A1,23.0,0.6666666666666666,0.8395061728395061,0.13580246913580246,0.024691358024691357,0.16049382716049382,1.5802469135802468,81
TR349*0100*2000*01_A2,23.0,0.631578947368421,0.8421052631578947,0.15789473684210525,0.0,0.15789473684210525,1.5526315789473684,76
TR350*0100*2000*01_A1,25.0,0.7037037037037037,0.9382716049382716,0.04938271604938271,0.012345679012345678,0.06172839506172839,1.3950617283950617,81
TR350*0100*2000*01_A3,25.0,0.7926829268292683,0.8658536585365854,0.12195121951219512,0.012195121951219513,0.13414634146341464,1.3902439024390243,82
TR356*0100*2000*01_A1,25.0,0.5436893203883495,0.7766990291262136,0.21359223300970873,0.009708737864077669,0.22330097087378642,1.796116504854369,103
TR356*0100*2000*01_A2,25.0,0.5308641975308642,0.7037037037037037,0.2839506172839506,0.012345679012345678,0.2962962962962963,1.9012345679012346,81
TR358*0100*2000*01_A1,35.0,0.7252747252747253,0.8901098901098901,0.08791208791208792,0.02197802197802198,0.10989010989010989,1.4395604395604396,91
TR358*0100*2000*01_A4,35.0,0.7469879518072289,0.9879518072289156,0.012048192771084338,0.0,0.012048192771084338,1.2650602409638554,83
TR360*0100*2000*01_A1,38.0,0.7184466019417476,0.883495145631068,0.0970873786407767,0.019417475728155338,0.11650485436893204,1.4660194174757282,103
TR360*0100*2000*01_A4,38.0,0.7011494252873564,0.9195402298850575,0.08045977011494253,0.0,0.08045977011494253,1.4022988505747127,87
TR361*0100*2000*01_A1,26.0,0.7291666666666666,0.84375,0.13541666666666666,0.020833333333333332,0.15625,1.5,96
TR361*0100*2000*01_A3,26.0,0.7924528301886793,0.9056603773584906,0.08490566037735849,0.009433962264150943,0.09433962264150944,1.320754716981132,106
TR363*0100*2000*01_A1,34.0,0.6115107913669064,0.8201438848920863,0.15827338129496402,0.02158273381294964,0.17985611510791366,1.6618705035971224,139
TR363*0100*2000*01_A3,34.0,0.6739130434782609,0.8043478260869565,0.1956521739130435,0.0,0.1956521739130435,1.5869565217391304,92
TR366*0100*2000*01_A1,31.0,0.7215189873417721,0.8860759493670886,0.0759493670886076,0.0379746835443038,0.11392405063291139,1.481012658227848,79
TR366*0100*2000*01_A4,31.0,0.6947368421052632,0.8736842105263158,0.12631578947368421,0.0,0.12631578947368421,1.4526315789473685,95
TR372*0100*2000*01_A1,35.0,0.6153846153846154,0.8173076923076923,0.16346153846153846,0.019230769230769232,0.18269230769230768,1.6826923076923077,104
TR372*0100*2000*01_A2,35.0,0.5798319327731093,0.7478991596638656,0.25210084033613445,0.0,0.25210084033613445,1.7226890756302522,119
TR790*0100*2000*01_A1,33.0,0.6730769230769231,0.9038461538461539,0.07692307692307693,0.019230769230769232,0.09615384615384616,1.4807692307692308,104
TR790*0100*2000*01_A2,33.0,0.6521739130434783,0.8695652173913043,0.13043478260869565,0.0,0.13043478260869565,1.4891304347826086,92
TR374*0100*2000*01_A1,27.0,0.63,0.87,0.11,0.02,0.13,1.59,100
TR374*0100*2000*01_A3,27.0,0.6494845360824743,0.845360824742268,0.15463917525773196,0.0,0.15463917525773196,1.5876288659793814,97
TR379*0100*2000*01_A1,36.0,0.7431192660550459,0.8899082568807339,0.09174311926605505,0.01834862385321101,0.11009174311926606,1.4036697247706422,109
TR379*0100*2000*01_A2,36.0,0.6219512195121951,0.8292682926829268,0.15853658536585366,0.012195121951219513,0.17073170731707318,1.6341463414634145,82
TR381*0100*2000*01_A1,39.0,0.7211538461538461,0.8557692307692307,0.1346153846153846,0.009615384615384616,0.14423076923076922,1.4519230769230769,104
TR381*0100*2000*01_A4,39.0,0.6893203883495146,0.8640776699029126,0.13592233009708737,0.0,0.13592233009708737,1.4466019417475728,103
TR382*0100*2000*01_A1,33.0,0.76,0.928,0.056,0.016,0.072,1.352,125
TR382*0100*2000*01_A4,33.0,0.7404580152671756,0.9007633587786259,0.09923664122137404,0.0,0.09923664122137404,1.3740458015267176,131
TR383*0100*2000*01_A1,35.0,0.5887850467289719,0.8317757009345794,0.1308411214953271,0.037383177570093455,0.16822429906542055,1.6822429906542056,107
TR383*0100*2000*01_A5b,35.0,0.569620253164557,0.7088607594936709,0.26582278481012656,0.02531645569620253,0.2911392405063291,1.9113924050632911,79
TR385*0100*2000*01_A1,31.0,0.7373737373737373,0.898989898989899,0.09090909090909091,0.010101010101010102,0.10101010101010101,1.4141414141414141,99
TR385*0100*2000*01_A3,31.0,0.7619047619047619,0.9047619047619048,0.09523809523809523,0.0,0.09523809523809523,1.3523809523809525,105
TR399*0100*2000*01_A1,30.0,0.7952755905511811,0.9291338582677166,0.05511811023622047,0.015748031496062992,0.07086614173228346,1.3228346456692914,127
TR399*0100*2000*01_A3,30.0,0.7217391304347827,0.8782608695652174,0.11304347826086956,0.008695652173913044,0.12173913043478261,1.434782608695652,115
TR403*0100*2000*01_A1,26.0,0.6774193548387096,0.8817204301075269,0.10752688172043011,0.010752688172043012,0.11827956989247312,1.4946236559139785,93
TR403*0100*2000*01_A2,26.0,0.7439024390243902,0.9512195121951219,0.04878048780487805,0.0,0.04878048780487805,1.329268292682927,82
TR407*0100*2000*01_A1,33.0,0.7,0.8666666666666667,0.1,0.03333333333333333,0.13333333333333333,1.5444444444444445,90
TR407*0100*2000*01_A3,33.0,0.6891891891891891,0.7972972972972973,0.17567567567567569,0.02702702702702703,0.20270270270270271,1.6081081081081081,74
TR408*0100*2000*01_A1,34.0,0.7450980392156863,0.9019607843137255,0.08823529411764706,0.00980392156862745,0.09803921568627451,1.392156862745098,102
TR408*0100*2000*01_A4,34.0,0.7127659574468085,0.9468085106382979,0.05319148936170213,0.0,0.05319148936170213,1.3404255319148937,94
TR413*0100*2000*01_A1,35.0,0.7070707070707071,0.9090909090909091,0.0707070707070707,0.020202020202020204,0.09090909090909091,1.4444444444444444,99
TR413*0100*2000*01_A3,35.0,0.6344086021505376,0.8602150537634409,0.10752688172043011,0.03225806451612903,0.13978494623655913,1.5913978494623655,93
TR416*0100*2000*01_A1,24.0,0.7228915662650602,0.891566265060241,0.07228915662650602,0.03614457831325301,0.10843373493975904,1.4939759036144578,83
TR416*0100*2000*01_A4,24.0,0.7294117647058823,0.9058823529411765,0.08235294117647059,0.011764705882352941,0.09411764705882353,1.411764705882353,85
TE1*0100*2001*01_A1,30.0,0.5625,0.75,0.22916666666666666,0.020833333333333332,0.25,1.7916666666666667,96
TE1*0100*2001*01_A2,30.0,0.5051546391752577,0.7835051546391752,0.20618556701030927,0.010309278350515464,0.21649484536082475,1.7628865979381443,97
TE2*0100*2001*01_A1,27.0,0.7008547008547008,0.8461538461538461,0.1452991452991453,0.008547008547008548,0.15384615384615385,1.5042735042735043,117
TE2*0100*2001*01_A3,27.0,0.5793650793650794,0.7619047619047619,0.2222222222222222,0.015873015873015872,0.23809523809523808,1.7936507936507937,126
TE3*0100*2001*01_A1,34.0,0.6477272727272727,0.7954545454545454,0.19318181818181818,0.011363636363636364,0.20454545454545456,1.6136363636363635,88
TE3*0100*2001*01_A2,34.0,0.44871794871794873,0.7692307692307693,0.20512820512820512,0.02564102564102564,0.23076923076923078,1.8717948717948718,78
TE4*0100*2001*01_A1,29.0,0.7123287671232876,0.863013698630137,0.1232876712328767,0.0136986301369863,0.136986301369863,1.452054794520548,73
TE4*0100*2001*01_A2,29.0,0.6470588235294118,0.8382352941176471,0.14705882352941177,0.014705882352941176,0.16176470588235295,1.5735294117647058,68
TE5*0100*2001*01_A1,29.0,0.6770833333333334,0.8958333333333334,0.09375,0.010416666666666666,0.10416666666666667,1.46875,96
TE5*0100*2001*01_A3,29.0,0.648936170212766,0.8723404255319149,0.11702127659574468,0.010638297872340425,0.1276595744680851,1.5319148936170213,94
TE6*0100*2001*01_A1,24.0,0.6981132075471698,0.8773584905660378,0.11320754716981132,0.009433962264150943,0.12264150943396226,1.4622641509433962,106
TE6*0100*2001*01_A2,24.0,0.6020408163265306,0.9183673469387755,0.08163265306122448,0.0,0.08163265306122448,1.489795918367347,98
TE7*0100*2001*01_A1,26.0,0.5789473684210527,0.7631578947368421,0.23684210526315788,0.0,0.23684210526315788,1.736842105263158,76
TE7*0100*2001*01_A2,26.0,0.5272727272727272,0.8,0.2,0.0,0.2,1.6727272727272726,55
TE8*0100*2001*01_A1,25.0,0.6875,0.875,0.11458333333333333,0.010416666666666666,0.125,1.4791666666666667,96
TE8*0100*2001*01_A3,25.0,0.6463414634146342,0.8292682926829268,0.17073170731707318,0.0,0.17073170731707318,1.5731707317073171,82
TE9*0100*2001*01_A1,24.0,0.72,0.8933333333333333,0.09333333333333334,0.013333333333333334,0.10666666666666667,1.4266666666666667,75
TE9*0100*2001*01_A2,24.0,0.5633802816901409,0.8873239436619719,0.11267605633802817,0.0,0.11267605633802817,1.5633802816901408,71
TE10*0100*2001*01_A1,26.0,0.803921568627451,0.9411764705882353,0.058823529411764705,0.0,0.058823529411764705,1.2549019607843137,51
TE10*0100*2001*01_A2,26.0,0.7575757575757576,0.9545454545454546,0.045454545454545456,0.0,0.045454545454545456,1.3181818181818181,66
TE11*0100*2001*01_A1,23.0,0.7764705882352941,0.9058823529411765,0.08235294117647059,0.011764705882352941,0.09411764705882353,1.3529411764705883,85
TE11*0100*2001*01_A3,23.0,0.75,0.875,0.09375,0.03125,0.125,1.46875,64
TE12*0100*2001*01_A1,26.0,0.6753246753246753,0.8701298701298701,0.1038961038961039,0.025974025974025976,0.12987012987012986,1.5584415584415585,77
TE12*0100*2001*01_A2,26.0,0.5301204819277109,0.8192771084337349,0.1566265060240964,0.024096385542168676,0.18072289156626506,1.783132530120482,83
TE13*0100*2001*01_A1,26.0,0.6847826086956522,0.8369565217391305,0.14130434782608695,0.021739130434782608,0.16304347826086957,1.565217391304348,92
TE13*0100*2001*01_A2,26.0,0.6349206349206349,0.8412698412698413,0.15873015873015872,0.0,0.15873015873015872,1.5873015873015872,63
TE14*0100*2001*01_A1,38.0,0.7175572519083969,0.9083969465648855,0.0916030534351145,0.0,0.0916030534351145,1.3740458015267176,131
TE14*0100*2001*01_A3,38.0,0.7151515151515152,0.8666666666666667,0.13333333333333333,0.0,0.13333333333333333,1.4363636363636363,165
TE15*0100*2001*01_A1,27.0,0.66,0.86,0.13,0.01,0.14,1.53,100
TE15*0100*2001*01_A3,27.0,0.75177304964539,0.8581560283687943,0.14184397163120568,0.0,0.14184397163120568,1.425531914893617,141
TE16*0100*2001*01_A1,39.0,0.5175438596491229,0.7368421052631579,0.23684210526315788,0.02631578947368421,0.2631578947368421,1.8859649122807018,114
TE16*0100*2001*01_A2,39.0,0.4090909090909091,0.6363636363636364,0.3522727272727273,0.011363636363636364,0.36363636363636365,2.0795454545454546,88
TE17*0100*2001*01_A1,25.0,0.7160493827160493,0.8641975308641975,0.12345679012345678,0.012345679012345678,0.13580246913580246,1.4567901234567902,81
TE17*0100*2001*01_A2,25.0,0.6847826086956522,0.8369565217391305,0.15217391304347827,0.010869565217391304,0.16304347826086957,1.5326086956521738,92
TE18*0100*2001*01_A1,24.0,0.7027027027027027,0.8243243243243243,0.14864864864864866,0.02702702702702703,0.17567567567567569,1.5945945945945945,74
TE18*0100*2001*01_A2,24.0,0.7307692307692307,0.8974358974358975,0.10256410256410256,0.0,0.10256410256410256,1.4230769230769231,78
TE19*0100*2001*01_A1,25.0,0.7261904761904762,0.8809523809523809,0.10714285714285714,0.011904761904761904,0.11904761904761904,1.4404761904761905,84
TE19*0100*2001*01_A2,25.0,0.5930232558139535,0.8255813953488372,0.16279069767441862,0.011627906976744186,0.1744186046511628,1.6511627906976745,86
TE20*0100*2001*01_A1,30.0,0.62,0.8,0.17,0.03,0.2,1.66,100
TE20*0100*2001*01_A3,30.0,0.6136363636363636,0.7386363636363636,0.26136363636363635,0.0,0.26136363636363635,1.7613636363636365,88
TE21*0100*2001*01_A1,27.0,0.6126126126126126,0.8108108108108109,0.17117117117117117,0.018018018018018018,0.1891891891891892,1.6576576576576576,111
TE21*0100*2001*01_A2,27.0,0.5619834710743802,0.7520661157024794,0.24793388429752067,0.0,0.24793388429752067,1.7107438016528926,121
TE22*0100*2001*01_A1,20.0,0.7127659574468085,0.8404255319148937,0.14893617021276595,0.010638297872340425,0.1595744680851064,1.5106382978723405,94
TE22*0100*2001*01_A3,20.0,0.618421052631579,0.8947368421052632,0.10526315789473684,0.0,0.10526315789473684,1.5,76
TE23*0100*2001*01_A1,21.0,0.6307692307692307,0.7538461538461538,0.2153846153846154,0.03076923076923077,0.24615384615384617,1.7538461538461538,65
TE23*0100*2001*01_A3,21.0,0.5689655172413793,0.7241379310344828,0.27586206896551724,0.0,0.27586206896551724,1.793103448275862,58
TE24*0100*2001*01_A1,21.0,0.8292682926829268,0.9390243902439024,0.04878048780487805,0.012195121951219513,0.06097560975609756,1.2560975609756098,82
TE24*0100*2001*01_A3,21.0,0.8571428571428571,0.9642857142857143,0.03571428571428571,0.0,0.03571428571428571,1.1785714285714286,84
TE25*0100*2001*01_A1,26.0,0.8095238095238095,0.9047619047619048,0.07936507936507936,0.015873015873015872,0.09523809523809523,1.3174603174603174,63
TE25*0100*2001*01_A3,26.0,0.8082191780821918,0.9452054794520548,0.0547945205479452,0.0,0.0547945205479452,1.2465753424657535,73
TE26*0100*2001*01_A1,22.0,0.6417910447761194,0.835820895522388,0.1044776119402985,0.05970149253731343,0.16417910447761194,1.7014925373134329,67
TE26*0100*2001*01_A2,22.0,0.7246376811594203,0.927536231884058,0.07246376811594203,0.0,0.07246376811594203,1.3478260869565217,69
TE27*0100*2001*01_A1,24.0,0.696969696969697,0.8585858585858586,0.13131313131313133,0.010101010101010102,0.1414141414141414,1.4747474747474747,99
TE27*0100*2001*01_A3,24.0,0.8235294117647058,0.9264705882352942,0.07352941176470588,0.0,0.07352941176470588,1.2794117647058822,68
TE28*0100*2001*01_A1,38.0,0.7009345794392523,0.897196261682243,0.09345794392523364,0.009345794392523364,0.102803738317757,1.4485981308411215,107
TE28*0100*2001*01_A3,38.0,0.7065217391304348,0.8586956521739131,0.14130434782608695,0.0,0.14130434782608695,1.4782608695652173,92
TE29*0100*2001*01_A1,30.0,0.5795454545454546,0.8181818181818182,0.1590909090909091,0.022727272727272728,0.18181818181818182,1.6704545454545454,88
TE29*0100*2001*01_A2,30.0,0.5444444444444444,0.8111111111111111,0.17777777777777778,0.011111111111111112,0.18888888888888888,1.7222222222222223,90
TE30*0100*2001*01_A1,24.0,0.6933333333333334,0.8666666666666667,0.13333333333333333,0.0,0.13333333333333333,1.44,75
TE30*0100*2001*01_A2,24.0,0.5730337078651685,0.797752808988764,0.20224719101123595,0.0,0.20224719101123595,1.7191011235955056,89
TE31*0100*2001*01_A1,23.0,0.7608695652173914,0.8804347826086957,0.10869565217391304,0.010869565217391304,0.11956521739130435,1.3804347826086956,92
TE31*0100*2001*01_A3,23.0,0.7252747252747253,0.8901098901098901,0.10989010989010989,0.0,0.10989010989010989,1.3846153846153846,91
TE32*0100*2001*01_A1,22.0,0.6153846153846154,0.7692307692307693,0.1978021978021978,0.03296703296703297,0.23076923076923078,1.7912087912087913,91
TE32*0100*2001*01_A3,22.0,0.5714285714285714,0.7252747252747253,0.25274725274725274,0.02197802197802198,0.27472527472527475,1.8131868131868132,91
TE33*0100*2001*01_A1,23.0,0.6,0.7333333333333333,0.26666666666666666,0.0,0.26666666666666666,1.7,60
TE33*0100*2001*01_A3,23.0,0.5945945945945946,0.8648648648648649,0.13513513513513514,0.0,0.13513513513513514,1.554054054054054,74
TE34*0100*2001*01_A1,39.0,0.5425531914893617,0.7553191489361702,0.20212765957446807,0.0425531914893617,0.24468085106382978,1.8936170212765957,94
TE34*0100*2001*01_A2,39.0,0.5607476635514018,0.7570093457943925,0.18691588785046728,0.056074766355140186,0.24299065420560748,1.8878504672897196,107
TE35*0100*2001*01_A1,34.0,0.6268656716417911,0.8059701492537313,0.1791044776119403,0.014925373134328358,0.19402985074626866,1.6417910447761195,67
TE35*0100*2001*01_A3,34.0,0.6464646464646465,0.797979797979798,0.20202020202020202,0.0,0.20202020202020202,1.6464646464646464,99
TE95*0100*2001*01_A1,27.0,0.6379310344827587,0.7758620689655172,0.20689655172413793,0.017241379310344827,0.22413793103448276,1.6551724137931034,58
TE95*0100*2001*01_A2,27.0,0.5740740740740741,0.8703703703703703,0.12962962962962962,0.0,0.12962962962962962,1.5740740740740742,54
TE36*0100*2001*01_A1,37.0,0.7019230769230769,0.8653846153846154,0.11538461538461539,0.019230769230769232,0.1346153846153846,1.4903846153846154,104
TE36*0100*2001*01_A3,37.0,0.5833333333333334,0.8125,0.16666666666666666,0.020833333333333332,0.1875,1.7083333333333333,96
TE37*0100*2001*01_A1,31.0,0.6493506493506493,0.8181818181818182,0.16883116883116883,0.012987012987012988,0.18181818181818182,1.5714285714285714,77
TE37*0100*2001*01_A3,31.0,0.6956521739130435,0.8478260869565217,0.15217391304347827,0.0,0.15217391304347827,1.4891304347826086,92
TE38*0100*2001*01_A1,28.0,0.5975609756097561,0.8170731707317073,0.17073170731707318,0.012195121951219513,0.18292682926829268,1.6585365853658536,82
TE38*0100*2001*01_A4,28.0,0.6739130434782609,0.9565217391304348,0.043478260869565216,0.0,0.043478260869565216,1.3695652173913044,92
TE39*0100*2001*01_A1,26.0,0.6666666666666666,0.8592592592592593,0.11851851851851852,0.022222222222222223,0.14074074074074075,1.5629629629629629,135
TE39*0100*2001*01_A2,26.0,0.7083333333333334,0.8666666666666667,0.13333333333333333,0.0,0.13333333333333333,1.4666666666666666,120
TE40*0100*2001*01_A1,34.0,0.5862068965517241,0.8045977011494253,0.1724137931034483,0.022988505747126436,0.19540229885057472,1.7011494252873562,87
TE40*0100*2001*01_A2,34.0,0.3956043956043956,0.6483516483516484,0.32967032967032966,0.02197802197802198,0.3516483516483517,2.142857142857143,91
TE41*0100*2001*01_A1,26.0,0.689922480620155,0.875968992248062,0.11627906976744186,0.007751937984496124,0.12403100775193798,1.4806201550387597,129
TE41*0100*2001*01_A3,26.0,0.6344086021505376,0.8172043010752689,0.17204301075268819,0.010752688172043012,0.1827956989247312,1.6021505376344085,93
TE42*0100*2001*01_A1,34.0,0.6590909090909091,0.8409090909090909,0.14772727272727273,0.011363636363636364,0.1590909090909091,1.5454545454545454,88
TE42*0100*2001*01_A3,34.0,0.5555555555555556,0.8148148148148148,0.1728395061728395,0.012345679012345678,0.18518518518518517,1.6790123456790123,81
TE43*0100*2001*01_A1,19.0,0.7064220183486238,0.8715596330275229,0.11926605504587157,0.009174311926605505,0.12844036697247707,1.4495412844036697,109
TE43*0100*2001*01_A3,19.0,0.6019417475728155,0.8640776699029126,0.13592233009708737,0.0,0.13592233009708737,1.5533980582524272,103
TE44*0100*2001*01_A1,26.0,0.7530864197530864,0.9135802469135802,0.07407407407407407,0.012345679012345678,0.08641975308641975,1.382716049382716,81
TE44*0100*2001*01_A3,26.0,0.6804123711340206,0.8144329896907216,0.16494845360824742,0.020618556701030927,0.18556701030927836,1.597938144329897,97
TE45*0100*2001*01_A1,31.0,0.6161616161616161,0.8484848484848485,0.1414141414141414,0.010101010101010102,0.15151515151515152,1.5757575757575757,99
TE45*0100*2001*01_A3,31.0,0.6831683168316832,0.8316831683168316,0.13861386138613863,0.0297029702970297,0.16831683168316833,1.5940594059405941,101
TE46*0100*2001*01_A1,18.0,0.6666666666666666,0.8641975308641975,0.12345679012345678,0.012345679012345678,0.13580246913580246,1.5061728395061729,81
TE46*0100*2001*01_A2,18.0,0.6140350877192983,0.9122807017543859,0.07017543859649122,0.017543859649122806,0.08771929824561403,1.5263157894736843,57
TE47*0100*2001*01_A1,19.0,0.7319587628865979,0.9175257731958762,0.07216494845360824,0.010309278350515464,0.08247422680412371,1.3917525773195876,97
TE47*0100*2001*01_A2,19.0,0.5,0.7333333333333333,0.23333333333333334,0.03333333333333333,0.26666666666666666,1.9333333333333333,60
TE48*0100*2001*01_A1,25.0,0.6593406593406593,0.8571428571428571,0.13186813186813187,0.01098901098901099,0.14285714285714285,1.5274725274725274,91
TE48*0100*2001*01_A3,25.0,0.5846153846153846,0.8153846153846154,0.16923076923076924,0.015384615384615385,0.18461538461538463,1.6923076923076923,65
TE49*0100*2001*01_A1,26.0,0.64,0.84,0.16,0.0,0.16,1.55,100
TE49*0100*2001*01_A2,26.0,0.49382716049382713,0.7037037037037037,0.2962962962962963,0.0,0.2962962962962963,1.9135802469135803,81
TE50*0100*2001*01_A1,29.0,0.6601941747572816,0.8349514563106796,0.14563106796116504,0.019417475728155338,0.1650485436893204,1.5922330097087378,103
TE50*0100*2001*01_A3,29.0,0.5853658536585366,0.7682926829268293,0.2073170731707317,0.024390243902439025,0.23170731707317074,1.7682926829268293,82
TE51*0100*2001*01_A1,18.0,0.6833333333333333,0.8833333333333333,0.11666666666666667,0.0,0.11666666666666667,1.45,60
TE51*0100*2001*01_A2,18.0,0.76,0.94,0.06,0.0,0.06,1.32,50
TE52*0100*2001*01_A1,27.0,0.5909090909090909,0.8295454545454546,0.14772727272727273,0.022727272727272728,0.17045454545454544,1.6704545454545454,88
TE52*0100*2001*01_A2,27.0,0.36764705882352944,0.6470588235294118,0.35294117647058826,0.0,0.35294117647058826,2.0588235294117645,68
TE53*0100*2001*01_A1,35.0,0.5494505494505495,0.8021978021978022,0.18681318681318682,0.01098901098901099,0.1978021978021978,1.7142857142857142,91
TE53*0100*2001*01_A3,35.0,0.6494845360824743,0.8144329896907216,0.17525773195876287,0.010309278350515464,0.18556701030927836,1.5670103092783505,97
TE54*0100*2001*01_A1,22.0,0.726027397260274,0.9315068493150684,0.0547945205479452,0.0136986301369863,0.0684931506849315,1.3835616438356164,73
TE54*0100*2001*01_A2,22.0,0.5978260869565217,0.8913043478260869,0.10869565217391304,0.0,0.10869565217391304,1.5326086956521738,92
TE55*0100*2001*01_A1,36.0,0.7129629629629629,0.8703703703703703,0.12037037037037036,0.009259259259259259,0.12962962962962962,1.4537037037037037,108
TE55*0100*2001*01_A3,36.0,0.6178861788617886,0.7804878048780488,0.21138211382113822,0.008130081300813009,0.21951219512195122,1.6991869918699187,123
TE96*0100*2001*01_A1,30.0,0.6699029126213593,0.8252427184466019,0.1650485436893204,0.009708737864077669,0.17475728155339806,1.5728155339805825,103
TE96*0100*2001*01_A3,30.0,0.49,0.62,0.33,0.05,0.38,2.12,100
TE56*0100*2001*01_A1,14.0,0.6521739130434783,0.8405797101449275,0.14492753623188406,0.014492753623188406,0.15942028985507245,1.565217391304348,69
TE56*0100*2001*01_A4,14.0,0.828125,0.96875,0.03125,0.0,0.03125,1.203125,64
TE57*0100*2001*01_A1,24.0,0.7746478873239436,0.8732394366197183,0.1267605633802817,0.0,0.1267605633802817,1.3943661971830985,71
TE57*0100*2001*01_A2,24.0,0.611764705882353,0.7411764705882353,0.25882352941176473,0.0,0.25882352941176473,1.6941176470588235,85
TE58*0100*2001*01_A1,29.0,0.5319148936170213,0.8617021276595744,0.1276595744680851,0.010638297872340425,0.13829787234042554,1.6382978723404256,94
TE58*0100*2001*01_A3,29.0,0.7207207207207207,0.8648648648648649,0.13513513513513514,0.0,0.13513513513513514,1.4504504504504505,111
TE59*0100*2001*01_A1,28.0,0.6065573770491803,0.7950819672131147,0.18032786885245902,0.02459016393442623,0.20491803278688525,1.6639344262295082,122
TE59*0100*2001*01_A2,28.0,0.6413043478260869,0.8478260869565217,0.15217391304347827,0.0,0.15217391304347827,1.5434782608695652,92
TE60*0100*2001*01_A1,25.0,0.6483516483516484,0.8131868131868132,0.16483516483516483,0.02197802197802198,0.18681318681318682,1.6043956043956045,91
TE60*0100*2001*01_A2,25.0,0.5955056179775281,0.8426966292134831,0.15730337078651685,0.0,0.15730337078651685,1.6067415730337078,89
TE61*0100*2001*01_A1,37.0,0.6356589147286822,0.8294573643410853,0.15503875968992248,0.015503875968992248,0.17054263565891473,1.62015503875969,129
TE61*0100*2001*01_A2,37.0,0.39166666666666666,0.6083333333333333,0.3333333333333333,0.058333333333333334,0.39166666666666666,2.25,120
TE62*0100*2001*01_A1,24.0,0.7090909090909091,0.8545454545454545,0.12727272727272726,0.01818181818181818,0.14545454545454545,1.5,110
TE62*0100*2001*01_A3,24.0,0.6814814814814815,0.8148148148148148,0.17037037037037037,0.014814814814814815,0.18518518518518517,1.5925925925925926,135
TE63*0100*2001*01_A1,36.0,0.5638297872340425,0.7553191489361702,0.2127659574468085,0.031914893617021274,0.24468085106382978,1.7765957446808511,94
TE63*0100*2001*01_A2,36.0,0.43333333333333335,0.5916666666666667,0.375,0.03333333333333333,0.4083333333333333,2.125,120
TE64*0100*2001*01_A1,13.0,0.795774647887324,0.9154929577464789,0.07042253521126761,0.014084507042253521,0.08450704225352113,1.3380281690140845,142
TE64*0100*2001*01_A3,13.0,0.7641509433962265,0.9339622641509434,0.05660377358490566,0.009433962264150943,0.0660377358490566,1.330188679245283,106
TE65*0100*2001*01_A1,23.0,0.7183098591549296,0.8169014084507042,0.16901408450704225,0.014084507042253521,0.18309859154929578,1.5211267605633803,71
TE65*0100*2001*01_A3,23.0,0.5535714285714286,0.7857142857142857,0.21428571428571427,0.0,0.21428571428571427,1.6785714285714286,56
TE66*0100*2001*01_A1,29.0,0.704225352112676,0.8732394366197183,0.11267605633802817,0.014084507042253521,0.1267605633802817,1.4647887323943662,71
TE66*0100*2001*01_A3,29.0,0.8157894736842105,0.9605263157894737,0.02631578947368421,0.013157894736842105,0.039473684210526314,1.25,76
TE67*0100*2001*01_A1,31.0,0.6923076923076923,0.8589743589743589,0.08974358974358974,0.05128205128205128,0.14102564102564102,1.5897435897435896,78
TE67*0100*2001*01_A3,31.0,0.5625,0.75,0.1875,0.0625,0.25,1.8645833333333333,96
TE68*0100*2001*01_A1,23.0,0.7230769230769231,0.8923076923076924,0.09230769230769231,0.015384615384615385,0.1076923076923077,1.4153846153846155,65
TE68*0100*2001*01_A3,23.0,0.6219512195121951,0.8048780487804879,0.17073170731707318,0.024390243902439025,0.1951219512195122,1.670731707317073,82
TE69*0100*2001*01_A1,28.0,0.5647058823529412,0.788235294117647,0.18823529411764706,0.023529411764705882,0.21176470588235294,1.7411764705882353,85
TE69*0100*2001*01_A3,28.0,0.6666666666666666,0.8333333333333334,0.16666666666666666,0.0,0.16666666666666666,1.5208333333333333,96
TE70*0100*2001*01_A1,26.0,0.5131578947368421,0.6973684210526315,0.27631578947368424,0.02631578947368421,0.3026315789473684,1.9605263157894737,76
TE70*0100*2001*01_A3,26.0,0.4588235294117647,0.6470588235294118,0.3176470588235294,0.03529411764705882,0.35294117647058826,2.070588235294118,85
TE71*0100*2001*01_A1,21.0,0.6989247311827957,0.8709677419354839,0.11827956989247312,0.010752688172043012,0.12903225806451613,1.4623655913978495,93
TE71*0100*2001*01_A3,21.0,0.7830188679245284,0.9056603773584906,0.09433962264150944,0.0,0.09433962264150944,1.3396226415094339,106
TE72*0100*2001*01_A1,38.0,0.6436781609195402,0.8390804597701149,0.13793103448275862,0.022988505747126436,0.16091954022988506,1.6091954022988506,87
TE72*0100*2001*01_A3,38.0,0.5784313725490197,0.7156862745098039,0.28431372549019607,0.0,0.28431372549019607,1.7843137254901962,102
TE73*0100*2001*01_A1,32.0,0.5324675324675324,0.7402597402597403,0.24675324675324675,0.012987012987012988,0.2597402597402597,1.7532467532467533,77
TE73*0100*2001*01_A2,32.0,0.5217391304347826,0.6956521739130435,0.2717391304347826,0.03260869565217391,0.30434782608695654,1.934782608695652,92
TE74*0100*2001*01_A1,29.0,0.6417910447761194,0.8507462686567164,0.13432835820895522,0.014925373134328358,0.14925373134328357,1.537313432835821,67
TE74*0100*2001*01_A3,29.0,0.7352941176470589,0.8970588235294118,0.10294117647058823,0.0,0.10294117647058823,1.3970588235294117,68
TE97*0100*2001*01_A1,34.0,0.6590909090909091,0.8181818181818182,0.18181818181818182,0.0,0.18181818181818182,1.5568181818181819,88
TE97*0100*2001*01_A2,34.0,0.6141732283464567,0.8110236220472441,0.1732283464566929,0.015748031496062992,0.1889763779527559,1.6377952755905512,127
TE75*0100*2001*01_A1,36.0,0.5681818181818182,0.8068181818181818,0.1590909090909091,0.03409090909090909,0.19318181818181818,1.7272727272727273,88
TE75*0100*2001*01_A2,36.0,0.6483516483516484,0.8021978021978022,0.17582417582417584,0.02197802197802198,0.1978021978021978,1.6703296703296704,91
TE76*0100*2001*01_A1,40.0,0.5714285714285714,0.8095238095238095,0.18253968253968253,0.007936507936507936,0.19047619047619047,1.6587301587301588,126
TE76*0100*2001*01_A3,40.0,0.5128205128205128,0.7777777777777778,0.18803418803418803,0.03418803418803419,0.2222222222222222,1.8205128205128205,117
TE77*0100*2001*01_A1,29.0,0.6086956521739131,0.75,0.20652173913043478,0.043478260869565216,0.25,1.7717391304347827,92
TE77*0100*2001*01_A3,29.0,0.5051546391752577,0.6701030927835051,0.29896907216494845,0.030927835051546393,0.32989690721649484,2.0412371134020617,97
TE78*0100*2001*01_A1,34.0,0.6881720430107527,0.8064516129032258,0.1827956989247312,0.010752688172043012,0.1935483870967742,1.5376344086021505,93
TE78*0100*2001*01_A2,34.0,0.5566037735849056,0.839622641509434,0.1320754716981132,0.02830188679245283,0.16037735849056603,1.679245283018868,106
TE79*0100*2001*01_A1,36.0,0.6923076923076923,0.8717948717948718,0.11538461538461539,0.01282051282051282,0.1282051282051282,1.4743589743589745,78
TE79*0100*2001*01_A3,36.0,0.5833333333333334,0.7638888888888888,0.2361111111111111,0.0,0.2361111111111111,1.6944444444444444,72
TE80*0100*2001*01_A1,37.0,0.6759259259259259,0.7685185185185185,0.21296296296296297,0.018518518518518517,0.23148148148148148,1.6574074074074074,108
TE80*0100*2001*01_A3,37.0,0.6454545454545455,0.8363636363636363,0.14545454545454545,0.01818181818181818,0.16363636363636364,1.5818181818181818,110
TE81*0100*2001*01_A1,17.0,0.647887323943662,0.9014084507042254,0.08450704225352113,0.014084507042253521,0.09859154929577464,1.4929577464788732,71
TE81*0100*2001*01_A3,17.0,0.813953488372093,0.9069767441860465,0.09302325581395349,0.0,0.09302325581395349,1.2790697674418605,43
TE82*0100*2001*01_A1,32.0,0.66,0.95,0.04,0.01,0.05,1.41,100
TE82*0100*2001*01_A3,32.0,0.6791044776119403,0.8656716417910447,0.13432835820895522,0.0,0.13432835820895522,1.492537313432836,134
TE83*0100*2001*01_A1,25.0,0.6896551724137931,0.8390804597701149,0.13793103448275862,0.022988505747126436,0.16091954022988506,1.5517241379310345,87
TE83*0100*2001*01_A3,25.0,0.6585365853658537,0.8170731707317073,0.17073170731707318,0.012195121951219513,0.18292682926829268,1.5853658536585367,82
TE84*0100*2001*01_A1,25.0,0.5783132530120482,0.8554216867469879,0.12048192771084337,0.024096385542168676,0.14457831325301204,1.6265060240963856,83
TE84*0100*2001*01_A2,25.0,0.5633802816901409,0.8028169014084507,0.19718309859154928,0.0,0.19718309859154928,1.7183098591549295,71
TE85*0100*2001*01_A1,36.0,0.6081081081081081,0.8108108108108109,0.16891891891891891,0.02027027027027027,0.1891891891891892,1.6689189189189189,148
TE85*0100*2001*01_A2,36.0,0.5413533834586466,0.8120300751879699,0.18045112781954886,0.007518796992481203,0.18796992481203006,1.6917293233082706,133
TE86*0100*2001*01_A1,31.0,0.6987951807228916,0.8554216867469879,0.13253012048192772,0.012048192771084338,0.14457831325301204,1.4939759036144578,83
TE86*0100*2001*01_A2,31.0,0.6078431372549019,0.7941176470588235,0.20588235294117646,0.0,0.20588235294117646,1.6372549019607843,102
TE87*0100*2001*01_A1,27.0,0.6705882352941176,0.8470588235294118,0.1411764705882353,0.011764705882352941,0.15294117647058825,1.5176470588235293,85
TE87*0100*2001*01_A2,27.0,0.765625,0.921875,0.078125,0.0,0.078125,1.34375,64
TE88*0100*2001*01_A1,19.0,0.6351351351351351,0.8918918918918919,0.0945945945945946,0.013513513513513514,0.10810810810810811,1.5135135135135136,74
TE88*0100*2001*01_A3,19.0,0.6236559139784946,0.8494623655913979,0.15053763440860216,0.0,0.15053763440860216,1.5591397849462365,93
TE89*0100*2001*01_A1,28.0,0.6391752577319587,0.8969072164948454,0.08247422680412371,0.020618556701030927,0.10309278350515463,1.5257731958762886,97
TE89*0100*2001*01_A2,28.0,0.6666666666666666,0.8947368421052632,0.05263157894736842,0.05263157894736842,0.10526315789473684,1.5789473684210527,57
TE90*0100*2001*01_A1,20.0,0.5945945945945946,0.7837837837837838,0.20270270270270271,0.013513513513513514,0.21621621621621623,1.7027027027027026,74
TE90*0100*2001*01_A3,20.0,0.6285714285714286,0.819047619047619,0.1619047619047619,0.01904761904761905,0.18095238095238095,1.6285714285714286,105
TE91*0100*2001*01_A1,25.0,0.631578947368421,0.8245614035087719,0.15789473684210525,0.017543859649122806,0.17543859649122806,1.5964912280701755,57
TE91*0100*2001*01_A2,25.0,0.45714285714285713,0.7571428571428571,0.24285714285714285,0.0,0.24285714285714285,1.8571428571428572,70
TE92*0100*2001*01_A1,23.0,0.7163120567375887,0.8794326241134752,0.11347517730496454,0.0070921985815602835,0.12056737588652482,1.4609929078014185,141
TE92*0100*2001*01_A3,23.0,0.6153846153846154,0.8,0.16923076923076924,0.03076923076923077,0.2,1.6846153846153846,130
TE93*0100*2001*01_A1,22.0,0.6972477064220184,0.8715596330275229,0.11009174311926606,0.01834862385321101,0.12844036697247707,1.4862385321100917,109
TE93*0100*2001*01_A2,22.0,0.6724137931034483,0.9310344827586207,0.06896551724137931,0.0,0.06896551724137931,1.4137931034482758,58
TE94*0100*2001*01_A1,23.0,0.6129032258064516,0.7580645161290323,0.22580645161290322,0.016129032258064516,0.24193548387096775,1.7258064516129032,62
TE94*0100*2001*01_A2,23.0,0.5172413793103449,0.8275862068965517,0.1724137931034483,0.0,0.1724137931034483,1.6551724137931034,58
TR447*0101*2000*01_A1,28.0,0.8026315789473685,0.9473684210526315,0.05263157894736842,0.0,0.05263157894736842,1.25,76
TR447*0101*2000*01_A2,28.0,0.7176470588235294,0.9058823529411765,0.09411764705882353,0.0,0.09411764705882353,1.3764705882352941,85
TR454*0101*2000*01_A1,22.0,0.7297297297297297,0.9054054054054054,0.0945945945945946,0.0,0.0945945945945946,1.3783783783783783,74
TR454*0101*2000*01_A4,22.0,0.8095238095238095,0.9166666666666666,0.08333333333333333,0.0,0.08333333333333333,1.2857142857142858,84
TR471*0101*2000*01_A1,27.0,0.8181818181818182,0.9090909090909091,0.07575757575757576,0.015151515151515152,0.09090909090909091,1.3333333333333333,66
TR471*0101*2000*01_A3,27.0,0.9154929577464789,1.0,0.0,0.0,0.0,1.0845070422535212,71
TR568*0101*2000*01_A1,29.0,0.7432432432432432,0.9054054054054054,0.08108108108108109,0.013513513513513514,0.0945945945945946,1.4189189189189189,74
TR568*0101*2000*01_A4,29.0,0.6404494382022472,0.8539325842696629,0.1348314606741573,0.011235955056179775,0.14606741573033707,1.5393258426966292,89
TR294*0101*2000*01_A1,25.0,0.7424242424242424,0.8181818181818182,0.15151515151515152,0.030303030303030304,0.18181818181818182,1.5454545454545454,66
TR294*0101*2000*01_A3,25.0,0.7837837837837838,0.9054054054054054,0.0945945945945946,0.0,0.0945945945945946,1.3243243243243243,74
TR336*0101*2000*01_A1,22.0,0.734375,0.875,0.109375,0.015625,0.125,1.46875,64
TR336*0101*2000*01_A3,22.0,0.7956989247311828,0.946236559139785,0.03225806451612903,0.021505376344086023,0.053763440860215055,1.3010752688172043,93
OU6*0101*2001*01_A1,34.0,0.5691056910569106,0.7804878048780488,0.21951219512195122,0.0,0.21951219512195122,1.6991869918699187,123
OU6*0101*2001*01_A3,34.0,0.6992481203007519,0.8421052631578947,0.13533834586466165,0.022556390977443608,0.15789473684210525,1.5263157894736843,133
TR5*0102*2000*02_A1,29.0,0.6388888888888888,0.8425925925925926,0.1388888888888889,0.018518518518518517,0.1574074074074074,1.5740740740740742,108
TR5*0102*2000*02_A4,29.0,0.7,0.7875,0.2125,0.0,0.2125,1.5625,80
TR8*0102*2000*02_A1,34.0,0.5271317829457365,0.7674418604651163,0.20930232558139536,0.023255813953488372,0.23255813953488372,1.813953488372093,129
TR8*0102*2000*02_A5a,34.0,0.5136986301369864,0.7328767123287672,0.2671232876712329,0.0,0.2671232876712329,1.8356164383561644,146
TR433*0102*2000*02_A1,23.0,0.61,0.89,0.1,0.01,0.11,1.58,100
TR433*0102*2000*02_A3,23.0,0.7662337662337663,0.948051948051948,0.05194805194805195,0.0,0.05194805194805195,1.2987012987012987,77
TR501*0102*2000*02_A1,29.0,0.74,0.92,0.08,0.0,0.08,1.35,100
TR501*0102*2000*02_A4,29.0,0.8352941176470589,0.9529411764705882,0.047058823529411764,0.0,0.047058823529411764,1.2117647058823529,85
TR507*0102*2000*02_A1,26.0,0.6703296703296703,0.8901098901098901,0.0989010989010989,0.01098901098901099,0.10989010989010989,1.4725274725274726,91
TR507*0102*2000*02_A4,26.0,0.8,0.9052631578947369,0.09473684210526316,0.0,0.09473684210526316,1.3157894736842106,95
TR508*0102*2000*02_A1,26.0,0.5978260869565217,0.8152173913043478,0.16304347826086957,0.021739130434782608,0.18478260869565216,1.6630434782608696,92
TR508*0102*2000*02_A4,26.0,0.6526315789473685,0.8736842105263158,0.12631578947368421,0.0,0.12631578947368421,1.5157894736842106,95
TR510*0102*2000*02_A1,35.0,0.5287356321839081,0.7126436781609196,0.26436781609195403,0.022988505747126436,0.28735632183908044,1.8850574712643677,87
TR510*0102*2000*02_A4,35.0,0.7395833333333334,0.8645833333333334,0.11458333333333333,0.020833333333333332,0.13541666666666666,1.4583333333333333,96
TR83*0102*2000*02_A1,23.0,0.5512820512820513,0.7692307692307693,0.21794871794871795,0.01282051282051282,0.23076923076923078,1.7820512820512822,78
TR83*0102*2000*02_A3,23.0,0.6627906976744186,0.8953488372093024,0.10465116279069768,0.0,0.10465116279069768,1.5,86
TR517*0102*2000*02_A1,25.0,0.5784313725490197,0.8725490196078431,0.10784313725490197,0.0196078431372549,0.12745098039215685,1.6176470588235294,102
TR517*0102*2000*02_A4,25.0,0.6938775510204082,0.8469387755102041,0.15306122448979592,0.0,0.15306122448979592,1.469387755102041,98
TR535*0102*2000*02_A1,32.0,0.6141732283464567,0.84251968503937,0.14173228346456693,0.015748031496062992,0.15748031496062992,1.6220472440944882,127
TR535*0102*2000*02_A4,32.0,0.7555555555555555,0.9111111111111111,0.06666666666666667,0.022222222222222223,0.08888888888888889,1.4,90
TR537*0102*2000*02_A1,34.0,0.7040816326530612,0.8979591836734694,0.08163265306122448,0.02040816326530612,0.10204081632653061,1.4591836734693877,98
TR537*0102*2000*02_A4,34.0,0.8131868131868132,0.9560439560439561,0.04395604395604396,0.0,0.04395604395604396,1.2307692307692308,91
TR545*0102*2000*02_A1,35.0,0.5730337078651685,0.8202247191011236,0.15730337078651685,0.02247191011235955,0.1797752808988764,1.6853932584269662,89
TR545*0102*2000*02_A4,35.0,0.7191011235955056,0.8314606741573034,0.15730337078651685,0.011235955056179775,0.16853932584269662,1.4943820224719102,89
TR548*0102*2000*02_A1,23.0,0.6186440677966102,0.8559322033898306,0.1271186440677966,0.01694915254237288,0.1440677966101695,1.5847457627118644,118
TR548*0102*2000*02_A4,23.0,0.589041095890411,0.7945205479452054,0.1780821917808219,0.0273972602739726,0.2054794520547945,1.726027397260274,73
TR550*0102*2000*02_A1,24.0,0.5478260869565217,0.8,0.2,0.0,0.2,1.7391304347826086,115
TR550*0102*2000*02_A2,24.0,0.6203703703703703,0.7777777777777778,0.17592592592592593,0.046296296296296294,0.2222222222222222,1.75,108
TR58*0102*2000*02_A1,31.0,0.5454545454545454,0.7636363636363637,0.20909090909090908,0.02727272727272727,0.23636363636363636,1.8181818181818181,110
TR58*0102*2000*02_A3,31.0,0.6585365853658537,0.8902439024390244,0.10975609756097561,0.0,0.10975609756097561,1.5121951219512195,82
TR86*0102*2000*02_A1,34.0,0.6386554621848739,0.8403361344537815,0.15126050420168066,0.008403361344537815,0.15966386554621848,1.5630252100840336,119
TR86*0102*2000*02_A2,34.0,0.696969696969697,0.9090909090909091,0.09090909090909091,0.0,0.09090909090909091,1.393939393939394,99
TR578*0102*2000*02_A1,23.0,0.6391752577319587,0.845360824742268,0.14432989690721648,0.010309278350515464,0.15463917525773196,1.556701030927835,97
TR578*0102*2000*02_A4,23.0,0.7469879518072289,0.891566265060241,0.10843373493975904,0.0,0.10843373493975904,1.3734939759036144,83
TR582*0102*2000*02_A1,23.0,0.6,0.8333333333333334,0.13333333333333333,0.03333333333333333,0.16666666666666666,1.6555555555555554,90
TR582*0102*2000*02_A4,23.0,0.7634408602150538,0.8924731182795699,0.10752688172043011,0.0,0.10752688172043011,1.3548387096774193,93
TR584*0102*2000*02_A1,30.0,0.4835164835164835,0.6813186813186813,0.31868131868131866,0.0,0.31868131868131866,1.934065934065934,91
TR584*0102*2000*02_A2,30.0,0.6352941176470588,0.8352941176470589,0.16470588235294117,0.0,0.16470588235294117,1.5411764705882354,85
TR599*0102*2000*02_A1,25.0,0.6666666666666666,0.8680555555555556,0.125,0.006944444444444444,0.13194444444444445,1.4861111111111112,144
TR599*0102*2000*02_A4,25.0,0.7622377622377622,0.916083916083916,0.08391608391608392,0.0,0.08391608391608392,1.3356643356643356,143
TR601*0102*2000*02_A1,21.0,0.5181818181818182,0.8181818181818182,0.17272727272727273,0.00909090909090909,0.18181818181818182,1.7272727272727273,110
TR601*0102*2000*02_A4,21.0,0.7122302158273381,0.8201438848920863,0.17985611510791366,0.0,0.17985611510791366,1.4892086330935252,139
TR607*0102*2000*02_A1,32.0,0.6981132075471698,0.9150943396226415,0.08490566037735849,0.0,0.08490566037735849,1.4056603773584906,106
TR607*0102*2000*02_A4,32.0,0.7166666666666667,0.8666666666666667,0.125,0.008333333333333333,0.13333333333333333,1.45,120
TR89*0102*2000*02_A1,31.0,0.6194690265486725,0.7964601769911505,0.17699115044247787,0.02654867256637168,0.20353982300884957,1.6814159292035398,113
TR89*0102*2000*02_A4,31.0,0.7384615384615385,0.8923076923076924,0.1076923076923077,0.0,0.1076923076923077,1.3923076923076922,130
TR65*0102*2000*02_A1,25.0,0.796875,0.890625,0.109375,0.0,0.109375,1.3125,64
TR65*0102*2000*02_A4,25.0,0.7375,0.85,0.15,0.0,0.15,1.425,80
TR75*0102*2000*02_A1,31.0,0.5726495726495726,0.8632478632478633,0.11965811965811966,0.017094017094017096,0.13675213675213677,1.606837606837607,117
TR75*0102*2000*02_A4,31.0,0.76,0.89,0.11,0.0,0.11,1.38,100
TR710*0102*2000*02_A1,26.0,0.5728155339805825,0.8058252427184466,0.1650485436893204,0.02912621359223301,0.1941747572815534,1.7184466019417475,103
TR710*0102*2000*02_A2,26.0,0.6515151515151515,0.9166666666666666,0.08333333333333333,0.0,0.08333333333333333,1.4393939393939394,132
TR711*0102*2000*02_A1,30.0,0.6608695652173913,0.8260869565217391,0.17391304347826086,0.0,0.17391304347826086,1.5478260869565217,115
TR711*0102*2000*02_A4,30.0,0.7171717171717171,0.8686868686868687,0.12121212121212122,0.010101010101010102,0.13131313131313133,1.4343434343434343,99
TR717*0102*2000*02_A1,37.0,0.5339805825242718,0.8349514563106796,0.1650485436893204,0.0,0.1650485436893204,1.6796116504854368,103
TR717*0102*2000*02_A4,37.0,0.7053571428571429,0.8660714285714286,0.125,0.008928571428571428,0.13392857142857142,1.4642857142857142,112
TR738*0102*2000*02_A1,28.0,0.6423357664233577,0.8759124087591241,0.12408759124087591,0.0,0.12408759124087591,1.5036496350364963,137
TR738*0102*2000*02_A5a,28.0,0.7209302325581395,0.8255813953488372,0.1744186046511628,0.0,0.1744186046511628,1.5,86
TR761*0102*2000*02_A1,26.0,0.6788990825688074,0.8623853211009175,0.12844036697247707,0.009174311926605505,0.13761467889908258,1.5229357798165137,109
TR761*0102*2000*02_A4,26.0,0.7682926829268293,0.9146341463414634,0.08536585365853659,0.0,0.08536585365853659,1.329268292682927,82
TR851*0102*2000*02_A1,30.0,0.5535714285714286,0.8214285714285714,0.17857142857142858,0.0,0.17857142857142858,1.6696428571428572,112
TR851*0102*2000*02_A2,30.0,0.7083333333333334,0.825,0.15833333333333333,0.016666666666666666,0.175,1.5666666666666667,120
TR854*0102*2000*02_A1,22.0,0.4603174603174603,0.7301587301587301,0.25396825396825395,0.015873015873015872,0.2698412698412698,1.8888888888888888,63
TR854*0102*2000*02_A4,22.0,0.6483516483516484,0.7362637362637363,0.25274725274725274,0.01098901098901099,0.26373626373626374,1.7472527472527473,91
TR857*0102*2000*02_A1,29.0,0.5977011494252874,0.7471264367816092,0.22988505747126436,0.022988505747126436,0.25287356321839083,1.7471264367816093,87
TR857*0102*2000*02_A4,29.0,0.7166666666666667,0.85,0.13333333333333333,0.016666666666666666,0.15,1.4833333333333334,120
TR862*0102*2000*02_A1,30.0,0.5798319327731093,0.773109243697479,0.21008403361344538,0.01680672268907563,0.226890756302521,1.7563025210084033,119
TR862*0102*2000*02_A2,30.0,0.6015625,0.8046875,0.1953125,0.0,0.1953125,1.6328125,128
TR864*0102*2000*02_A1,38.0,0.5981308411214953,0.8037383177570093,0.1588785046728972,0.037383177570093455,0.19626168224299065,1.7009345794392523,107
TR864*0102*2000*02_A4,38.0,0.6413793103448275,0.8344827586206897,0.15862068965517243,0.006896551724137931,0.16551724137931034,1.5793103448275863,145
TR874*0102*2000*02_A1,30.0,0.6095238095238096,0.8761904761904762,0.11428571428571428,0.009523809523809525,0.12380952380952381,1.5523809523809524,105
TR874*0102*2000*02_A2,30.0,0.7093023255813954,0.8372093023255814,0.16279069767441862,0.0,0.16279069767441862,1.5348837209302326,86
TR876*0102*2000*02_A1,23.0,0.7,0.8833333333333333,0.10833333333333334,0.008333333333333333,0.11666666666666667,1.4666666666666666,120
TR876*0102*2000*02_A4,23.0,0.8125,0.9375,0.0625,0.0,0.0625,1.2589285714285714,112
TR109*0102*2000*02_A1,24.0,0.5959595959595959,0.8585858585858586,0.1111111111111111,0.030303030303030304,0.1414141414141414,1.6565656565656566,99
TR109*0102*2000*02_A3,24.0,0.7064220183486238,0.908256880733945,0.09174311926605505,0.0,0.09174311926605505,1.4128440366972477,109
TR113*0102*2000*02_A1,28.0,0.6190476190476191,0.8809523809523809,0.11904761904761904,0.0,0.11904761904761904,1.5,84
TR113*0102*2000*02_A2,28.0,0.8356164383561644,0.9178082191780822,0.0821917808219178,0.0,0.0821917808219178,1.273972602739726,73
TR907*0102*2000*02_A1,32.0,0.6470588235294118,0.8941176470588236,0.09411764705882353,0.011764705882352941,0.10588235294117647,1.5176470588235293,85
TR907*0102*2000*02_A3,32.0,0.5714285714285714,0.8571428571428571,0.1326530612244898,0.01020408163265306,0.14285714285714285,1.6938775510204083,98
TR915*0102*2000*02_A1,38.0,0.6302521008403361,0.8571428571428571,0.12605042016806722,0.01680672268907563,0.14285714285714285,1.5714285714285714,119
TR915*0102*2000*02_A4,38.0,0.7142857142857143,0.8681318681318682,0.13186813186813187,0.0,0.13186813186813187,1.4395604395604396,91
TR937*0102*2000*02_A1,26.0,0.5714285714285714,0.8214285714285714,0.16071428571428573,0.017857142857142856,0.17857142857142858,1.6875,112
TR937*0102*2000*02_A4,26.0,0.7795275590551181,0.889763779527559,0.11023622047244094,0.0,0.11023622047244094,1.3464566929133859,127
TR960*0102*2000*02_A1,34.0,0.6229508196721312,0.860655737704918,0.10655737704918032,0.03278688524590164,0.13934426229508196,1.6311475409836065,122
TR960*0102*2000*02_A4,34.0,0.7342657342657343,0.9020979020979021,0.0979020979020979,0.0,0.0979020979020979,1.3776223776223777,143
TR976*0102*2000*02_A1,25.0,0.6862745098039216,0.8627450980392157,0.13725490196078433,0.0,0.13725490196078433,1.4607843137254901,102
TR976*0102*2000*02_A2,25.0,0.7608695652173914,0.9456521739130435,0.043478260869565216,0.010869565217391304,0.05434782608695652,1.315217391304348,92
TR1012*0102*2000*02_A1,26.0,0.5853658536585366,0.8658536585365854,0.13414634146341464,0.0,0.13414634146341464,1.5853658536585367,82
TR1012*0102*2000*02_A4,26.0,0.7792207792207793,0.8571428571428571,0.14285714285714285,0.0,0.14285714285714285,1.3636363636363635,77
TR1019*0102*2000*02_A1,20.0,0.6623376623376623,0.9090909090909091,0.07792207792207792,0.012987012987012988,0.09090909090909091,1.4935064935064934,77
TR1019*0102*2000*02_A4,20.0,0.8016528925619835,0.9090909090909091,0.09090909090909091,0.0,0.09090909090909091,1.3057851239669422,121
TR1041*0102*2000*02_A1,29.0,0.6627906976744186,0.8488372093023255,0.1511627906976744,0.0,0.1511627906976744,1.5,86
TR1041*0102*2000*02_A3,29.0,0.6153846153846154,0.7692307692307693,0.21794871794871795,0.01282051282051282,0.23076923076923078,1.6666666666666667,78
TR1043*0102*2000*02_A1,17.0,0.64,0.85,0.13,0.02,0.15,1.59,100
TR1043*0102*2000*02_A4,17.0,0.788235294117647,0.8470588235294118,0.1411764705882353,0.011764705882352941,0.15294117647058825,1.411764705882353,85
TR771*0102*2000*02_A1,32.0,0.6532258064516129,0.8467741935483871,0.12903225806451613,0.024193548387096774,0.1532258064516129,1.5887096774193548,124
TR771*0102*2000*02_A3,32.0,0.7049180327868853,0.9016393442622951,0.09836065573770492,0.0,0.09836065573770492,1.4098360655737705,61
TR1066*0102*2000*02_A1,20.0,0.5967741935483871,0.8387096774193549,0.14516129032258066,0.016129032258064516,0.16129032258064516,1.6290322580645162,62
TR1066*0102*2000*02_A4,20.0,0.8552631578947368,0.9078947368421053,0.09210526315789473,0.0,0.09210526315789473,1.25,76
TR1071*0102*2000*02_A1,37.0,0.6033057851239669,0.8429752066115702,0.1487603305785124,0.008264462809917356,0.15702479338842976,1.6198347107438016,121
TR1071*0102*2000*02_A2,37.0,0.7938144329896907,0.8865979381443299,0.1134020618556701,0.0,0.1134020618556701,1.3402061855670102,97
TR1111*0102*2000*02_A1,25.0,0.6724137931034483,0.853448275862069,0.13793103448275862,0.008620689655172414,0.14655172413793102,1.5258620689655173,116
TR1111*0102*2000*02_A4,25.0,0.8285714285714286,0.9142857142857143,0.08571428571428572,0.0,0.08571428571428572,1.2666666666666666,105
TR1130*0102*2000*02_A1,26.0,0.5934065934065934,0.7582417582417582,0.23076923076923078,0.01098901098901099,0.24175824175824176,1.7142857142857142,91
TR1130*0102*2000*02_A3,26.0,0.6376811594202898,0.927536231884058,0.057971014492753624,0.014492753623188406,0.07246376811594203,1.4782608695652173,69
TR1136*0102*2000*02_A1,23.0,0.6097560975609756,0.8617886178861789,0.11382113821138211,0.024390243902439025,0.13821138211382114,1.6016260162601625,123
TR1136*0102*2000*02_A3,23.0,0.6964285714285714,0.8839285714285714,0.09821428571428571,0.017857142857142856,0.11607142857142858,1.5178571428571428,112
TR141*0102*2000*02_A1,22.0,0.6097560975609756,0.8292682926829268,0.17073170731707318,0.0,0.17073170731707318,1.5853658536585367,82
TR141*0102*2000*02_A4,22.0,0.6777777777777778,0.8,0.18888888888888888,0.011111111111111112,0.2,1.6,90
TR143*0102*2000*02_A1,38.0,0.46956521739130436,0.7565217391304347,0.2,0.043478260869565216,0.24347826086956523,1.9130434782608696,115
TR143*0102*2000*02_A5a,38.0,0.4336283185840708,0.672566371681416,0.26548672566371684,0.061946902654867256,0.3274336283185841,2.150442477876106,113
TR183*0102*2000*02_A1,30.0,0.672566371681416,0.8761061946902655,0.09734513274336283,0.02654867256637168,0.12389380530973451,1.5309734513274336,113
TR183*0102*2000*02_A4,30.0,0.8421052631578947,0.9385964912280702,0.06140350877192982,0.0,0.06140350877192982,1.219298245614035,114
TR184*0102*2000*02_A1,22.0,0.5844155844155844,0.8831168831168831,0.1038961038961039,0.012987012987012988,0.11688311688311688,1.5714285714285714,77
TR184*0102*2000*02_A3,22.0,0.6363636363636364,0.8863636363636364,0.11363636363636363,0.0,0.11363636363636363,1.4772727272727273,88
TR185*0102*2000*02_A1,26.0,0.5980392156862745,0.8235294117647058,0.16666666666666666,0.00980392156862745,0.17647058823529413,1.6372549019607843,102
TR185*0102*2000*02_A4,26.0,0.6896551724137931,0.8103448275862069,0.1896551724137931,0.0,0.1896551724137931,1.5086206896551724,116
TR187*0102*2000*02_A1,30.0,0.4765625,0.7265625,0.25,0.0234375,0.2734375,1.9140625,128
TR187*0102*2000*02_A2,30.0,0.6055045871559633,0.7981651376146789,0.1926605504587156,0.009174311926605505,0.2018348623853211,1.6697247706422018,109
TR189*0102*2000*02_A1,24.0,0.6464646464646465,0.8080808080808081,0.18181818181818182,0.010101010101010102,0.1919191919191919,1.6262626262626263,99
TR189*0102*2000*02_A4,24.0,0.8625,0.95,0.05,0.0,0.05,1.1875,80
TR194*0102*2000*02_A1,23.0,0.6021505376344086,0.8387096774193549,0.12903225806451613,0.03225806451612903,0.16129032258064516,1.6559139784946237,93
TR194*0102*2000*02_A4,23.0,0.7432432432432432,0.8513513513513513,0.14864864864864866,0.0,0.14864864864864866,1.4054054054054055,74
TR196*0102*2000*02_A1,35.0,0.6666666666666666,0.8181818181818182,0.1717171717171717,0.010101010101010102,0.18181818181818182,1.5858585858585859,99
TR196*0102*2000*02_A3,35.0,0.625,0.8653846153846154,0.10576923076923077,0.028846153846153848,0.1346153846153846,1.6346153846153846,104
TR199*0102*2000*02_A1,27.0,0.6218487394957983,0.7899159663865546,0.19327731092436976,0.01680672268907563,0.21008403361344538,1.680672268907563,119
TR199*0102*2000*02_A2,27.0,0.6620689655172414,0.8344827586206897,0.16551724137931034,0.0,0.16551724137931034,1.5310344827586206,145
TR200*0102*2000*02_A1,33.0,0.6138613861386139,0.7623762376237624,0.21782178217821782,0.019801980198019802,0.2376237623762376,1.7227722772277227,101
TR200*0102*2000*02_A4,33.0,0.7745098039215687,0.8823529411764706,0.11764705882352941,0.0,0.11764705882352941,1.3627450980392157,102
TR207*0102*2000*02_A1,28.0,0.6846153846153846,0.8923076923076924,0.09230769230769231,0.015384615384615385,0.1076923076923077,1.4692307692307693,130
TR207*0102*2000*02_A4,28.0,0.7,0.9,0.1,0.0,0.1,1.4,110
TR208*0102*2000*02_A1,35.0,0.6033057851239669,0.8512396694214877,0.1322314049586777,0.01652892561983471,0.1487603305785124,1.6198347107438016,121
TR208*0102*2000*02_A2,35.0,0.6637168141592921,0.8761061946902655,0.10619469026548672,0.017699115044247787,0.12389380530973451,1.5221238938053097,113
TR211*0102*2000*02_A1,31.0,0.5533980582524272,0.7669902912621359,0.20388349514563106,0.02912621359223301,0.23300970873786409,1.8058252427184467,103
TR211*0102*2000*02_A4,31.0,0.5728155339805825,0.7281553398058253,0.2621359223300971,0.009708737864077669,0.27184466019417475,1.796116504854369,103
TR214*0102*2000*02_A1,34.0,0.5568181818181818,0.8409090909090909,0.14772727272727273,0.011363636363636364,0.1590909090909091,1.6931818181818181,88
TR214*0102*2000*02_A2,34.0,0.569620253164557,0.8734177215189873,0.11392405063291139,0.012658227848101266,0.12658227848101267,1.6329113924050633,79
TR215*0102*2000*02_A1,24.0,0.6785714285714286,0.8482142857142857,0.13392857142857142,0.017857142857142856,0.15178571428571427,1.5267857142857142,112
TR215*0102*2000*02_A4,24.0,0.734375,0.8671875,0.125,0.0078125,0.1328125,1.4375,128
TR219*0102*2000*02_A1,31.0,0.5783132530120482,0.8433734939759037,0.1566265060240964,0.0,0.1566265060240964,1.6385542168674698,83
TR219*0102*2000*02_A4,31.0,0.7804878048780488,0.8658536585365854,0.13414634146341464,0.0,0.13414634146341464,1.4024390243902438,82
TR228*0102*2000*02_A1,31.0,0.6105263157894737,0.8421052631578947,0.1368421052631579,0.021052631578947368,0.15789473684210525,1.631578947368421,95
TR228*0102*2000*02_A3,31.0,0.6046511627906976,0.7790697674418605,0.1744186046511628,0.046511627906976744,0.22093023255813954,1.7790697674418605,86
TR231*0102*2000*02_A1,27.0,0.6605504587155964,0.8440366972477065,0.14678899082568808,0.009174311926605505,0.1559633027522936,1.5412844036697249,109
TR231*0102*2000*02_A4,27.0,0.75,0.8977272727272727,0.10227272727272728,0.0,0.10227272727272728,1.3522727272727273,88
TR233*0102*2000*02_A1,33.0,0.6022727272727273,0.8636363636363636,0.125,0.011363636363636364,0.13636363636363635,1.5681818181818181,88
TR233*0102*2000*02_A4,33.0,0.6299212598425197,0.7874015748031497,0.1732283464566929,0.03937007874015748,0.2125984251968504,1.7322834645669292,127
TR21*0102*2000*02_A1,26.0,0.5714285714285714,0.8021978021978022,0.17582417582417584,0.02197802197802198,0.1978021978021978,1.7252747252747254,91
TR21*0102*2000*02_A2,26.0,0.6666666666666666,0.8533333333333334,0.13333333333333333,0.013333333333333334,0.14666666666666667,1.56,75
TR23*0102*2000*02_A1,12.0,0.6703296703296703,0.8461538461538461,0.13186813186813187,0.02197802197802198,0.15384615384615385,1.6043956043956045,91
TR23*0102*2000*02_A4,12.0,0.7419354838709677,0.8387096774193549,0.16129032258064516,0.0,0.16129032258064516,1.4193548387096775,31
TR25*0102*2000*02_A1,29.0,0.5376344086021505,0.8172043010752689,0.15053763440860216,0.03225806451612903,0.1827956989247312,1.7634408602150538,93
TR25*0102*2000*02_A4,29.0,0.7628865979381443,0.8865979381443299,0.1134020618556701,0.0,0.1134020618556701,1.3711340206185567,97
TR36*0102*2000*02_A1,24.0,0.618421052631579,0.8421052631578947,0.14473684210526316,0.013157894736842105,0.15789473684210525,1.605263157894737,76
TR36*0102*2000*02_A2,24.0,0.6666666666666666,0.9135802469135802,0.08641975308641975,0.0,0.08641975308641975,1.4567901234567902,81
TR240*0102*2000*02_A1,26.0,0.6230769230769231,0.8615384615384616,0.13076923076923078,0.007692307692307693,0.13846153846153847,1.5615384615384615,130
TR240*0102*2000*02_A4,26.0,0.7446808510638298,0.9042553191489362,0.09574468085106383,0.0,0.09574468085106383,1.3617021276595744,94
TR247*0102*2000*02_A1,25.0,0.5666666666666667,0.7555555555555555,0.2222222222222222,0.022222222222222223,0.24444444444444444,1.8111111111111111,90
TR247*0102*2000*02_A4,25.0,0.7012987012987013,0.8961038961038961,0.1038961038961039,0.0,0.1038961038961039,1.4155844155844155,77
TR284*0102*2000*02_A1,33.0,0.5,0.7037037037037037,0.2777777777777778,0.018518518518518517,0.2962962962962963,1.9166666666666667,108
TR284*0102*2000*02_A4,33.0,0.7105263157894737,0.8947368421052632,0.10526315789473684,0.0,0.10526315789473684,1.394736842105263,114
TR289*0102*2000*02_A1,31.0,0.5681818181818182,0.8522727272727273,0.13636363636363635,0.011363636363636364,0.14772727272727273,1.625,88
TR289*0102*2000*02_A4,31.0,0.6463414634146342,0.8170731707317073,0.18292682926829268,0.0,0.18292682926829268,1.5365853658536586,82
TR384*0102*2000*02_A1,28.0,0.6153846153846154,0.8365384615384616,0.15384615384615385,0.009615384615384616,0.16346153846153846,1.5865384615384615,104
TR384*0102*2000*02_A4,28.0,0.8365384615384616,0.9230769230769231,0.07692307692307693,0.0,0.07692307692307693,1.25,104
TR396*0102*2000*02_A1,31.0,0.5974025974025974,0.8441558441558441,0.15584415584415584,0.0,0.15584415584415584,1.5844155844155845,77
TR396*0102*2000*02_A4,31.0,0.6268656716417911,0.8507462686567164,0.14925373134328357,0.0,0.14925373134328357,1.5671641791044777,67
TR397*0102*2000*02_A1,25.0,0.6326530612244898,0.8775510204081632,0.11224489795918367,0.01020408163265306,0.12244897959183673,1.530612244897959,98
TR397*0102*2000*02_A4,25.0,0.7719298245614035,0.8859649122807017,0.11403508771929824,0.0,0.11403508771929824,1.3421052631578947,114
TR406*0102*2000*02_A1,27.0,0.6216216216216216,0.8828828828828829,0.10810810810810811,0.009009009009009009,0.11711711711711711,1.5315315315315314,111
TR406*0102*2000*02_A3,27.0,0.6666666666666666,0.9099099099099099,0.07207207207207207,0.018018018018018018,0.09009009009009009,1.4954954954954955,111
TR2*0102*2000*01_A1,29.0,0.6421052631578947,0.8421052631578947,0.14736842105263157,0.010526315789473684,0.15789473684210525,1.5578947368421052,95
TR2*0102*2000*01_A3,29.0,0.7010309278350515,0.8969072164948454,0.10309278350515463,0.0,0.10309278350515463,1.422680412371134,97
TR6*0102*2000*01_A1,30.0,0.654320987654321,0.8148148148148148,0.16049382716049382,0.024691358024691357,0.18518518518518517,1.6790123456790123,81
TR6*0102*2000*01_A2,30.0,0.5789473684210527,0.8157894736842105,0.13157894736842105,0.05263157894736842,0.18421052631578946,1.7894736842105263,76
TR9*0102*2000*01_A1,21.0,0.7294117647058823,0.9294117647058824,0.058823529411764705,0.011764705882352941,0.07058823529411765,1.3647058823529412,85
TR9*0102*2000*01_A3,21.0,0.559322033898305,0.8135593220338984,0.1864406779661017,0.0,0.1864406779661017,1.694915254237288,59
TR10*0102*2000*01_A1,23.0,0.6666666666666666,0.9122807017543859,0.08771929824561403,0.0,0.08771929824561403,1.4298245614035088,114
TR10*0102*2000*01_A4,23.0,0.6526315789473685,0.8526315789473684,0.1368421052631579,0.010526315789473684,0.14736842105263157,1.568421052631579,95
TR12*0102*2000*01_A1,15.0,0.7222222222222222,0.9722222222222222,0.027777777777777776,0.0,0.027777777777777776,1.3333333333333333,36
TR12*0102*2000*01_A4,15.0,0.75,0.9166666666666666,0.08333333333333333,0.0,0.08333333333333333,1.3333333333333333,24
TR14*0102*2000*01_A1,32.0,0.65,0.85,0.15,0.0,0.15,1.55,80
TR14*0102*2000*01_A2,32.0,0.6190476190476191,0.8571428571428571,0.07936507936507936,0.06349206349206349,0.14285714285714285,1.7142857142857142,63
TR18*0102*2000*01_A1,33.0,0.6744186046511628,0.8372093023255814,0.1511627906976744,0.011627906976744186,0.16279069767441862,1.5930232558139534,86
TR18*0102*2000*01_A2,33.0,0.6626506024096386,0.8433734939759037,0.12048192771084337,0.03614457831325301,0.1566265060240964,1.6506024096385543,83
TR19*0102*2000*01_A1,22.0,0.8214285714285714,0.9523809523809523,0.047619047619047616,0.0,0.047619047619047616,1.2619047619047619,84
TR19*0102*2000*01_A2,22.0,0.7314814814814815,0.9351851851851852,0.027777777777777776,0.037037037037037035,0.06481481481481481,1.4444444444444444,108
TR20*0102*2000*01_A1,30.0,0.5684210526315789,0.8210526315789474,0.17894736842105263,0.0,0.17894736842105263,1.6526315789473685,95
TR20*0102*2000*01_A2,30.0,0.6538461538461539,0.8846153846153846,0.057692307692307696,0.057692307692307696,0.11538461538461539,1.6346153846153846,104
TR417*0102*2000*01_A1,31.0,0.6172839506172839,0.8395061728395061,0.14814814814814814,0.012345679012345678,0.16049382716049382,1.6296296296296295,81
TR417*0102*2000*01_A2,31.0,0.7380952380952381,0.9166666666666666,0.07142857142857142,0.011904761904761904,0.08333333333333333,1.3928571428571428,84
TR419*0102*2000*01_A1,20.0,0.7023809523809523,0.8809523809523809,0.10714285714285714,0.011904761904761904,0.11904761904761904,1.4761904761904763,84
TR419*0102*2000*01_A4,20.0,0.7157894736842105,0.8526315789473684,0.14736842105263157,0.0,0.14736842105263157,1.4736842105263157,95
TR420*0102*2000*01_A1,33.0,0.7446808510638298,0.9148936170212766,0.0851063829787234,0.0,0.0851063829787234,1.3546099290780143,141
TR420*0102*2000*01_A4,33.0,0.7310924369747899,0.8823529411764706,0.10084033613445378,0.01680672268907563,0.11764705882352941,1.4705882352941178,119
TR422*0102*2000*01_A1,26.0,0.5348837209302325,0.7674418604651163,0.23255813953488372,0.0,0.23255813953488372,1.7906976744186047,86
TR422*0102*2000*01_A2,26.0,0.5,0.6630434782608695,0.2717391304347826,0.06521739130434782,0.33695652173913043,2.097826086956522,92
TR426*0102*2000*01_A1,27.0,0.6346153846153846,0.8365384615384616,0.1346153846153846,0.028846153846153848,0.16346153846153846,1.625,104
TR426*0102*2000*01_A3,27.0,0.6857142857142857,0.9,0.05714285714285714,0.04285714285714286,0.1,1.5142857142857142,70
TR428*0102*2000*01_A1,30.0,0.8181818181818182,0.9272727272727272,0.06363636363636363,0.00909090909090909,0.07272727272727272,1.3,110
TR428*0102*2000*01_A2,30.0,0.7,0.89,0.08,0.03,0.11,1.52,100
TR429*0102*2000*01_A1,30.0,0.6875,0.90625,0.08333333333333333,0.010416666666666666,0.09375,1.4479166666666667,96
TR429*0102*2000*01_A4,30.0,0.6697247706422018,0.8807339449541285,0.11009174311926606,0.009174311926605505,0.11926605504587157,1.4862385321100917,109
TR432*0102*2000*01_A1,24.0,0.5689655172413793,0.8362068965517241,0.14655172413793102,0.017241379310344827,0.16379310344827586,1.6810344827586208,116
TR432*0102*2000*01_A3,24.0,0.6330275229357798,0.8256880733944955,0.1743119266055046,0.0,0.1743119266055046,1.5596330275229358,109
TR434*0102*2000*01_A1,15.0,0.5903614457831325,0.8072289156626506,0.1927710843373494,0.0,0.1927710843373494,1.6867469879518073,83
TR434*0102*2000*01_A4,15.0,0.6515151515151515,0.9090909090909091,0.09090909090909091,0.0,0.09090909090909091,1.4393939393939394,66
TR435*0102*2000*01_A1,36.0,0.56,0.7866666666666666,0.2,0.013333333333333334,0.21333333333333335,1.76,75
TR435*0102*2000*01_A2,36.0,0.5816326530612245,0.7857142857142857,0.16326530612244897,0.05102040816326531,0.21428571428571427,1.8265306122448979,98
TR437*0102*2000*01_A1,24.0,0.6363636363636364,0.8522727272727273,0.11363636363636363,0.03409090909090909,0.14772727272727273,1.5909090909090908,88
TR437*0102*2000*01_A4,24.0,0.7043478260869566,0.8173913043478261,0.1826086956521739,0.0,0.1826086956521739,1.5217391304347827,115
TR439*0102*2000*01_A1,22.0,0.6140350877192983,0.8421052631578947,0.15789473684210525,0.0,0.15789473684210525,1.5964912280701755,57
TR439*0102*2000*01_A4,22.0,0.7241379310344828,0.8160919540229885,0.1839080459770115,0.0,0.1839080459770115,1.4827586206896552,87
TR440*0102*2000*01_A1,25.0,0.5619047619047619,0.8095238095238095,0.17142857142857143,0.01904761904761905,0.19047619047619047,1.6952380952380952,105
TR440*0102*2000*01_A4,25.0,0.5568181818181818,0.7727272727272727,0.20454545454545456,0.022727272727272728,0.22727272727272727,1.7613636363636365,88
TR441*0102*2000*01_A1,33.0,0.627906976744186,0.8682170542635659,0.13178294573643412,0.0,0.13178294573643412,1.5348837209302326,129
TR441*0102*2000*01_A4,33.0,0.625,0.8515625,0.125,0.0234375,0.1484375,1.6171875,128
TR444*0102*2000*01_A1,20.0,0.6153846153846154,0.8974358974358975,0.10256410256410256,0.0,0.10256410256410256,1.5384615384615385,78
TR444*0102*2000*01_A2,20.0,0.6049382716049383,0.8641975308641975,0.1111111111111111,0.024691358024691357,0.13580246913580246,1.6296296296296295,81
TR445*0102*2000*01_A1,25.0,0.719626168224299,0.9345794392523364,0.06542056074766354,0.0,0.06542056074766354,1.3738317757009346,107
TR445*0102*2000*01_A4,25.0,0.7575757575757576,0.8787878787878788,0.1111111111111111,0.010101010101010102,0.12121212121212122,1.4242424242424243,99
TR448*0102*2000*01_A1,24.0,0.6136363636363636,0.8522727272727273,0.13636363636363635,0.011363636363636364,0.14772727272727273,1.6022727272727273,88
TR448*0102*2000*01_A2,24.0,0.797752808988764,0.9325842696629213,0.0449438202247191,0.02247191011235955,0.06741573033707865,1.3370786516853932,89
TR450*0102*2000*01_A1,28.0,0.5952380952380952,0.8809523809523809,0.07142857142857142,0.047619047619047616,0.11904761904761904,1.6547619047619047,84
TR450*0102*2000*01_A4,28.0,0.72,0.92,0.06666666666666667,0.013333333333333334,0.08,1.4,75
TR452*0102*2000*01_A1,37.0,0.6944444444444444,0.8055555555555556,0.19444444444444445,0.0,0.19444444444444445,1.5555555555555556,108
TR452*0102*2000*01_A2,37.0,0.6929824561403509,0.8596491228070176,0.11403508771929824,0.02631578947368421,0.14035087719298245,1.543859649122807,114
TR455*0102*2000*01_A1,24.0,0.6911764705882353,0.9411764705882353,0.058823529411764705,0.0,0.058823529411764705,1.3823529411764706,68
TR455*0102*2000*01_A4,24.0,0.7368421052631579,0.8771929824561403,0.12280701754385964,0.0,0.12280701754385964,1.4035087719298245,57
TR457*0102*2000*01_A1,24.0,0.7045454545454546,0.9431818181818182,0.056818181818181816,0.0,0.056818181818181816,1.3636363636363635,88
TR457*0102*2000*01_A2,24.0,0.7980769230769231,0.9230769230769231,0.0673076923076923,0.009615384615384616,0.07692307692307693,1.3076923076923077,104
TR460*0102*2000*01_A1,24.0,0.6703296703296703,0.9120879120879121,0.07692307692307693,0.01098901098901099,0.08791208791208792,1.4505494505494505,91
TR460*0102*2000*01_A3,24.0,0.7962962962962963,0.9166666666666666,0.07407407407407407,0.009259259259259259,0.08333333333333333,1.3240740740740742,108
TR461*0102*2000*01_A1,16.0,0.7551020408163265,0.9081632653061225,0.08163265306122448,0.01020408163265306,0.09183673469387756,1.3673469387755102,98
TR461*0102*2000*01_A4,16.0,0.7586206896551724,0.9241379310344827,0.06896551724137931,0.006896551724137931,0.07586206896551724,1.3379310344827586,145
TR462*0102*2000*01_A1,26.0,0.7375,0.8625,0.1375,0.0,0.1375,1.4625,80
TR462*0102*2000*01_A2,26.0,0.625,0.75,0.125,0.125,0.25,2.046875,64
TR463*0102*2000*01_A1,20.0,0.7303370786516854,0.9101123595505618,0.0898876404494382,0.0,0.0898876404494382,1.3707865168539326,89
TR463*0102*2000*01_A3,20.0,0.6666666666666666,0.7916666666666666,0.20833333333333334,0.0,0.20833333333333334,1.5833333333333333,48
TR464*0102*2000*01_A1,23.0,0.5526315789473685,0.8421052631578947,0.14473684210526316,0.013157894736842105,0.15789473684210525,1.6842105263157894,76
TR464*0102*2000*01_A4,23.0,0.6346153846153846,0.8173076923076923,0.17307692307692307,0.009615384615384616,0.18269230769230768,1.625,104
TR466*0102*2000*01_A1,24.0,0.6933333333333334,0.88,0.09333333333333334,0.02666666666666667,0.12,1.52,75
TR466*0102*2000*01_A2,24.0,0.55,0.7833333333333333,0.13333333333333333,0.08333333333333333,0.21666666666666667,1.9333333333333333,60
TR470*0102*2000*01_A1,25.0,0.7065217391304348,0.8804347826086957,0.09782608695652174,0.021739130434782608,0.11956521739130435,1.4782608695652173,92
TR470*0102*2000*01_A2,25.0,0.6146788990825688,0.8440366972477065,0.09174311926605505,0.06422018348623854,0.1559633027522936,1.7431192660550459,109
TR473*0102*2000*01_A1,22.0,0.6721311475409836,0.9508196721311475,0.04918032786885246,0.0,0.04918032786885246,1.3934426229508197,61
TR473*0102*2000*01_A4,22.0,0.7777777777777778,0.9666666666666667,0.03333333333333333,0.0,0.03333333333333333,1.2555555555555555,90
TR474*0102*2000*01_A1,32.0,0.6625,0.9,0.1,0.0,0.1,1.4625,80
TR474*0102*2000*01_A2,32.0,0.5970149253731343,0.8208955223880597,0.08955223880597014,0.08955223880597014,0.1791044776119403,1.8955223880597014,67
TR476*0102*2000*01_A1,33.0,0.7142857142857143,0.8888888888888888,0.0873015873015873,0.023809523809523808,0.1111111111111111,1.4761904761904763,126
TR476*0102*2000*01_A2,33.0,0.7314285714285714,0.8685714285714285,0.08571428571428572,0.045714285714285714,0.13142857142857142,1.5485714285714285,175
TR477*0102*2000*01_A1,23.0,0.697841726618705,0.8920863309352518,0.1079136690647482,0.0,0.1079136690647482,1.4388489208633093,139
TR477*0102*2000*01_A4,23.0,0.6387096774193548,0.8129032258064516,0.17419354838709677,0.012903225806451613,0.1870967741935484,1.6129032258064515,155
TR479*0102*2000*01_A1,30.0,0.6875,0.9464285714285714,0.044642857142857144,0.008928571428571428,0.05357142857142857,1.3839285714285714,112
TR479*0102*2000*01_A2,30.0,0.5877862595419847,0.8854961832061069,0.0916030534351145,0.022900763358778626,0.11450381679389313,1.6106870229007633,131
TR481*0102*2000*01_A1,28.0,0.6630434782608695,0.8478260869565217,0.14130434782608695,0.010869565217391304,0.15217391304347827,1.565217391304348,92
TR481*0102*2000*01_A2,28.0,0.6548672566371682,0.831858407079646,0.10619469026548672,0.061946902654867256,0.168141592920354,1.7079646017699115,113
TR483*0102*2000*01_A1,25.0,0.632183908045977,0.8275862068965517,0.1724137931034483,0.0,0.1724137931034483,1.5862068965517242,87
TR483*0102*2000*01_A3,25.0,0.5729166666666666,0.78125,0.19791666666666666,0.020833333333333332,0.21875,1.75,96
TR484*0102*2000*01_A1,37.0,0.5555555555555556,0.8024691358024691,0.16049382716049382,0.037037037037037035,0.19753086419753085,1.7777777777777777,81
TR484*0102*2000*01_A3,37.0,0.6627906976744186,0.7325581395348837,0.2558139534883721,0.011627906976744186,0.26744186046511625,1.6627906976744187,86
TR490*0102*2000*01_A1,20.0,0.780952380952381,0.9428571428571428,0.05714285714285714,0.0,0.05714285714285714,1.276190476190476,105
TR490*0102*2000*01_A4,20.0,0.6947368421052632,0.8631578947368421,0.12631578947368421,0.010526315789473684,0.1368421052631579,1.4947368421052631,95
TR492*0102*2000*01_A1,26.0,0.7063492063492064,0.9126984126984127,0.0873015873015873,0.0,0.0873015873015873,1.3968253968253967,126
TR492*0102*2000*01_A4,26.0,0.6818181818181818,0.8636363636363636,0.13636363636363635,0.0,0.13636363636363635,1.5,110
TR82*0102*2000*01_A1,30.0,0.6704545454545454,0.8863636363636364,0.07954545454545454,0.03409090909090909,0.11363636363636363,1.5568181818181819,88
TR82*0102*2000*01_A4,30.0,0.6494845360824743,0.7835051546391752,0.1958762886597938,0.020618556701030927,0.21649484536082475,1.6701030927835052,97
TR494*0102*2000*01_A1,33.0,0.6336633663366337,0.8316831683168316,0.1485148514851485,0.019801980198019802,0.16831683168316833,1.603960396039604,101
TR494*0102*2000*01_A4,33.0,0.6595744680851063,0.8404255319148937,0.1595744680851064,0.0,0.1595744680851064,1.5425531914893618,94
TR498*0102*2000*01_A1,23.0,0.6161616161616161,0.8888888888888888,0.09090909090909091,0.020202020202020204,0.1111111111111111,1.5858585858585859,99
TR498*0102*2000*01_A2,23.0,0.6526315789473685,0.8315789473684211,0.11578947368421053,0.05263157894736842,0.16842105263157894,1.6842105263157894,95
TR500*0102*2000*01_A1,25.0,0.6504065040650406,0.9105691056910569,0.08130081300813008,0.008130081300813009,0.08943089430894309,1.4878048780487805,123
TR500*0102*2000*01_A2,25.0,0.7132352941176471,0.9338235294117647,0.03676470588235294,0.029411764705882353,0.0661764705882353,1.4411764705882353,136
TR503*0102*2000*01_A1,32.0,0.7111111111111111,0.9,0.08888888888888889,0.011111111111111112,0.1,1.4111111111111112,90
TR503*0102*2000*01_A2,32.0,0.6590909090909091,0.8409090909090909,0.11363636363636363,0.045454545454545456,0.1590909090909091,1.6931818181818181,88
TR504*0102*2000*01_A1,21.0,0.7215189873417721,0.9240506329113924,0.05063291139240506,0.02531645569620253,0.0759493670886076,1.4430379746835442,79
TR504*0102*2000*01_A2,21.0,0.7093023255813954,0.8255813953488372,0.09302325581395349,0.08139534883720931,0.1744186046511628,1.7209302325581395,86
TR511*0102*2000*01_A1,32.0,0.7346938775510204,0.9183673469387755,0.08163265306122448,0.0,0.08163265306122448,1.3775510204081634,98
TR511*0102*2000*01_A4,32.0,0.7682926829268293,0.8536585365853658,0.14634146341463414,0.0,0.14634146341463414,1.4268292682926829,82
TR512*0102*2000*01_A1,27.0,0.686046511627907,0.872093023255814,0.10465116279069768,0.023255813953488372,0.12790697674418605,1.5465116279069768,86
TR512*0102*2000*01_A4,27.0,0.49382716049382713,0.691358024691358,0.25925925925925924,0.04938271604938271,0.30864197530864196,2.0,81
TR513*0102*2000*01_A1,25.0,0.7536231884057971,0.8405797101449275,0.15942028985507245,0.0,0.15942028985507245,1.4782608695652173,69
TR513*0102*2000*01_A3,25.0,0.6714285714285714,0.8714285714285714,0.12857142857142856,0.0,0.12857142857142856,1.4714285714285715,70
TR519*0102*2000*01_A1,13.0,0.5934065934065934,0.8681318681318682,0.0989010989010989,0.03296703296703297,0.13186813186813187,1.6483516483516483,91
TR519*0102*2000*01_A3,13.0,0.6419753086419753,0.8024691358024691,0.18518518518518517,0.012345679012345678,0.19753086419753085,1.617283950617284,81
TR523*0102*2000*01_A1,31.0,0.5061728395061729,0.7901234567901234,0.1728395061728395,0.037037037037037035,0.20987654320987653,1.8395061728395061,81
TR523*0102*2000*01_A3,31.0,0.6818181818181818,0.7954545454545454,0.1590909090909091,0.045454545454545456,0.20454545454545456,1.6363636363636365,88
TR526*0102*2000*01_A1,34.0,0.6179775280898876,0.7752808988764045,0.21348314606741572,0.011235955056179775,0.2247191011235955,1.6853932584269662,89
TR526*0102*2000*01_A2,34.0,0.6818181818181818,0.8409090909090909,0.13636363636363635,0.022727272727272728,0.1590909090909091,1.5795454545454546,88
TR528*0102*2000*01_A1,27.0,0.66,0.86,0.12,0.02,0.14,1.56,100
TR528*0102*2000*01_A4,27.0,0.6542056074766355,0.8037383177570093,0.1588785046728972,0.037383177570093455,0.19626168224299065,1.6542056074766356,107
TR530*0102*2000*01_A1,22.0,0.6710526315789473,0.9605263157894737,0.039473684210526314,0.0,0.039473684210526314,1.381578947368421,76
TR530*0102*2000*01_A4,22.0,0.7717391304347826,0.9021739130434783,0.07608695652173914,0.021739130434782608,0.09782608695652174,1.391304347826087,92
TR532*0102*2000*01_A1,31.0,0.6883116883116883,0.8441558441558441,0.15584415584415584,0.0,0.15584415584415584,1.5064935064935066,77
TR532*0102*2000*01_A2,31.0,0.6363636363636364,0.7922077922077922,0.16883116883116883,0.03896103896103896,0.2077922077922078,1.6883116883116882,77
TR539*0102*2000*01_A1,25.0,0.7439024390243902,0.926829268292683,0.07317073170731707,0.0,0.07317073170731707,1.3414634146341464,82
TR539*0102*2000*01_A2,25.0,0.7520661157024794,0.9173553719008265,0.05785123966942149,0.024793388429752067,0.08264462809917356,1.43801652892562,121
TR541*0102*2000*01_A1,28.0,0.7078651685393258,0.898876404494382,0.07865168539325842,0.02247191011235955,0.10112359550561797,1.4606741573033708,89
TR541*0102*2000*01_A2,28.0,0.7232142857142857,0.8571428571428571,0.10714285714285714,0.03571428571428571,0.14285714285714285,1.5714285714285714,112
TR542*0102*2000*01_A1,21.0,0.7522123893805309,0.9203539823008849,0.07964601769911504,0.0,0.07964601769911504,1.3539823008849559,113
TR542*0102*2000*01_A4,21.0,0.6875,0.8229166666666666,0.16666666666666666,0.010416666666666666,0.17708333333333334,1.5729166666666667,96
TR546*0102*2000*01_A1,21.0,0.6756756756756757,0.9459459459459459,0.05405405405405406,0.0,0.05405405405405406,1.3918918918918919,74
TR546*0102*2000*01_A4,21.0,0.7191011235955056,0.8426966292134831,0.15730337078651685,0.0,0.15730337078651685,1.4719101123595506,89
TR549*0102*2000*01_A1,22.0,0.7311827956989247,0.9247311827956989,0.07526881720430108,0.0,0.07526881720430108,1.3763440860215055,93
TR549*0102*2000*01_A4,22.0,0.6909090909090909,0.8181818181818182,0.16363636363636364,0.01818181818181818,0.18181818181818182,1.5818181818181818,55
TR551*0102*2000*01_A1,25.0,0.7195121951219512,0.8536585365853658,0.13414634146341464,0.012195121951219513,0.14634146341463414,1.5,82
TR551*0102*2000*01_A2,25.0,0.45569620253164556,0.7848101265822784,0.189873417721519,0.02531645569620253,0.21518987341772153,1.8734177215189873,79
TR552*0102*2000*01_A1,34.0,0.5789473684210527,0.8289473684210527,0.14473684210526316,0.02631578947368421,0.17105263157894737,1.7039473684210527,152
TR552*0102*2000*01_A2,34.0,0.7218934911242604,0.9112426035502958,0.07100591715976332,0.01775147928994083,0.08875739644970414,1.4497041420118344,169
TR555*0102*2000*01_A1,29.0,0.7333333333333333,0.8933333333333333,0.10666666666666667,0.0,0.10666666666666667,1.4,75
TR555*0102*2000*01_A2,29.0,0.6195652173913043,0.8586956521739131,0.10869565217391304,0.03260869565217391,0.14130434782608695,1.6521739130434783,92
TR85*0102*2000*01_A1,24.0,0.7102803738317757,0.9158878504672897,0.08411214953271028,0.0,0.08411214953271028,1.3925233644859814,107
TR85*0102*2000*01_A4,24.0,0.6309523809523809,0.8214285714285714,0.16666666666666666,0.011904761904761904,0.17857142857142858,1.5714285714285714,84
TR40*0102*2000*01_A1,23.0,0.6666666666666666,0.8160919540229885,0.1724137931034483,0.011494252873563218,0.1839080459770115,1.6091954022988506,87
TR40*0102*2000*01_A2,23.0,0.5555555555555556,0.8111111111111111,0.15555555555555556,0.03333333333333333,0.18888888888888888,1.7777777777777777,90
TR41*0102*2000*01_A1,25.0,0.6,0.8947368421052632,0.08421052631578947,0.021052631578947368,0.10526315789473684,1.6,95
TR41*0102*2000*01_A2,25.0,0.6415094339622641,0.839622641509434,0.08490566037735849,0.07547169811320754,0.16037735849056603,1.7547169811320755,106
TR43*0102*2000*01_A1,28.0,0.5641025641025641,0.7564102564102564,0.20512820512820512,0.038461538461538464,0.24358974358974358,1.8076923076923077,78
TR43*0102*2000*01_A2,28.0,0.5955056179775281,0.7640449438202247,0.2247191011235955,0.011235955056179775,0.23595505617977527,1.7303370786516854,89
TR45*0102*2000*01_A1,27.0,0.6833333333333333,0.9,0.1,0.0,0.1,1.45,60
TR45*0102*2000*01_A4,27.0,0.6296296296296297,0.7962962962962963,0.18518518518518517,0.018518518518518517,0.2037037037037037,1.6666666666666667,54
TR47*0102*2000*01_A1,29.0,0.7235772357723578,0.8943089430894309,0.0975609756097561,0.008130081300813009,0.10569105691056911,1.4146341463414633,123
TR47*0102*2000*01_A4,29.0,0.7017543859649122,0.8157894736842105,0.18421052631578946,0.0,0.18421052631578946,1.5175438596491229,114
TR48*0102*2000*01_A1,25.0,0.5903614457831325,0.8192771084337349,0.1686746987951807,0.012048192771084338,0.18072289156626506,1.6746987951807228,83
TR48*0102*2000*01_A3,25.0,0.6304347826086957,0.782608695652174,0.18478260869565216,0.03260869565217391,0.21739130434782608,1.6630434782608696,92
TR51*0102*2000*01_A1,22.0,0.5409836065573771,0.8032786885245902,0.19672131147540983,0.0,0.19672131147540983,1.7377049180327868,61
TR51*0102*2000*01_A4,22.0,0.5161290322580645,0.7096774193548387,0.2903225806451613,0.0,0.2903225806451613,1.8709677419354838,62
TR53*0102*2000*01_A1,19.0,0.6067415730337079,0.8202247191011236,0.16853932584269662,0.011235955056179775,0.1797752808988764,1.651685393258427,89
TR53*0102*2000*01_A4,19.0,0.5784313725490197,0.7843137254901961,0.19607843137254902,0.0196078431372549,0.21568627450980393,1.7745098039215685,102
TR55*0102*2000*01_A1,31.0,0.75,0.8958333333333334,0.09375,0.010416666666666666,0.10416666666666667,1.3958333333333333,96
TR55*0102*2000*01_A4,31.0,0.6372549019607843,0.8431372549019608,0.1568627450980392,0.0,0.1568627450980392,1.5490196078431373,102
TR56*0102*2000*01_A1,38.0,0.5072463768115942,0.7536231884057971,0.21739130434782608,0.028985507246376812,0.2463768115942029,1.8695652173913044,69
TR56*0102*2000*01_A2,38.0,0.6904761904761905,0.8928571428571429,0.09523809523809523,0.011904761904761904,0.10714285714285714,1.5,84
TR57*0102*2000*01_A1,34.0,0.6666666666666666,0.90625,0.07291666666666667,0.020833333333333332,0.09375,1.4895833333333333,96
TR57*0102*2000*01_A2,34.0,0.5909090909090909,0.7727272727272727,0.20454545454545456,0.022727272727272728,0.22727272727272727,1.75,88
TR561*0102*2000*01_A1,25.0,0.6962025316455697,0.8987341772151899,0.10126582278481013,0.0,0.10126582278481013,1.4303797468354431,79
TR561*0102*2000*01_A2,25.0,0.6458333333333334,0.8645833333333334,0.052083333333333336,0.08333333333333333,0.13541666666666666,1.75,96
TR564*0102*2000*01_A1,31.0,0.5955056179775281,0.8314606741573034,0.15730337078651685,0.011235955056179775,0.16853932584269662,1.6292134831460674,89
TR564*0102*2000*01_A4,31.0,0.53125,0.7395833333333334,0.2604166666666667,0.0,0.2604166666666667,1.8229166666666667,96
TR565*0102*2000*01_A1,27.0,0.5444444444444444,0.8111111111111111,0.18888888888888888,0.0,0.18888888888888888,1.6888888888888889,90
TR565*0102*2000*01_A4,27.0,0.77,0.91,0.09,0.0,0.09,1.36,100
TR566*0102*2000*01_A1,22.0,0.7857142857142857,0.9196428571428571,0.08035714285714286,0.0,0.08035714285714286,1.2946428571428572,112
TR566*0102*2000*01_A5a,22.0,0.8313253012048193,0.9156626506024096,0.08433734939759036,0.0,0.08433734939759036,1.2891566265060241,83
TR571*0102*2000*01_A1,24.0,0.5802469135802469,0.8888888888888888,0.1111111111111111,0.0,0.1111111111111111,1.5802469135802468,81
TR571*0102*2000*01_A4,24.0,0.6417910447761194,0.7910447761194029,0.208955223880597,0.0,0.208955223880597,1.6567164179104477,67
TR572*0102*2000*01_A1,28.0,0.5238095238095238,0.7738095238095238,0.2261904761904762,0.0,0.2261904761904762,1.7857142857142858,84
TR572*0102*2000*01_A3,28.0,0.5660377358490566,0.6792452830188679,0.3018867924528302,0.018867924528301886,0.32075471698113206,1.830188679245283,53
TR573*0102*2000*01_A1,27.0,0.7473684210526316,0.8842105263157894,0.11578947368421053,0.0,0.11578947368421053,1.4,95
TR573*0102*2000*01_A2,27.0,0.7570093457943925,0.9065420560747663,0.04672897196261682,0.04672897196261682,0.09345794392523364,1.4766355140186915,107
TR574*0102*2000*01_A1,27.0,0.746031746031746,0.9047619047619048,0.09523809523809523,0.0,0.09523809523809523,1.3650793650793651,63
TR574*0102*2000*01_A2,27.0,0.6179775280898876,0.8314606741573034,0.11235955056179775,0.056179775280898875,0.16853932584269662,1.752808988764045,89
TR575*0102*2000*01_A1,22.0,0.717948717948718,0.8846153846153846,0.10256410256410256,0.01282051282051282,0.11538461538461539,1.4487179487179487,78
TR575*0102*2000*01_A2,22.0,0.660377358490566,0.8773584905660378,0.08490566037735849,0.03773584905660377,0.12264150943396226,1.5943396226415094,106
TR579*0102*2000*01_A1,27.0,0.6881720430107527,0.8494623655913979,0.13978494623655913,0.010752688172043012,0.15053763440860216,1.5483870967741935,93
TR579*0102*2000*01_A4,27.0,0.6521739130434783,0.7934782608695652,0.1956521739130435,0.010869565217391304,0.20652173913043478,1.641304347826087,92
TR589*0102*2000*01_A1,28.0,0.5957446808510638,0.8085106382978723,0.19148936170212766,0.0,0.19148936170212766,1.627659574468085,94
TR589*0102*2000*01_A4,28.0,0.504950495049505,0.6831683168316832,0.2871287128712871,0.0297029702970297,0.31683168316831684,2.0,101
TR590*0102*2000*01_A1,20.0,0.7213114754098361,0.9344262295081968,0.06557377049180328,0.0,0.06557377049180328,1.360655737704918,61
TR590*0102*2000*01_A3,20.0,0.72,0.8666666666666667,0.13333333333333333,0.0,0.13333333333333333,1.4266666666666667,75
TR594*0102*2000*01_A1,27.0,0.6111111111111112,0.8055555555555556,0.18055555555555555,0.013888888888888888,0.19444444444444445,1.6805555555555556,72
TR594*0102*2000*01_A2,27.0,0.6376811594202898,0.8985507246376812,0.043478260869565216,0.057971014492753624,0.10144927536231885,1.6521739130434783,69
TR88*0102*2000*01_A1,23.0,0.7272727272727273,0.8863636363636364,0.10227272727272728,0.011363636363636364,0.11363636363636363,1.4204545454545454,88
TR88*0102*2000*01_A2,23.0,0.68,0.76,0.16,0.08,0.24,1.8133333333333332,75
TR600*0102*2000*01_A1,28.0,0.6176470588235294,0.8529411764705882,0.14705882352941177,0.0,0.14705882352941177,1.5784313725490196,102
TR600*0102*2000*01_A2,28.0,0.6265060240963856,0.7831325301204819,0.1566265060240964,0.060240963855421686,0.21686746987951808,1.8313253012048192,83
TR603*0102*2000*01_A1,33.0,0.7078651685393258,0.8539325842696629,0.12359550561797752,0.02247191011235955,0.14606741573033707,1.5280898876404494,89
TR603*0102*2000*01_A2,33.0,0.7956989247311828,0.9354838709677419,0.03225806451612903,0.03225806451612903,0.06451612903225806,1.3548387096774193,93
TR610*0102*2000*01_A1,29.0,0.5666666666666667,0.7666666666666667,0.2222222222222222,0.011111111111111112,0.23333333333333334,1.7222222222222223,90
TR610*0102*2000*01_A4,29.0,0.603448275862069,0.7672413793103449,0.19827586206896552,0.034482758620689655,0.23275862068965517,1.7672413793103448,116
TR612*0102*2000*01_A1,31.0,0.6082474226804123,0.8556701030927835,0.14432989690721648,0.0,0.14432989690721648,1.597938144329897,97
TR612*0102*2000*01_A5,31.0,0.7159090909090909,0.9090909090909091,0.07954545454545454,0.011363636363636364,0.09090909090909091,1.4090909090909092,88
TR614*0102*2000*01_A1,18.0,0.7966101694915254,0.9322033898305084,0.06779661016949153,0.0,0.06779661016949153,1.305084745762712,59
TR614*0102*2000*01_A2,18.0,0.7101449275362319,0.8405797101449275,0.11594202898550725,0.043478260869565216,0.15942028985507245,1.6231884057971016,69
TR616*0102*2000*01_A1,21.0,0.6595744680851063,0.851063829787234,0.11702127659574468,0.031914893617021274,0.14893617021276595,1.5851063829787233,94
TR616*0102*2000*01_A4,21.0,0.7634408602150538,0.9354838709677419,0.06451612903225806,0.0,0.06451612903225806,1.3010752688172043,93
TR621*0102*2000*01_A1,29.0,0.6195652173913043,0.8043478260869565,0.1956521739130435,0.0,0.1956521739130435,1.6630434782608696,92
TR621*0102*2000*01_A4,29.0,0.65,0.8333333333333334,0.15833333333333333,0.008333333333333333,0.16666666666666666,1.5916666666666666,120
TR628*0102*2000*01_A1,28.0,0.7032967032967034,0.9010989010989011,0.0989010989010989,0.0,0.0989010989010989,1.4395604395604396,91
TR628*0102*2000*01_A4,28.0,0.7263157894736842,0.8842105263157894,0.11578947368421053,0.0,0.11578947368421053,1.4,95
TR629*0102*2000*01_A1,32.0,0.6111111111111112,0.9,0.1,0.0,0.1,1.511111111111111,90
TR629*0102*2000*01_A4,32.0,0.6578947368421053,0.8421052631578947,0.15789473684210525,0.0,0.15789473684210525,1.513157894736842,76
TR631*0102*2000*01_A1,28.0,0.7571428571428571,0.9,0.08571428571428572,0.014285714285714285,0.1,1.4142857142857144,70
TR631*0102*2000*01_A2,28.0,0.6601941747572816,0.8349514563106796,0.06796116504854369,0.0970873786407767,0.1650485436893204,1.796116504854369,103
TR637*0102*2000*01_A1,24.0,0.7413793103448276,0.9482758620689655,0.05172413793103448,0.0,0.05172413793103448,1.3448275862068966,58
TR637*0102*2000*01_A2,24.0,0.7368421052631579,0.9368421052631579,0.042105263157894736,0.021052631578947368,0.06315789473684211,1.3894736842105264,95
TR640*0102*2000*01_A1,33.0,0.6296296296296297,0.8271604938271605,0.16049382716049382,0.012345679012345678,0.1728395061728395,1.617283950617284,81
TR640*0102*2000*01_A2,33.0,0.6823529411764706,0.8823529411764706,0.08235294117647059,0.03529411764705882,0.11764705882352941,1.5411764705882354,85
TR641*0102*2000*01_A1,22.0,0.6826923076923077,0.9038461538461539,0.08653846153846154,0.009615384615384616,0.09615384615384616,1.4807692307692308,104
TR641*0102*2000*01_A2,22.0,0.6396396396396397,0.8108108108108109,0.10810810810810811,0.08108108108108109,0.1891891891891892,1.8018018018018018,111
TR642*0102*2000*01_A1,27.0,0.7142857142857143,0.8901098901098901,0.0989010989010989,0.01098901098901099,0.10989010989010989,1.4395604395604396,91
TR642*0102*2000*01_A4,27.0,0.6708860759493671,0.7341772151898734,0.25316455696202533,0.012658227848101266,0.26582278481012656,1.6962025316455696,79
TR643*0102*2000*01_A1,24.0,0.7407407407407407,0.9135802469135802,0.07407407407407407,0.012345679012345678,0.08641975308641975,1.382716049382716,81
TR643*0102*2000*01_A2,24.0,0.7553191489361702,0.8829787234042553,0.0851063829787234,0.031914893617021274,0.11702127659574468,1.446808510638298,94
TR648*0102*2000*01_A1,20.0,0.6582278481012658,0.8607594936708861,0.13924050632911392,0.0,0.13924050632911392,1.5569620253164558,79
TR648*0102*2000*01_A2,20.0,0.6530612244897959,0.7857142857142857,0.14285714285714285,0.07142857142857142,0.21428571428571427,1.7857142857142858,98
TR650*0102*2000*01_A1,21.0,0.7532467532467533,0.974025974025974,0.025974025974025976,0.0,0.025974025974025976,1.2987012987012987,77
TR650*0102*2000*01_A4,21.0,0.6197183098591549,0.8591549295774648,0.14084507042253522,0.0,0.14084507042253522,1.5352112676056338,71
TR652*0102*2000*01_A1,24.0,0.7545454545454545,0.9090909090909091,0.07272727272727272,0.01818181818181818,0.09090909090909091,1.3818181818181818,110
TR652*0102*2000*01_A2,24.0,0.7843137254901961,0.8921568627450981,0.049019607843137254,0.058823529411764705,0.10784313725490197,1.5098039215686274,102
TR91*0102*2000*01_A1,26.0,0.6875,0.8645833333333334,0.11458333333333333,0.020833333333333332,0.13541666666666666,1.5,96
TR91*0102*2000*01_A4,26.0,0.5769230769230769,0.7692307692307693,0.20512820512820512,0.02564102564102564,0.23076923076923078,1.7564102564102564,78
TR656*0102*2000*01_A1,33.0,0.7272727272727273,0.9090909090909091,0.09090909090909091,0.0,0.09090909090909091,1.4090909090909092,88
TR656*0102*2000*01_A2,33.0,0.782258064516129,0.9193548387096774,0.06451612903225806,0.016129032258064516,0.08064516129032258,1.3629032258064515,124
TR657*0102*2000*01_A1,28.0,0.5822784810126582,0.7848101265822784,0.20253164556962025,0.012658227848101266,0.21518987341772153,1.7088607594936709,79
TR657*0102*2000*01_A4,28.0,0.6136363636363636,0.7954545454545454,0.19318181818181818,0.011363636363636364,0.20454545454545456,1.6818181818181819,88
TR659*0102*2000*01_A1,30.0,0.7540983606557377,0.9508196721311475,0.04918032786885246,0.0,0.04918032786885246,1.3032786885245902,122
TR659*0102*2000*01_A4,30.0,0.6283185840707964,0.8761061946902655,0.12389380530973451,0.0,0.12389380530973451,1.5221238938053097,113
TR660*0102*2000*01_A1,35.0,0.5357142857142857,0.7976190476190477,0.17857142857142858,0.023809523809523808,0.20238095238095238,1.7857142857142858,84
TR660*0102*2000*01_A2,35.0,0.6310679611650486,0.8349514563106796,0.13592233009708737,0.02912621359223301,0.1650485436893204,1.6310679611650485,103
TR661*0102*2000*01_A1,34.0,0.5285714285714286,0.7428571428571429,0.2571428571428571,0.0,0.2571428571428571,1.8,70
TR661*0102*2000*01_A2,34.0,0.7205882352941176,0.9117647058823529,0.058823529411764705,0.029411764705882353,0.08823529411764706,1.4558823529411764,68
TR666*0102*2000*01_A1,25.0,0.6296296296296297,0.8395061728395061,0.14814814814814814,0.012345679012345678,0.16049382716049382,1.617283950617284,81
TR666*0102*2000*01_A4,25.0,0.4411764705882353,0.6764705882352942,0.3235294117647059,0.0,0.3235294117647059,1.9852941176470589,68
TR667*0102*2000*01_A1,25.0,0.6875,0.8854166666666666,0.09375,0.020833333333333332,0.11458333333333333,1.4895833333333333,96
TR667*0102*2000*01_A3,25.0,0.6307692307692307,0.7538461538461538,0.23076923076923078,0.015384615384615385,0.24615384615384617,1.7230769230769232,65
TR672*0102*2000*01_A1,34.0,0.632183908045977,0.8620689655172413,0.12643678160919541,0.011494252873563218,0.13793103448275862,1.5632183908045978,87
TR672*0102*2000*01_A2,34.0,0.7159090909090909,0.8636363636363636,0.10227272727272728,0.03409090909090909,0.13636363636363635,1.5340909090909092,88
TR673*0102*2000*01_A1,28.0,0.7368421052631579,0.9022556390977443,0.09774436090225563,0.0,0.09774436090225563,1.3834586466165413,133
TR673*0102*2000*01_A4,28.0,0.652542372881356,0.8559322033898306,0.1440677966101695,0.0,0.1440677966101695,1.5254237288135593,118
TR674*0102*2000*01_A1,29.0,0.6304347826086957,0.8043478260869565,0.1956521739130435,0.0,0.1956521739130435,1.641304347826087,92
TR674*0102*2000*01_A2,29.0,0.6078431372549019,0.8235294117647058,0.1568627450980392,0.0196078431372549,0.17647058823529413,1.696078431372549,102
TR677*0102*2000*01_A1,21.0,0.6385542168674698,0.8554216867469879,0.14457831325301204,0.0,0.14457831325301204,1.5301204819277108,83
TR677*0102*2000*01_A2,21.0,0.660377358490566,0.839622641509434,0.12264150943396226,0.03773584905660377,0.16037735849056603,1.6320754716981132,106
TR678*0102*2000*01_A1,31.0,0.6037735849056604,0.839622641509434,0.16037735849056603,0.0,0.16037735849056603,1.6132075471698113,106
TR678*0102*2000*01_A4,31.0,0.6296296296296297,0.7962962962962963,0.2037037037037037,0.0,0.2037037037037037,1.6296296296296295,108
TR681*0102*2000*01_A1,25.0,0.7378640776699029,0.9514563106796117,0.038834951456310676,0.009708737864077669,0.04854368932038835,1.3398058252427185,103
TR681*0102*2000*01_A5a,25.0,0.849624060150376,0.9398496240601504,0.06015037593984962,0.0,0.06015037593984962,1.218045112781955,133
TR684*0102*2000*01_A1,26.0,0.651685393258427,0.8202247191011236,0.15730337078651685,0.02247191011235955,0.1797752808988764,1.6179775280898876,89
TR684*0102*2000*01_A4,26.0,0.6086956521739131,0.7282608695652174,0.2608695652173913,0.010869565217391304,0.2717391304347826,1.7717391304347827,92
TR687*0102*2000*01_A1,28.0,0.5543478260869565,0.7934782608695652,0.18478260869565216,0.021739130434782608,0.20652173913043478,1.7608695652173914,92
TR687*0102*2000*01_A3,28.0,0.6261682242990654,0.8411214953271028,0.14953271028037382,0.009345794392523364,0.1588785046728972,1.5981308411214954,107
TR688*0102*2000*01_A1,26.0,0.6989247311827957,0.967741935483871,0.03225806451612903,0.0,0.03225806451612903,1.3333333333333333,93
TR688*0102*2000*01_A4,26.0,0.7142857142857143,0.8412698412698413,0.12698412698412698,0.031746031746031744,0.15873015873015872,1.5238095238095237,63
TR689*0102*2000*01_A1,20.0,0.7049180327868853,0.9180327868852459,0.08196721311475409,0.0,0.08196721311475409,1.4262295081967213,61
TR689*0102*2000*01_A3,20.0,0.803030303030303,0.8939393939393939,0.10606060606060606,0.0,0.10606060606060606,1.3181818181818181,66
TR690*0102*2000*01_A1,28.0,0.6732673267326733,0.8910891089108911,0.09900990099009901,0.009900990099009901,0.10891089108910891,1.4851485148514851,101
TR690*0102*2000*01_A2,28.0,0.6292134831460674,0.8651685393258427,0.10112359550561797,0.033707865168539325,0.1348314606741573,1.6404494382022472,89
TR691*0102*2000*01_A1,23.0,0.5909090909090909,0.8636363636363636,0.13636363636363635,0.0,0.13636363636363635,1.5757575757575757,66
TR691*0102*2000*01_A4,23.0,0.6351351351351351,0.8648648648648649,0.13513513513513514,0.0,0.13513513513513514,1.5135135135135136,74
TR696*0102*2000*01_A1,28.0,0.7079646017699115,0.9026548672566371,0.09734513274336283,0.0,0.09734513274336283,1.407079646017699,113
TR696*0102*2000*01_A2,28.0,0.556390977443609,0.849624060150376,0.14285714285714285,0.007518796992481203,0.15037593984962405,1.6616541353383458,133
TR697*0102*2000*01_A1,26.0,0.71900826446281,0.9256198347107438,0.05785123966942149,0.01652892561983471,0.0743801652892562,1.4049586776859504,121
TR697*0102*2000*01_A2,26.0,0.6699029126213593,0.8349514563106796,0.1262135922330097,0.038834951456310676,0.1650485436893204,1.6310679611650485,103
TR63*0102*2000*01_A1,20.0,0.76,0.91,0.09,0.0,0.09,1.35,100
TR63*0102*2000*01_A4,20.0,0.6629213483146067,0.8202247191011236,0.1797752808988764,0.0,0.1797752808988764,1.5280898876404494,89
TR64*0102*2000*01_A1,9.0,0.7532467532467533,0.8961038961038961,0.07792207792207792,0.025974025974025976,0.1038961038961039,1.4285714285714286,77
TR64*0102*2000*01_A2,9.0,0.584070796460177,0.8230088495575221,0.08849557522123894,0.08849557522123894,0.17699115044247787,1.831858407079646,113
TR66*0102*2000*01_A1,27.0,0.8125,0.9464285714285714,0.05357142857142857,0.0,0.05357142857142857,1.2589285714285714,112
TR66*0102*2000*01_A4,27.0,0.7130434782608696,0.9043478260869565,0.09565217391304348,0.0,0.09565217391304348,1.391304347826087,115
TR68*0102*2000*01_A1,30.0,0.7010309278350515,0.865979381443299,0.13402061855670103,0.0,0.13402061855670103,1.4639175257731958,97
TR68*0102*2000*01_A4,30.0,0.6987951807228916,0.8554216867469879,0.14457831325301204,0.0,0.14457831325301204,1.5060240963855422,83
TR72*0102*2000*01_A1,24.0,0.6125,0.8125,0.1625,0.025,0.1875,1.675,80
TR72*0102*2000*01_A4,24.0,0.5617977528089888,0.7078651685393258,0.2808988764044944,0.011235955056179775,0.29213483146067415,1.853932584269663,89
TR74*0102*2000*01_A1,30.0,0.5052631578947369,0.8,0.2,0.0,0.2,1.7157894736842105,95
TR74*0102*2000*01_A4,30.0,0.53125,0.75,0.23958333333333334,0.010416666666666666,0.25,1.8229166666666667,96
TR77*0102*2000*01_A1,28.0,0.7441860465116279,0.9186046511627907,0.08139534883720931,0.0,0.08139534883720931,1.3604651162790697,86
TR77*0102*2000*01_A2,28.0,0.7304347826086957,0.8608695652173913,0.0782608695652174,0.06086956521739131,0.1391304347826087,1.608695652173913,115
TR700*0102*2000*01_A1,31.0,0.6140350877192983,0.8070175438596491,0.19298245614035087,0.0,0.19298245614035087,1.6491228070175439,114
TR700*0102*2000*01_A2,31.0,0.6136363636363636,0.8257575757575758,0.14393939393939395,0.030303030303030304,0.17424242424242425,1.7121212121212122,132
TR702*0102*2000*01_A1,26.0,0.6635514018691588,0.8878504672897196,0.09345794392523364,0.018691588785046728,0.11214953271028037,1.5327102803738317,107
TR702*0102*2000*01_A2,26.0,0.6868686868686869,0.9090909090909091,0.06060606060606061,0.030303030303030304,0.09090909090909091,1.505050505050505,99
TR703*0102*2000*01_A1,30.0,0.6075949367088608,0.7721518987341772,0.189873417721519,0.0379746835443038,0.22784810126582278,1.7341772151898733,79
TR703*0102*2000*01_A4,30.0,0.6105263157894737,0.7368421052631579,0.25263157894736843,0.010526315789473684,0.2631578947368421,1.7263157894736842,95
TR705*0102*2000*01_A1,23.0,0.7439024390243902,0.9512195121951219,0.04878048780487805,0.0,0.04878048780487805,1.3170731707317074,82
TR705*0102*2000*01_A4,23.0,0.6753246753246753,0.8571428571428571,0.11688311688311688,0.025974025974025976,0.14285714285714285,1.5714285714285714,77
TR706*0102*2000*01_A1,25.0,0.746031746031746,0.9206349206349206,0.07936507936507936,0.0,0.07936507936507936,1.3492063492063493,63
TR706*0102*2000*01_A4,25.0,0.5441176470588235,0.7205882352941176,0.2647058823529412,0.014705882352941176,0.27941176470588236,1.8529411764705883,68
TR707*0102*2000*01_A1,33.0,0.5903614457831325,0.8554216867469879,0.10843373493975904,0.03614457831325301,0.14457831325301204,1.6626506024096386,83
TR707*0102*2000*01_A4,33.0,0.65,0.85,0.15,0.0,0.15,1.5875,80
TR709*0102*2000*01_A1,26.0,0.7375,0.9375,0.0625,0.0,0.0625,1.3375,80
TR709*0102*2000*01_A2,26.0,0.7666666666666667,0.9222222222222223,0.06666666666666667,0.011111111111111112,0.07777777777777778,1.3444444444444446,90
TR712*0102*2000*01_A1,29.0,0.6842105263157895,0.9078947368421053,0.09210526315789473,0.0,0.09210526315789473,1.4210526315789473,76
TR712*0102*2000*01_A4,29.0,0.75,0.8913043478260869,0.08695652173913043,0.021739130434782608,0.10869565217391304,1.423913043478261,92
TR714*0102*2000*01_A1,31.0,0.49514563106796117,0.7378640776699029,0.2524271844660194,0.009708737864077669,0.2621359223300971,1.8737864077669903,103
TR714*0102*2000*01_A2,31.0,0.591304347826087,0.7913043478260869,0.14782608695652175,0.06086956521739131,0.20869565217391303,1.817391304347826,115
TR1*0102*2000*01_A1,31.0,0.5714285714285714,0.7692307692307693,0.21978021978021978,0.01098901098901099,0.23076923076923078,1.7472527472527473,91
TR1*0102*2000*01_A2,31.0,0.6966292134831461,0.9550561797752809,0.02247191011235955,0.02247191011235955,0.0449438202247191,1.4157303370786516,89
TR721*0102*2000*01_A1,27.0,0.631578947368421,0.8421052631578947,0.14473684210526316,0.013157894736842105,0.15789473684210525,1.605263157894737,76
TR721*0102*2000*01_A3,27.0,0.5340909090909091,0.7613636363636364,0.23863636363636365,0.0,0.23863636363636365,1.7613636363636365,88
TR726*0102*2000*01_A1,32.0,0.6868686868686869,0.8787878787878788,0.10101010101010101,0.020202020202020204,0.12121212121212122,1.5151515151515151,99
TR726*0102*2000*01_A4,32.0,0.6515151515151515,0.8257575757575758,0.1590909090909091,0.015151515151515152,0.17424242424242425,1.5909090909090908,132
TR729*0102*2000*01_A1,26.0,0.7575757575757576,0.9494949494949495,0.04040404040404041,0.010101010101010102,0.050505050505050504,1.3232323232323233,99
TR729*0102*2000*01_A2,26.0,0.5897435897435898,0.782051282051282,0.11538461538461539,0.10256410256410256,0.21794871794871795,1.9743589743589745,78
TR736*0102*2000*01_A1,25.0,0.6712328767123288,0.958904109589041,0.0410958904109589,0.0,0.0410958904109589,1.3835616438356164,73
TR736*0102*2000*01_A4,25.0,0.7692307692307693,0.9358974358974359,0.0641025641025641,0.0,0.0641025641025641,1.294871794871795,78
TR739*0102*2000*01_A1,29.0,0.691358024691358,0.9012345679012346,0.07407407407407407,0.024691358024691357,0.09876543209876543,1.4938271604938271,81
TR739*0102*2000*01_A3,29.0,0.6091954022988506,0.7586206896551724,0.2413793103448276,0.0,0.2413793103448276,1.7126436781609196,87
TR741*0102*2000*01_A1,31.0,0.6666666666666666,0.8333333333333334,0.16666666666666666,0.0,0.16666666666666666,1.5208333333333333,96
TR741*0102*2000*01_A2,31.0,0.7767857142857143,0.9375,0.03571428571428571,0.026785714285714284,0.0625,1.3660714285714286,112
TR742*0102*2000*01_A1,26.0,0.625,0.890625,0.109375,0.0,0.109375,1.5625,64
TR742*0102*2000*01_A2,26.0,0.7230769230769231,0.8923076923076924,0.09230769230769231,0.015384615384615385,0.1076923076923077,1.4461538461538461,65
TR743*0102*2000*01_A1,36.0,0.5869565217391305,0.8043478260869565,0.16304347826086957,0.03260869565217391,0.1956521739130435,1.7608695652173914,92
TR743*0102*2000*01_A5b,36.0,0.5425531914893617,0.6595744680851063,0.2872340425531915,0.05319148936170213,0.3404255319148936,2.074468085106383,94
TR744*0102*2000*01_A1,24.0,0.7625,0.925,0.0375,0.0375,0.075,1.4125,80
TR744*0102*2000*01_A4,24.0,0.7349397590361446,0.8433734939759037,0.1566265060240964,0.0,0.1566265060240964,1.4337349397590362,83
TR747*0102*2000*01_A1,30.0,0.6666666666666666,0.7901234567901234,0.20987654320987653,0.0,0.20987654320987653,1.617283950617284,81
TR747*0102*2000*01_A4,30.0,0.7428571428571429,0.9142857142857143,0.08571428571428572,0.0,0.08571428571428572,1.3428571428571427,70
TR750*0102*2000*01_A1,36.0,0.7263157894736842,0.9157894736842105,0.06315789473684211,0.021052631578947368,0.08421052631578947,1.4210526315789473,95
TR750*0102*2000*01_A4,36.0,0.7325581395348837,0.8255813953488372,0.1511627906976744,0.023255813953488372,0.1744186046511628,1.558139534883721,86
TR751*0102*2000*01_A1,20.0,0.6164383561643836,0.863013698630137,0.136986301369863,0.0,0.136986301369863,1.5616438356164384,73
TR751*0102*2000*01_A2,20.0,0.6796875,0.8671875,0.078125,0.0546875,0.1328125,1.625,128
TR753*0102*2000*01_A1,37.0,0.6728971962616822,0.8691588785046729,0.1308411214953271,0.0,0.1308411214953271,1.485981308411215,107
TR753*0102*2000*01_A2,37.0,0.656,0.832,0.128,0.04,0.168,1.632,125
TR754*0102*2000*01_A1,34.0,0.6582278481012658,0.810126582278481,0.17721518987341772,0.012658227848101266,0.189873417721519,1.6455696202531647,79
TR754*0102*2000*01_A4,34.0,0.7191011235955056,0.8539325842696629,0.14606741573033707,0.0,0.14606741573033707,1.449438202247191,89
TR755*0102*2000*01_A1,36.0,0.7171052631578947,0.8881578947368421,0.1118421052631579,0.0,0.1118421052631579,1.4144736842105263,152
TR755*0102*2000*01_A2,36.0,0.717948717948718,0.9128205128205128,0.05641025641025641,0.03076923076923077,0.08717948717948718,1.4615384615384615,195
TR758*0102*2000*01_A1,24.0,0.7096774193548387,0.8494623655913979,0.15053763440860216,0.0,0.15053763440860216,1.4946236559139785,93
TR758*0102*2000*01_A2,24.0,0.6486486486486487,0.8738738738738738,0.09009009009009009,0.036036036036036036,0.12612612612612611,1.5855855855855856,111
TR793*0102*2000*01_A1,18.0,0.65,0.9333333333333333,0.06666666666666667,0.0,0.06666666666666667,1.4333333333333333,60
TR793*0102*2000*01_A4,18.0,0.7528089887640449,0.9101123595505618,0.0898876404494382,0.0,0.0898876404494382,1.3370786516853932,89
TR794*0102*2000*01_A1,14.0,0.5859375,0.796875,0.1796875,0.0234375,0.203125,1.7109375,128
TR794*0102*2000*01_A2,14.0,0.6666666666666666,0.8478260869565217,0.13043478260869565,0.021739130434782608,0.15217391304347827,1.5869565217391304,138
TR797*0102*2000*01_A1,24.0,0.5135135135135135,0.7432432432432432,0.20270270270270271,0.05405405405405406,0.25675675675675674,1.8918918918918919,74
TR797*0102*2000*01_A2,24.0,0.5,0.7027027027027027,0.21621621621621623,0.08108108108108109,0.2972972972972973,2.054054054054054,74
TR801*0102*2000*01_A1,21.0,0.6568627450980392,0.9117647058823529,0.08823529411764706,0.0,0.08823529411764706,1.4705882352941178,102
TR801*0102*2000*01_A3,21.0,0.6923076923076923,0.9120879120879121,0.08791208791208792,0.0,0.08791208791208792,1.4175824175824177,91
TR802*0102*2000*01_A1,36.0,0.5,0.7954545454545454,0.18181818181818182,0.022727272727272728,0.20454545454545456,1.7954545454545454,88
TR802*0102*2000*01_A4,36.0,0.4230769230769231,0.6346153846153846,0.3557692307692308,0.009615384615384616,0.36538461538461536,2.0865384615384617,104
TR803*0102*2000*01_A1,27.0,0.5894736842105263,0.7789473684210526,0.22105263157894736,0.0,0.22105263157894736,1.6736842105263159,95
TR803*0102*2000*01_A4,27.0,0.5402298850574713,0.735632183908046,0.25287356321839083,0.011494252873563218,0.26436781609195403,1.7701149425287357,87
TR805*0102*2000*01_A1,14.0,0.7,0.88,0.12,0.0,0.12,1.46,50
TR805*0102*2000*01_A3,14.0,0.6666666666666666,0.8571428571428571,0.14285714285714285,0.0,0.14285714285714285,1.507936507936508,63
TR807*0102*2000*01_A1,37.0,0.6818181818181818,0.8909090909090909,0.09090909090909091,0.01818181818181818,0.10909090909090909,1.4727272727272727,110
TR807*0102*2000*01_A4,37.0,0.7028985507246377,0.8768115942028986,0.10869565217391304,0.014492753623188406,0.12318840579710146,1.4927536231884058,138
TR810*0102*2000*01_A1,22.0,0.7831325301204819,0.9879518072289156,0.012048192771084338,0.0,0.012048192771084338,1.2409638554216869,83
TR810*0102*2000*01_A4,22.0,0.6708860759493671,0.8481012658227848,0.1518987341772152,0.0,0.1518987341772152,1.4936708860759493,79
TR811*0102*2000*01_A1,35.0,0.7088607594936709,0.9493670886075949,0.05063291139240506,0.0,0.05063291139240506,1.3544303797468353,79
TR811*0102*2000*01_A4,35.0,0.6923076923076923,0.8888888888888888,0.10256410256410256,0.008547008547008548,0.1111111111111111,1.4615384615384615,117
TR812*0102*2000*01_A1,24.0,0.7011494252873564,0.896551724137931,0.10344827586206896,0.0,0.10344827586206896,1.4367816091954022,87
TR812*0102*2000*01_A4,24.0,0.7722772277227723,0.9207920792079208,0.06930693069306931,0.009900990099009901,0.07920792079207921,1.3366336633663367,101
TR813*0102*2000*01_A1,25.0,0.7047619047619048,0.9047619047619048,0.08571428571428572,0.009523809523809525,0.09523809523809523,1.4190476190476191,105
TR813*0102*2000*01_A4,25.0,0.732824427480916,0.916030534351145,0.08396946564885496,0.0,0.08396946564885496,1.366412213740458,131
TR818*0102*2000*01_A1,30.0,0.6212121212121212,0.8863636363636364,0.11363636363636363,0.0,0.11363636363636363,1.5378787878787878,132
TR818*0102*2000*01_A2,30.0,0.728,0.848,0.08,0.072,0.152,1.664,125
TR819*0102*2000*01_A1,22.0,0.7411764705882353,0.9176470588235294,0.07058823529411765,0.011764705882352941,0.08235294117647059,1.388235294117647,85
TR819*0102*2000*01_A4,22.0,0.6586826347305389,0.8802395209580839,0.11377245508982035,0.005988023952095809,0.11976047904191617,1.5029940119760479,167
TR821*0102*2000*01_A1,30.0,0.6554621848739496,0.8823529411764706,0.11764705882352941,0.0,0.11764705882352941,1.4789915966386555,119
TR821*0102*2000*01_A3,30.0,0.7159090909090909,0.8295454545454546,0.17045454545454544,0.0,0.17045454545454544,1.4886363636363635,88
TR822*0102*2000*01_A1,28.0,0.6060606060606061,0.8484848484848485,0.13636363636363635,0.015151515151515152,0.15151515151515152,1.6363636363636365,66
TR822*0102*2000*01_A2,28.0,0.6181818181818182,0.9090909090909091,0.03636363636363636,0.05454545454545454,0.09090909090909091,1.6545454545454545,55
TR827*0102*2000*01_A1,27.0,0.6842105263157895,0.881578947368421,0.11842105263157894,0.0,0.11842105263157894,1.4736842105263157,76
TR827*0102*2000*01_A3,27.0,0.5483870967741935,0.8225806451612904,0.16129032258064516,0.016129032258064516,0.1774193548387097,1.6774193548387097,62
TR835*0102*2000*01_A1,25.0,0.7456140350877193,0.8859649122807017,0.08771929824561403,0.02631578947368421,0.11403508771929824,1.4649122807017543,114
TR835*0102*2000*01_A4,25.0,0.7704918032786885,0.8278688524590164,0.1721311475409836,0.0,0.1721311475409836,1.4180327868852458,122
TR836*0102*2000*01_A1,23.0,0.6991869918699187,0.8292682926829268,0.17073170731707318,0.0,0.17073170731707318,1.5203252032520325,123
TR836*0102*2000*01_A4,23.0,0.5961538461538461,0.7115384615384616,0.28846153846153844,0.0,0.28846153846153844,1.7788461538461537,104
TR842*0102*2000*01_A1,22.0,0.6050955414012739,0.8535031847133758,0.14012738853503184,0.006369426751592357,0.1464968152866242,1.5923566878980893,157
TR842*0102*2000*01_A3,22.0,0.5,0.75,0.24166666666666667,0.008333333333333333,0.25,1.8583333333333334,120
TR844*0102*2000*01_A1,26.0,0.6333333333333333,0.8444444444444444,0.15555555555555556,0.0,0.15555555555555556,1.5666666666666667,90
TR844*0102*2000*01_A2,26.0,0.5769230769230769,0.7692307692307693,0.1794871794871795,0.05128205128205128,0.23076923076923078,1.8461538461538463,78
TR845*0102*2000*01_A1,30.0,0.611764705882353,0.8,0.17647058823529413,0.023529411764705882,0.2,1.6823529411764706,85
TR845*0102*2000*01_A4,30.0,0.6391752577319587,0.8144329896907216,0.17525773195876287,0.010309278350515464,0.18556701030927836,1.6082474226804124,97
TR846*0102*2000*01_A1,39.0,0.6635514018691588,0.8878504672897196,0.11214953271028037,0.0,0.11214953271028037,1.4766355140186915,107
TR846*0102*2000*01_A2,39.0,0.6188524590163934,0.8114754098360656,0.14754098360655737,0.040983606557377046,0.1885245901639344,1.721311475409836,244
TR848*0102*2000*01_A1,23.0,0.7164179104477612,0.9253731343283582,0.07462686567164178,0.0,0.07462686567164178,1.3880597014925373,67
TR848*0102*2000*01_A2,23.0,0.6162790697674418,0.813953488372093,0.1744186046511628,0.011627906976744186,0.18604651162790697,1.6511627906976745,86
TR853*0102*2000*01_A1,26.0,0.6907216494845361,0.9484536082474226,0.05154639175257732,0.0,0.05154639175257732,1.3917525773195876,97
TR853*0102*2000*01_A4,26.0,0.6470588235294118,0.8137254901960784,0.18627450980392157,0.0,0.18627450980392157,1.5686274509803921,102
TR856*0102*2000*01_A1,31.0,0.5833333333333334,0.7857142857142857,0.20238095238095238,0.011904761904761904,0.21428571428571427,1.7142857142857142,84
TR856*0102*2000*01_A3,31.0,0.6842105263157895,0.8210526315789474,0.17894736842105263,0.0,0.17894736842105263,1.5368421052631578,95
TR859*0102*2000*01_A1,32.0,0.6902654867256637,0.9026548672566371,0.09734513274336283,0.0,0.09734513274336283,1.424778761061947,113
TR859*0102*2000*01_A4,32.0,0.6818181818181818,0.8545454545454545,0.14545454545454545,0.0,0.14545454545454545,1.481818181818182,110
TR861*0102*2000*01_A1,26.0,0.6454545454545455,0.8727272727272727,0.12727272727272726,0.0,0.12727272727272726,1.5,110
TR861*0102*2000*01_A2,26.0,0.6106194690265486,0.8584070796460177,0.07964601769911504,0.061946902654867256,0.1415929203539823,1.7168141592920354,113
TR867*0102*2000*01_A1,34.0,0.573170731707317,0.8658536585365854,0.10975609756097561,0.024390243902439025,0.13414634146341464,1.670731707317073,82
TR867*0102*2000*01_A4,34.0,0.6458333333333334,0.8020833333333334,0.19791666666666666,0.0,0.19791666666666666,1.59375,96
TR762*0102*2000*01_A1,26.0,0.7052631578947368,0.9052631578947369,0.09473684210526316,0.0,0.09473684210526316,1.4,95
TR762*0102*2000*01_A2,26.0,0.6455696202531646,0.8734177215189873,0.08860759493670886,0.0379746835443038,0.12658227848101267,1.6075949367088607,79
TR873*0102*2000*01_A1,32.0,0.7213114754098361,0.9098360655737705,0.08196721311475409,0.00819672131147541,0.09016393442622951,1.4098360655737705,122
TR873*0102*2000*01_A4,32.0,0.7094017094017094,0.8888888888888888,0.1111111111111111,0.0,0.1111111111111111,1.4017094017094016,117
TR882*0102*2000*01_A1,24.0,0.7815126050420168,0.907563025210084,0.09243697478991597,0.0,0.09243697478991597,1.3445378151260505,119
TR882*0102*2000*01_A4,24.0,0.5578947368421052,0.7473684210526316,0.24210526315789474,0.010526315789473684,0.25263157894736843,1.7473684210526317,95
TR883*0102*2000*01_A1,21.0,0.792,0.96,0.04,0.0,0.04,1.256,125
TR883*0102*2000*01_A4,21.0,0.8813559322033898,0.9745762711864406,0.025423728813559324,0.0,0.025423728813559324,1.1440677966101696,118
TR884*0102*2000*01_A1,25.0,0.5934065934065934,0.7912087912087912,0.1978021978021978,0.01098901098901099,0.2087912087912088,1.6923076923076923,91
TR884*0102*2000*01_A4,25.0,0.425,0.5875,0.3875,0.025,0.4125,2.1625,80
TR885*0102*2000*01_A1,30.0,0.8,0.9363636363636364,0.06363636363636363,0.0,0.06363636363636363,1.2727272727272727,110
TR885*0102*2000*01_A2,30.0,0.7560975609756098,0.8658536585365854,0.0975609756097561,0.036585365853658534,0.13414634146341464,1.4878048780487805,82
TR886*0102*2000*01_A1,30.0,0.6625,0.8875,0.1,0.0125,0.1125,1.5,80
TR886*0102*2000*01_A3,30.0,0.5747126436781609,0.7701149425287356,0.22988505747126436,0.0,0.22988505747126436,1.7011494252873562,87
TR887*0102*2000*01_A1,23.0,0.7386363636363636,0.9090909090909091,0.09090909090909091,0.0,0.09090909090909091,1.375,88
TR887*0102*2000*01_A2,23.0,0.7821782178217822,0.9207920792079208,0.0594059405940594,0.019801980198019802,0.07920792079207921,1.3663366336633664,101
TR888*0102*2000*01_A1,23.0,0.569620253164557,0.810126582278481,0.189873417721519,0.0,0.189873417721519,1.6962025316455696,79
TR888*0102*2000*01_A4,23.0,0.5588235294117647,0.7745098039215687,0.21568627450980393,0.00980392156862745,0.22549019607843138,1.7549019607843137,102
TR889*0102*2000*01_A1,31.0,0.5959595959595959,0.8484848484848485,0.1414141414141414,0.010101010101010102,0.15151515151515152,1.6464646464646464,99
TR889*0102*2000*01_A4,31.0,0.5846153846153846,0.7692307692307693,0.23076923076923078,0.0,0.23076923076923078,1.6923076923076923,130
TR890*0102*2000*01_A1,22.0,0.7647058823529411,0.9558823529411765,0.04411764705882353,0.0,0.04411764705882353,1.2941176470588236,68
TR890*0102*2000*01_A4,22.0,0.7142857142857143,0.9047619047619048,0.07936507936507936,0.015873015873015872,0.09523809523809523,1.4603174603174602,63
TR892*0102*2000*01_A1,28.0,0.6588235294117647,0.8705882352941177,0.12941176470588237,0.0,0.12941176470588237,1.5058823529411764,85
TR892*0102*2000*01_A2,28.0,0.6538461538461539,0.8846153846153846,0.05128205128205128,0.0641025641025641,0.11538461538461539,1.641025641025641,78
TR896*0102*2000*01_A1,34.0,0.6442307692307693,0.8461538461538461,0.15384615384615385,0.0,0.15384615384615385,1.5480769230769231,104
TR896*0102*2000*01_A4,34.0,0.5769230769230769,0.75,0.25,0.0,0.25,1.7692307692307692,104
TR899*0102*2000*01_A1,24.0,0.7045454545454546,0.9431818181818182,0.056818181818181816,0.0,0.056818181818181816,1.3636363636363635,88
TR899*0102*2000*01_A2,24.0,0.6538461538461539,0.8461538461538461,0.08974358974358974,0.0641025641025641,0.15384615384615385,1.6923076923076923,78
TR903*0102*2000*01_A1,23.0,0.8153846153846154,0.9230769230769231,0.06153846153846154,0.015384615384615385,0.07692307692307693,1.3076923076923077,65
TR903*0102*2000*01_A2,23.0,0.726027397260274,0.8767123287671232,0.0958904109589041,0.0273972602739726,0.1232876712328767,1.4794520547945205,73
TR763*0102*2000*01_A1,29.0,0.5689655172413793,0.8017241379310345,0.1724137931034483,0.02586206896551724,0.19827586206896552,1.7413793103448276,116
TR763*0102*2000*01_A4,29.0,0.5789473684210527,0.7280701754385965,0.2543859649122807,0.017543859649122806,0.2719298245614035,1.780701754385965,114
TR96*0102*2000*01_A1,27.0,0.7073170731707317,0.8414634146341463,0.14634146341463414,0.012195121951219513,0.15853658536585366,1.5609756097560976,82
TR96*0102*2000*01_A4,27.0,0.5858585858585859,0.6666666666666666,0.31313131313131315,0.020202020202020204,0.3333333333333333,1.8686868686868687,99
TR98*0102*2000*01_A1,26.0,0.6521739130434783,0.8804347826086957,0.10869565217391304,0.010869565217391304,0.11956521739130435,1.5217391304347827,92
TR98*0102*2000*01_A3,26.0,0.7241379310344828,0.8448275862068966,0.15517241379310345,0.0,0.15517241379310345,1.456896551724138,116
TR103*0102*2000*01_A1,24.0,0.6619718309859155,0.8591549295774648,0.14084507042253522,0.0,0.14084507042253522,1.5070422535211268,71
TR103*0102*2000*01_A2,24.0,0.6888888888888889,0.8555555555555555,0.06666666666666667,0.07777777777777778,0.14444444444444443,1.711111111111111,90
TR104*0102*2000*01_A1,24.0,0.7027027027027027,0.9594594594594594,0.04054054054054054,0.0,0.04054054054054054,1.364864864864865,74
TR104*0102*2000*01_A4,24.0,0.7610619469026548,0.911504424778761,0.08849557522123894,0.0,0.08849557522123894,1.3539823008849559,113
TR105*0102*2000*01_A1,26.0,0.6949152542372882,0.8813559322033898,0.11016949152542373,0.00847457627118644,0.11864406779661017,1.4745762711864407,118
TR105*0102*2000*01_A2,26.0,0.625,0.8541666666666666,0.11458333333333333,0.03125,0.14583333333333334,1.6458333333333333,96
TR106*0102*2000*01_A1,23.0,0.7066666666666667,0.88,0.10666666666666667,0.013333333333333334,0.12,1.4666666666666666,75
TR106*0102*2000*01_A2,23.0,0.900990099009901,0.9603960396039604,0.009900990099009901,0.0297029702970297,0.039603960396039604,1.2376237623762376,101
TR107*0102*2000*01_A1,35.0,0.6774193548387096,0.8709677419354839,0.11290322580645161,0.016129032258064516,0.12903225806451613,1.532258064516129,124
TR107*0102*2000*01_A4,35.0,0.6614173228346457,0.8503937007874016,0.14173228346456693,0.007874015748031496,0.14960629921259844,1.5590551181102361,127
TR110*0102*2000*01_A1,35.0,0.6917293233082706,0.9097744360902256,0.08270676691729323,0.007518796992481203,0.09022556390977443,1.443609022556391,133
TR110*0102*2000*01_A4,35.0,0.5913978494623656,0.7634408602150538,0.23655913978494625,0.0,0.23655913978494625,1.6774193548387097,93
TR112*0102*2000*01_A1,36.0,0.625,0.84375,0.1484375,0.0078125,0.15625,1.6015625,128
TR112*0102*2000*01_A3,36.0,0.6277372262773723,0.8686131386861314,0.11678832116788321,0.014598540145985401,0.13138686131386862,1.5401459854014599,137
TR764*0102*2000*01_A1,35.0,0.6153846153846154,0.7564102564102564,0.23076923076923078,0.01282051282051282,0.24358974358974358,1.7307692307692308,78
TR764*0102*2000*01_A5a,35.0,0.6,0.8333333333333334,0.16666666666666666,0.0,0.16666666666666666,1.6333333333333333,90
TR904*0102*2000*01_A1,33.0,0.6776859504132231,0.8512396694214877,0.1322314049586777,0.01652892561983471,0.1487603305785124,1.537190082644628,121
TR904*0102*2000*01_A4,33.0,0.6510067114093959,0.8053691275167785,0.18791946308724833,0.006711409395973154,0.19463087248322147,1.5838926174496644,149
TR906*0102*2000*01_A1,26.0,0.6818181818181818,0.9090909090909091,0.09090909090909091,0.0,0.09090909090909091,1.4393939393939394,66
TR906*0102*2000*01_A2,26.0,0.65,0.8625,0.0875,0.05,0.1375,1.6625,80
TR908*0102*2000*01_A1,25.0,0.6914893617021277,0.9042553191489362,0.09574468085106383,0.0,0.09574468085106383,1.4361702127659575,94
TR908*0102*2000*01_A2,25.0,0.5882352941176471,0.8137254901960784,0.10784313725490197,0.0784313725490196,0.18627450980392157,1.8431372549019607,102
TR909*0102*2000*01_A1,28.0,0.7209302325581395,0.9186046511627907,0.08139534883720931,0.0,0.08139534883720931,1.3837209302325582,86
TR909*0102*2000*01_A4,28.0,0.7474747474747475,0.9292929292929293,0.06060606060606061,0.010101010101010102,0.0707070707070707,1.3636363636363635,99
TR917*0102*2000*01_A1,29.0,0.5869565217391305,0.8369565217391305,0.14130434782608695,0.021739130434782608,0.16304347826086957,1.641304347826087,92
TR917*0102*2000*01_A2,29.0,0.6090909090909091,0.8909090909090909,0.1,0.00909090909090909,0.10909090909090909,1.5545454545454545,110
TR918*0102*2000*01_A1,26.0,0.7625,0.95,0.05,0.0,0.05,1.3125,80
TR918*0102*2000*01_A4,26.0,0.6153846153846154,0.7884615384615384,0.21153846153846154,0.0,0.21153846153846154,1.6538461538461537,52
TR919*0102*2000*01_A1,24.0,0.6242038216560509,0.8343949044585988,0.15286624203821655,0.012738853503184714,0.16560509554140126,1.6178343949044587,157
TR919*0102*2000*01_A3,24.0,0.5252525252525253,0.7575757575757576,0.21212121212121213,0.030303030303030304,0.24242424242424243,1.898989898989899,99
TR920*0102*2000*01_A1,29.0,0.7432432432432432,0.9594594594594594,0.04054054054054054,0.0,0.04054054054054054,1.2972972972972974,74
TR920*0102*2000*01_A4,29.0,0.6138613861386139,0.8712871287128713,0.12871287128712872,0.0,0.12871287128712872,1.5247524752475248,101
TR921*0102*2000*01_A1,29.0,0.7160493827160493,0.8765432098765432,0.12345679012345678,0.0,0.12345679012345678,1.4320987654320987,81
TR921*0102*2000*01_A4,29.0,0.647887323943662,0.8169014084507042,0.16901408450704225,0.014084507042253521,0.18309859154929578,1.5633802816901408,71
TR922*0102*2000*01_A1,25.0,0.6122448979591837,0.8469387755102041,0.15306122448979592,0.0,0.15306122448979592,1.6020408163265305,98
TR922*0102*2000*01_A2,25.0,0.53125,0.7395833333333334,0.19791666666666666,0.0625,0.2604166666666667,1.9479166666666667,96
TR765*0102*2000*01_A1,23.0,0.7263157894736842,0.9052631578947369,0.09473684210526316,0.0,0.09473684210526316,1.3894736842105264,95
TR765*0102*2000*01_A2,23.0,0.7789473684210526,0.9052631578947369,0.05263157894736842,0.042105263157894736,0.09473684210526316,1.4421052631578948,95
TR926*0102*2000*01_A1,29.0,0.573170731707317,0.7926829268292683,0.1951219512195122,0.012195121951219513,0.2073170731707317,1.7317073170731707,82
TR926*0102*2000*01_A4,29.0,0.5596330275229358,0.7706422018348624,0.22018348623853212,0.009174311926605505,0.22935779816513763,1.7798165137614679,109
TR927*0102*2000*01_A1,32.0,0.49514563106796117,0.7572815533980582,0.1553398058252427,0.08737864077669903,0.24271844660194175,2.0485436893203883,103
TR927*0102*2000*01_A4,32.0,0.5107913669064749,0.7194244604316546,0.2517985611510791,0.02877697841726619,0.2805755395683453,1.9280575539568345,139
TR929*0102*2000*01_A1,27.0,0.6708860759493671,0.8860759493670886,0.11392405063291139,0.0,0.11392405063291139,1.4683544303797469,79
TR929*0102*2000*01_A4,27.0,0.7692307692307693,0.9102564102564102,0.08974358974358974,0.0,0.08974358974358974,1.3205128205128205,78
TR931*0102*2000*01_A1,26.0,0.6808510638297872,0.8617021276595744,0.13829787234042554,0.0,0.13829787234042554,1.5212765957446808,94
TR931*0102*2000*01_A2,26.0,0.6179775280898876,0.7303370786516854,0.23595505617977527,0.033707865168539325,0.2696629213483146,1.7865168539325842,89
TR933*0102*2000*01_A1,31.0,0.6363636363636364,0.8311688311688312,0.15584415584415584,0.012987012987012988,0.16883116883116883,1.6233766233766234,77
TR933*0102*2000*01_A4,31.0,0.7682926829268293,0.9146341463414634,0.08536585365853659,0.0,0.08536585365853659,1.329268292682927,82
TR935*0102*2000*01_A1,24.0,0.654320987654321,0.8888888888888888,0.08641975308641975,0.024691358024691357,0.1111111111111111,1.5185185185185186,81
TR935*0102*2000*01_A5b,24.0,0.6483516483516484,0.8571428571428571,0.14285714285714285,0.0,0.14285714285714285,1.5054945054945055,91
TR938*0102*2000*01_A1,33.0,0.6237623762376238,0.8415841584158416,0.15841584158415842,0.0,0.15841584158415842,1.5940594059405941,101
TR938*0102*2000*01_A3,33.0,0.5529411764705883,0.7176470588235294,0.24705882352941178,0.03529411764705882,0.2823529411764706,1.8941176470588235,85
TR766*0102*2000*01_A1,29.0,0.7079646017699115,0.9469026548672567,0.04424778761061947,0.008849557522123894,0.05309734513274336,1.3805309734513274,113
TR766*0102*2000*01_A4,29.0,0.7066666666666667,0.9066666666666666,0.09333333333333334,0.0,0.09333333333333334,1.4,150
TR942*0102*2000*01_A1,25.0,0.7215189873417721,0.9367088607594937,0.06329113924050633,0.0,0.06329113924050633,1.3670886075949367,79
TR942*0102*2000*01_A2,25.0,0.7307692307692307,0.9230769230769231,0.02564102564102564,0.05128205128205128,0.07692307692307693,1.5,78
TR943*0102*2000*01_A1,35.0,0.5769230769230769,0.7923076923076923,0.18461538461538463,0.023076923076923078,0.2076923076923077,1.7384615384615385,130
TR943*0102*2000*01_A2,35.0,0.5,0.7246376811594203,0.2536231884057971,0.021739130434782608,0.2753623188405797,1.9420289855072463,138
TR944*0102*2000*01_A1,32.0,0.7333333333333333,0.8761904761904762,0.12380952380952381,0.0,0.12380952380952381,1.438095238095238,105
TR944*0102*2000*01_A3,32.0,0.5405405405405406,0.7027027027027027,0.2972972972972973,0.0,0.2972972972972973,1.8513513513513513,74
TR945*0102*2000*01_A1,30.0,0.6404494382022472,0.8651685393258427,0.1348314606741573,0.0,0.1348314606741573,1.5393258426966292,89
TR945*0102*2000*01_A2,30.0,0.7321428571428571,0.8660714285714286,0.07142857142857142,0.0625,0.13392857142857142,1.5892857142857142,112
TR946*0102*2000*01_A1,23.0,0.7415730337078652,0.8651685393258427,0.1348314606741573,0.0,0.1348314606741573,1.4269662921348314,89
TR946*0102*2000*01_A5b,23.0,0.7083333333333334,0.8333333333333334,0.125,0.041666666666666664,0.16666666666666666,1.5555555555555556,72
TR951*0102*2000*01_A1,30.0,0.6444444444444445,0.8555555555555555,0.13333333333333333,0.011111111111111112,0.14444444444444443,1.5777777777777777,90
TR951*0102*2000*01_A2,30.0,0.7619047619047619,0.8690476190476191,0.08333333333333333,0.047619047619047616,0.13095238095238096,1.5476190476190477,84
TR955*0102*2000*01_A1,30.0,0.6846153846153846,0.8461538461538461,0.15384615384615385,0.0,0.15384615384615385,1.5153846153846153,130
TR955*0102*2000*01_A4,30.0,0.568,0.776,0.216,0.008,0.224,1.688,125
TR956*0102*2000*01_A1,25.0,0.7564102564102564,0.8974358974358975,0.07692307692307693,0.02564102564102564,0.10256410256410256,1.4487179487179487,78
TR956*0102*2000*01_A4,25.0,0.7625,0.95,0.0375,0.0125,0.05,1.325,80
TR957*0102*2000*01_A1,27.0,0.5617977528089888,0.8314606741573034,0.15730337078651685,0.011235955056179775,0.16853932584269662,1.6629213483146068,89
TR957*0102*2000*01_A2,27.0,0.6091954022988506,0.8505747126436781,0.08045977011494253,0.06896551724137931,0.14942528735632185,1.7816091954022988,87
TR958*0102*2000*01_A1,15.0,0.7666666666666667,0.95,0.05,0.0,0.05,1.2833333333333334,60
TR958*0102*2000*01_A4,15.0,0.5263157894736842,0.7368421052631579,0.2631578947368421,0.0,0.2631578947368421,1.7894736842105263,76
TR767*0102*2000*01_A1,20.0,0.6764705882352942,0.8823529411764706,0.11764705882352941,0.0,0.11764705882352941,1.4607843137254901,102
TR767*0102*2000*01_A4,20.0,0.673469387755102,0.8673469387755102,0.1326530612244898,0.0,0.1326530612244898,1.4591836734693877,98
TR963*0102*2000*01_A1,35.0,0.5913978494623656,0.7849462365591398,0.1935483870967742,0.021505376344086023,0.21505376344086022,1.7204301075268817,93
TR963*0102*2000*01_A4,35.0,0.6464646464646465,0.8585858585858586,0.13131313131313133,0.010101010101010102,0.1414141414141414,1.5252525252525253,99
TR965*0102*2000*01_A1,20.0,0.6805555555555556,0.875,0.125,0.0,0.125,1.5277777777777777,72
TR965*0102*2000*01_A2,20.0,0.7162162162162162,0.9054054054054054,0.05405405405405406,0.04054054054054054,0.0945945945945946,1.5,74
TR966*0102*2000*01_A1,31.0,0.6296296296296297,0.8641975308641975,0.13580246913580246,0.0,0.13580246913580246,1.5555555555555556,81
TR966*0102*2000*01_A3,31.0,0.4266666666666667,0.7333333333333333,0.25333333333333335,0.013333333333333334,0.26666666666666666,1.92,75
TR970*0102*2000*01_A1,31.0,0.7078651685393258,0.9101123595505618,0.07865168539325842,0.011235955056179775,0.0898876404494382,1.4382022471910112,89
TR970*0102*2000*01_A2,31.0,0.6515151515151515,0.8787878787878788,0.09090909090909091,0.030303030303030304,0.12121212121212122,1.5606060606060606,66
TR972*0102*2000*01_A1,23.0,0.6567164179104478,0.8656716417910447,0.13432835820895522,0.0,0.13432835820895522,1.537313432835821,67
TR972*0102*2000*01_A3,23.0,0.6268656716417911,0.835820895522388,0.16417910447761194,0.0,0.16417910447761194,1.5970149253731343,67
TR973*0102*2000*01_A1,28.0,0.6941176470588235,0.8352941176470589,0.15294117647058825,0.011764705882352941,0.16470588235294117,1.5411764705882354,85
TR973*0102*2000*01_A3,28.0,0.6585365853658537,0.8780487804878049,0.10975609756097561,0.012195121951219513,0.12195121951219512,1.5121951219512195,82
TR975*0102*2000*01_A1,25.0,0.6486486486486487,0.8513513513513513,0.12162162162162163,0.02702702702702703,0.14864864864864866,1.6216216216216217,74
TR975*0102*2000*01_A4,25.0,0.6,0.7733333333333333,0.18666666666666668,0.04,0.22666666666666666,1.76,75
TR979*0102*2000*01_A1,25.0,0.71875,0.8645833333333334,0.11458333333333333,0.020833333333333332,0.13541666666666666,1.5416666666666667,96
TR979*0102*2000*01_A4,25.0,0.628099173553719,0.8181818181818182,0.17355371900826447,0.008264462809917356,0.18181818181818182,1.6363636363636365,121
TR768*0102*2000*01_A1,35.0,0.6074766355140186,0.8598130841121495,0.14018691588785046,0.0,0.14018691588785046,1.5794392523364487,107
TR768*0102*2000*01_A2,35.0,0.5882352941176471,0.8235294117647058,0.1411764705882353,0.03529411764705882,0.17647058823529413,1.7176470588235293,85
TR980*0102*2000*01_A1,21.0,0.7272727272727273,0.8686868686868687,0.13131313131313133,0.0,0.13131313131313133,1.4545454545454546,99
TR980*0102*2000*01_A3,21.0,0.6301369863013698,0.8493150684931506,0.1506849315068493,0.0,0.1506849315068493,1.5342465753424657,73
TR985*0102*2000*01_A1,21.0,0.6883116883116883,0.9090909090909091,0.09090909090909091,0.0,0.09090909090909091,1.4415584415584415,77
TR985*0102*2000*01_A3,21.0,0.7222222222222222,0.9166666666666666,0.08333333333333333,0.0,0.08333333333333333,1.3611111111111112,72
TR989*0102*2000*01_A1,26.0,0.6071428571428571,0.7976190476190477,0.20238095238095238,0.0,0.20238095238095238,1.630952380952381,84
TR989*0102*2000*01_A4,26.0,0.4588235294117647,0.6470588235294118,0.3411764705882353,0.011764705882352941,0.35294117647058826,2.011764705882353,85
TR990*0102*2000*01_A1,24.0,0.680327868852459,0.9016393442622951,0.09016393442622951,0.00819672131147541,0.09836065573770492,1.4508196721311475,122
TR990*0102*2000*01_A4,24.0,0.7040816326530612,0.8571428571428571,0.10204081632653061,0.04081632653061224,0.14285714285714285,1.5714285714285714,98
TR993*0102*2000*01_A1,23.0,0.5591397849462365,0.7849462365591398,0.17204301075268819,0.043010752688172046,0.21505376344086022,1.8064516129032258,93
TR993*0102*2000*01_A4,23.0,0.5818181818181818,0.7545454545454545,0.23636363636363636,0.00909090909090909,0.24545454545454545,1.7636363636363637,110
TR996*0102*2000*01_A1,30.0,0.6274509803921569,0.803921568627451,0.19607843137254902,0.0,0.19607843137254902,1.6176470588235294,102
TR996*0102*2000*01_A2,30.0,0.6036036036036037,0.7927927927927928,0.12612612612612611,0.08108108108108109,0.2072072072072072,1.882882882882883,111
TR997*0102*2000*01_A1,30.0,0.6235294117647059,0.8352941176470589,0.15294117647058825,0.011764705882352941,0.16470588235294117,1.588235294117647,85
TR997*0102*2000*01_A4,30.0,0.6666666666666666,0.8333333333333334,0.15151515151515152,0.015151515151515152,0.16666666666666666,1.5454545454545454,66
TR769*0102*2000*01_A1,22.0,0.6176470588235294,0.8823529411764706,0.11764705882352941,0.0,0.11764705882352941,1.5588235294117647,68
TR769*0102*2000*01_A2,22.0,0.7252747252747253,0.8241758241758241,0.07692307692307693,0.0989010989010989,0.17582417582417584,1.7472527472527473,91
TR1001*0102*2000*01_A1,28.0,0.7555555555555555,0.9,0.06666666666666667,0.03333333333333333,0.1,1.4444444444444444,90
TR1001*0102*2000*01_A4,28.0,0.7980769230769231,0.9134615384615384,0.07692307692307693,0.009615384615384616,0.08653846153846154,1.3461538461538463,104
TR1007*0102*2000*01_A1,25.0,0.7647058823529411,0.8970588235294118,0.10294117647058823,0.0,0.10294117647058823,1.3970588235294117,68
TR1007*0102*2000*01_A2,25.0,0.6385542168674698,0.8433734939759037,0.08433734939759036,0.07228915662650602,0.1566265060240964,1.7469879518072289,83
TR1008*0102*2000*01_A1,29.0,0.5824175824175825,0.8021978021978022,0.18681318681318682,0.01098901098901099,0.1978021978021978,1.6813186813186813,91
TR1008*0102*2000*01_A2,29.0,0.5188679245283019,0.7264150943396226,0.2358490566037736,0.03773584905660377,0.27358490566037735,1.9622641509433962,106
TR1010*0102*2000*01_A1,25.0,0.6593406593406593,0.8681318681318682,0.10989010989010989,0.02197802197802198,0.13186813186813187,1.5384615384615385,91
TR1010*0102*2000*01_A2,25.0,0.5673076923076923,0.8269230769230769,0.125,0.04807692307692308,0.17307692307692307,1.7788461538461537,104
TR1011*0102*2000*01_A1,24.0,0.7459016393442623,0.9344262295081968,0.05737704918032787,0.00819672131147541,0.06557377049180328,1.3442622950819672,122
TR1011*0102*2000*01_A3,24.0,0.6407766990291263,0.8737864077669902,0.1262135922330097,0.0,0.1262135922330097,1.5145631067961165,103
TR1013*0102*2000*01_A1,30.0,0.5774647887323944,0.7887323943661971,0.18309859154929578,0.028169014084507043,0.2112676056338028,1.7464788732394365,71
TR1013*0102*2000*01_A2,30.0,0.6931818181818182,0.9318181818181818,0.045454545454545456,0.022727272727272728,0.06818181818181818,1.4545454545454546,88
TR1014*0102*2000*01_A1,27.0,0.6,0.7411764705882353,0.24705882352941178,0.011764705882352941,0.25882352941176473,1.8,85
TR1014*0102*2000*01_A4,27.0,0.6,0.84,0.14666666666666667,0.013333333333333334,0.16,1.6266666666666667,75
TR1021*0102*2000*01_A1,25.0,0.7127659574468085,0.8936170212765957,0.0851063829787234,0.02127659574468085,0.10638297872340426,1.4680851063829787,94
TR1021*0102*2000*01_A2,25.0,0.7659574468085106,0.9042553191489362,0.0425531914893617,0.05319148936170213,0.09574468085106383,1.4893617021276595,94
TR1022*0102*2000*01_A1,34.0,0.6071428571428571,0.9047619047619048,0.08333333333333333,0.011904761904761904,0.09523809523809523,1.5238095238095237,84
TR1022*0102*2000*01_A2,34.0,0.6914893617021277,0.8404255319148937,0.1276595744680851,0.031914893617021274,0.1595744680851064,1.5851063829787233,94
TR1023*0102*2000*01_A1,34.0,0.5824175824175825,0.8021978021978022,0.18681318681318682,0.01098901098901099,0.1978021978021978,1.6923076923076923,91
TR1023*0102*2000*01_A3,34.0,0.616822429906542,0.794392523364486,0.18691588785046728,0.018691588785046728,0.205607476635514,1.691588785046729,107
TR1027*0102*2000*01_A1,33.0,0.6388888888888888,0.8333333333333334,0.16666666666666666,0.0,0.16666666666666666,1.5694444444444444,72
TR1027*0102*2000*01_A5a,33.0,0.6629213483146067,0.8764044943820225,0.11235955056179775,0.011235955056179775,0.12359550561797752,1.4943820224719102,89
TR1032*0102*2000*01_A1,24.0,0.7126436781609196,0.9195402298850575,0.08045977011494253,0.0,0.08045977011494253,1.4022988505747127,87
TR1032*0102*2000*01_A2,24.0,0.7607361963190185,0.8957055214723927,0.0736196319018405,0.03067484662576687,0.10429447852760736,1.4478527607361964,163
TR1037*0102*2000*01_A1,31.0,0.6410256410256411,0.8461538461538461,0.14102564102564102,0.01282051282051282,0.15384615384615385,1.5769230769230769,78
TR1037*0102*2000*01_A4,31.0,0.6024096385542169,0.7590361445783133,0.2289156626506024,0.012048192771084338,0.24096385542168675,1.7228915662650603,83
TR1044*0102*2000*01_A1,30.0,0.6413043478260869,0.8478260869565217,0.14130434782608695,0.010869565217391304,0.15217391304347827,1.5869565217391304,92
TR1044*0102*2000*01_A4,30.0,0.6904761904761905,0.8412698412698413,0.15873015873015872,0.0,0.15873015873015872,1.5,126
TR115*0102*2000*01_A1,23.0,0.7672413793103449,0.9051724137931034,0.08620689655172414,0.008620689655172414,0.09482758620689655,1.3620689655172413,116
TR115*0102*2000*01_A2,23.0,0.7414965986394558,0.8843537414965986,0.08843537414965986,0.027210884353741496,0.11564625850340136,1.469387755102041,147
TR122*0102*2000*01_A1,28.0,0.7244897959183674,0.9387755102040817,0.061224489795918366,0.0,0.061224489795918366,1.3673469387755102,98
TR122*0102*2000*01_A2,28.0,0.7555555555555555,0.9222222222222223,0.044444444444444446,0.03333333333333333,0.07777777777777778,1.4555555555555555,90
TR124*0102*2000*01_A1,16.0,0.7386363636363636,0.9204545454545454,0.07954545454545454,0.0,0.07954545454545454,1.3522727272727273,88
TR124*0102*2000*01_A4,16.0,0.5333333333333333,0.7777777777777778,0.2,0.022222222222222223,0.2222222222222222,1.7666666666666666,90
TR126*0102*2000*01_A1,36.0,0.6842105263157895,0.8947368421052632,0.10526315789473684,0.0,0.10526315789473684,1.4526315789473685,95
TR126*0102*2000*01_A2,36.0,0.5757575757575758,0.8484848484848485,0.10101010101010101,0.050505050505050504,0.15151515151515152,1.7272727272727273,99
TR128*0102*2000*01_A1,39.0,0.6590909090909091,0.8409090909090909,0.14772727272727273,0.011363636363636364,0.1590909090909091,1.5795454545454546,88
TR128*0102*2000*01_A2,39.0,0.6239316239316239,0.811965811965812,0.1111111111111111,0.07692307692307693,0.18803418803418803,1.811965811965812,117
TR129*0102*2000*01_A1,28.0,0.686046511627907,0.8837209302325582,0.10465116279069768,0.011627906976744186,0.11627906976744186,1.5,86
TR129*0102*2000*01_A2,28.0,0.6666666666666666,0.8602150537634409,0.10752688172043011,0.03225806451612903,0.13978494623655913,1.5913978494623655,93
TR130*0102*2000*01_A1,19.0,0.5915492957746479,0.8873239436619719,0.11267605633802817,0.0,0.11267605633802817,1.5492957746478873,71
TR130*0102*2000*01_A2,19.0,0.5733333333333334,0.7866666666666666,0.16,0.05333333333333334,0.21333333333333335,1.8,75
TR131*0102*2000*01_A1,34.0,0.6435643564356436,0.8613861386138614,0.10891089108910891,0.0297029702970297,0.13861386138613863,1.5643564356435644,101
TR131*0102*2000*01_A5a,34.0,0.5826086956521739,0.7391304347826086,0.2608695652173913,0.0,0.2608695652173913,1.7739130434782608,115
TR132*0102*2000*01_A1,26.0,0.6746031746031746,0.8095238095238095,0.19047619047619047,0.0,0.19047619047619047,1.5873015873015872,126
TR132*0102*2000*01_A2,26.0,0.6632653061224489,0.826530612244898,0.12244897959183673,0.05102040816326531,0.17346938775510204,1.683673469387755,98
TR772*0102*2000*01_A1,24.0,0.6883116883116883,0.9090909090909091,0.09090909090909091,0.0,0.09090909090909091,1.4025974025974026,77
TR772*0102*2000*01_A3,24.0,0.6941176470588235,0.8470588235294118,0.15294117647058825,0.0,0.15294117647058825,1.4941176470588236,85
TR1049*0102*2000*01_A1,26.0,0.7415730337078652,0.9438202247191011,0.056179775280898875,0.0,0.056179775280898875,1.3258426966292134,89
TR1049*0102*2000*01_A4,26.0,0.7397260273972602,0.8493150684931506,0.1506849315068493,0.0,0.1506849315068493,1.4246575342465753,73
TR1052*0102*2000*01_A1,26.0,0.7142857142857143,0.8979591836734694,0.10204081632653061,0.0,0.10204081632653061,1.4081632653061225,98
TR1052*0102*2000*01_A4,26.0,0.7787610619469026,0.9026548672566371,0.09734513274336283,0.0,0.09734513274336283,1.3628318584070795,113
TR1055*0102*2000*01_A1,24.0,0.717948717948718,0.8589743589743589,0.1282051282051282,0.01282051282051282,0.14102564102564102,1.4871794871794872,78
TR1055*0102*2000*01_A4,24.0,0.5294117647058824,0.696078431372549,0.30392156862745096,0.0,0.30392156862745096,1.8431372549019607,102
TR1063*0102*2000*01_A1,29.0,0.5571428571428572,0.7714285714285715,0.22857142857142856,0.0,0.22857142857142856,1.7285714285714286,70
TR1063*0102*2000*01_A2,29.0,0.6266666666666667,0.8266666666666667,0.10666666666666667,0.06666666666666667,0.17333333333333334,1.7733333333333334,75
TR1067*0102*2000*01_A1,26.0,0.6811594202898551,0.9130434782608695,0.08695652173913043,0.0,0.08695652173913043,1.4202898550724639,69
TR1067*0102*2000*01_A2,26.0,0.53125,0.875,0.09375,0.03125,0.125,1.71875,64
TR1068*0102*2000*01_A1,22.0,0.6309523809523809,0.9285714285714286,0.07142857142857142,0.0,0.07142857142857142,1.4523809523809523,84
TR1068*0102*2000*01_A4,22.0,0.6258503401360545,0.8299319727891157,0.16326530612244897,0.006802721088435374,0.17006802721088435,1.5714285714285714,147
TR1070*0102*2000*01_A1,21.0,0.6938775510204082,0.9285714285714286,0.07142857142857142,0.0,0.07142857142857142,1.3979591836734695,98
TR1070*0102*2000*01_A4,21.0,0.5247524752475248,0.7326732673267327,0.24752475247524752,0.019801980198019802,0.26732673267326734,1.8415841584158417,101
TR1073*0102*2000*01_A1,26.0,0.8295454545454546,0.9318181818181818,0.06818181818181818,0.0,0.06818181818181818,1.25,88
TR1073*0102*2000*01_A2,26.0,0.7840909090909091,0.9090909090909091,0.056818181818181816,0.03409090909090909,0.09090909090909091,1.4318181818181819,88
TR1074*0102*2000*01_A1,27.0,0.6521739130434783,0.782608695652174,0.18840579710144928,0.028985507246376812,0.21739130434782608,1.6956521739130435,69
TR1074*0102*2000*01_A3,27.0,0.7530864197530864,0.8765432098765432,0.12345679012345678,0.0,0.12345679012345678,1.4074074074074074,81
TR1077*0102*2000*01_A1,29.0,0.7821782178217822,0.9405940594059405,0.0594059405940594,0.0,0.0594059405940594,1.297029702970297,101
TR1077*0102*2000*01_A4,29.0,0.6407766990291263,0.8932038834951457,0.10679611650485436,0.0,0.10679611650485436,1.4757281553398058,103
TR1078*0102*2000*01_A1,31.0,0.6637168141592921,0.9292035398230089,0.061946902654867256,0.008849557522123894,0.07079646017699115,1.4424778761061947,113
TR1078*0102*2000*01_A4,31.0,0.6666666666666666,0.898989898989899,0.09090909090909091,0.010101010101010102,0.10101010101010101,1.4646464646464648,99
TR1079*0102*2000*01_A1,21.0,0.6704545454545454,0.8522727272727273,0.13636363636363635,0.011363636363636364,0.14772727272727273,1.5568181818181819,88
TR1079*0102*2000*01_A4,21.0,0.6428571428571429,0.8367346938775511,0.16326530612244897,0.0,0.16326530612244897,1.5510204081632653,98
TR1080*0102*2000*01_A1,32.0,0.6476190476190476,0.8476190476190476,0.11428571428571428,0.0380952380952381,0.1523809523809524,1.6,105
TR1080*0102*2000*01_A4,32.0,0.7232142857142857,0.8660714285714286,0.10714285714285714,0.026785714285714284,0.13392857142857142,1.5,112
TR1081*0102*2000*01_A1,23.0,0.7435897435897436,0.9230769230769231,0.0641025641025641,0.01282051282051282,0.07692307692307693,1.358974358974359,78
TR1081*0102*2000*01_A4,23.0,0.7346938775510204,0.9387755102040817,0.061224489795918366,0.0,0.061224489795918366,1.336734693877551,98
TR1085*0102*2000*01_A1,35.0,0.7012987012987013,0.8831168831168831,0.1038961038961039,0.012987012987012988,0.11688311688311688,1.4805194805194806,77
TR1085*0102*2000*01_A2,35.0,0.7297297297297297,0.8918918918918919,0.05405405405405406,0.05405405405405406,0.10810810810810811,1.554054054054054,74
TR1086*0102*2000*01_A1,29.0,0.6785714285714286,0.8714285714285714,0.11428571428571428,0.014285714285714285,0.12857142857142856,1.5214285714285714,140
TR1086*0102*2000*01_A4,29.0,0.5220125786163522,0.7295597484276729,0.27044025157232704,0.0,0.27044025157232704,1.7861635220125787,159
TR1087*0102*2000*01_A1,24.0,0.6698113207547169,0.8584905660377359,0.14150943396226415,0.0,0.14150943396226415,1.5,106
TR1087*0102*2000*01_A4,24.0,0.5647058823529412,0.7411764705882353,0.24705882352941178,0.011764705882352941,0.25882352941176473,1.7411764705882353,85
TR1089*0102*2000*01_A1,28.0,0.6022727272727273,0.8295454545454546,0.1590909090909091,0.011363636363636364,0.17045454545454544,1.6590909090909092,88
TR1089*0102*2000*01_A4,28.0,0.5420560747663551,0.822429906542056,0.16822429906542055,0.009345794392523364,0.17757009345794392,1.719626168224299,107
TR1091*0102*2000*01_A1,26.0,0.5822784810126582,0.7974683544303798,0.189873417721519,0.012658227848101266,0.20253164556962025,1.6962025316455696,79
TR1091*0102*2000*01_A4,26.0,0.5897435897435898,0.7777777777777778,0.21367521367521367,0.008547008547008548,0.2222222222222222,1.6752136752136753,117
TR1094*0102*2000*01_A1,28.0,0.65,0.84,0.15,0.01,0.16,1.55,100
TR1094*0102*2000*01_A2,28.0,0.7586206896551724,0.8793103448275862,0.08620689655172414,0.034482758620689655,0.1206896551724138,1.4741379310344827,116
TR1096*0102*2000*01_A1,24.0,0.5681818181818182,0.8181818181818182,0.1590909090909091,0.022727272727272728,0.18181818181818182,1.7159090909090908,88
TR1096*0102*2000*01_A4,24.0,0.5714285714285714,0.7571428571428571,0.21428571428571427,0.02857142857142857,0.24285714285714285,1.7714285714285714,70
TR1097*0102*2000*01_A1,22.0,0.6486486486486487,0.8738738738738738,0.10810810810810811,0.018018018018018018,0.12612612612612611,1.5675675675675675,111
TR1097*0102*2000*01_A4,22.0,0.5531914893617021,0.776595744680851,0.2127659574468085,0.010638297872340425,0.22340425531914893,1.7234042553191489,94
TR1099*0102*2000*01_A1,28.0,0.569620253164557,0.8481012658227848,0.1518987341772152,0.0,0.1518987341772152,1.6455696202531647,79
TR1099*0102*2000*01_A3,28.0,0.7,0.8375,0.1625,0.0,0.1625,1.5,80
TR1101*0102*2000*01_A1,39.0,0.5466666666666666,0.7866666666666666,0.2,0.013333333333333334,0.21333333333333335,1.7333333333333334,75
TR1101*0102*2000*01_A4,39.0,0.6043956043956044,0.8241758241758241,0.15384615384615385,0.02197802197802198,0.17582417582417584,1.6703296703296704,91
TR1104*0102*2000*01_A1,28.0,0.6097560975609756,0.8414634146341463,0.14634146341463414,0.012195121951219513,0.15853658536585366,1.6219512195121952,82
TR1104*0102*2000*01_A2,28.0,0.75,0.8653846153846154,0.08653846153846154,0.04807692307692308,0.1346153846153846,1.5384615384615385,104
TR1105*0102*2000*01_A1,21.0,0.6941176470588235,0.9176470588235294,0.08235294117647059,0.0,0.08235294117647059,1.4,85
TR1105*0102*2000*01_A2,21.0,0.6590909090909091,0.8295454545454546,0.14772727272727273,0.022727272727272728,0.17045454545454544,1.5795454545454546,88
TR1106*0102*2000*01_A1,33.0,0.5052631578947369,0.7473684210526316,0.25263157894736843,0.0,0.25263157894736843,1.8210526315789475,95
TR1106*0102*2000*01_A4,33.0,0.5416666666666666,0.71875,0.2708333333333333,0.010416666666666666,0.28125,1.8645833333333333,96
TR1108*0102*2000*01_A1,21.0,0.7023809523809523,0.8809523809523809,0.11904761904761904,0.0,0.11904761904761904,1.4523809523809523,84
TR1108*0102*2000*01_A4,21.0,0.7281553398058253,0.883495145631068,0.10679611650485436,0.009708737864077669,0.11650485436893204,1.4368932038834952,103
TR1110*0102*2000*01_A1,22.0,0.7045454545454546,0.9318181818181818,0.06818181818181818,0.0,0.06818181818181818,1.3636363636363635,88
TR1110*0102*2000*01_A2,22.0,0.7386363636363636,0.8863636363636364,0.09090909090909091,0.022727272727272728,0.11363636363636363,1.4431818181818181,88
TR1114*0102*2000*01_A1,34.0,0.660377358490566,0.8773584905660378,0.10377358490566038,0.018867924528301886,0.12264150943396226,1.5471698113207548,106
TR1114*0102*2000*01_A4,34.0,0.5609756097560976,0.7560975609756098,0.23170731707317074,0.012195121951219513,0.24390243902439024,1.8658536585365855,82
TR1115*0102*2000*01_A1,34.0,0.6767676767676768,0.8585858585858586,0.1111111111111111,0.030303030303030304,0.1414141414141414,1.5454545454545454,99
TR1115*0102*2000*01_A2,34.0,0.59375,0.8125,0.11458333333333333,0.07291666666666667,0.1875,1.8541666666666667,96
TR1116*0102*2000*01_A1,34.0,0.7368421052631579,0.9052631578947369,0.08421052631578947,0.010526315789473684,0.09473684210526316,1.4,95
TR1116*0102*2000*01_A2,34.0,0.6637931034482759,0.8706896551724138,0.07758620689655173,0.05172413793103448,0.12931034482758622,1.6379310344827587,116
TR1118*0102*2000*01_A1,25.0,0.7368421052631579,0.8947368421052632,0.10526315789473684,0.0,0.10526315789473684,1.394736842105263,76
TR1118*0102*2000*01_A2,25.0,0.810126582278481,0.8987341772151899,0.05063291139240506,0.05063291139240506,0.10126582278481013,1.4430379746835442,79
TR1119*0102*2000*01_A1,28.0,0.6621621621621622,0.8918918918918919,0.10810810810810811,0.0,0.10810810810810811,1.4594594594594594,148
TR1119*0102*2000*01_A4,28.0,0.6330275229357798,0.8165137614678899,0.1651376146788991,0.01834862385321101,0.1834862385321101,1.6238532110091743,109
TR1120*0102*2000*01_A1,37.0,0.6528925619834711,0.8677685950413223,0.1322314049586777,0.0,0.1322314049586777,1.5041322314049588,121
TR1120*0102*2000*01_A5b,37.0,0.6260869565217392,0.8173913043478261,0.1826086956521739,0.0,0.1826086956521739,1.608695652173913,115
TR1121*0102*2000*01_A1,23.0,0.693069306930693,0.8811881188118812,0.09900990099009901,0.019801980198019802,0.1188118811881188,1.495049504950495,101
TR1121*0102*2000*01_A3,23.0,0.6868686868686869,0.8282828282828283,0.16161616161616163,0.010101010101010102,0.1717171717171717,1.5555555555555556,99
TR1125*0102*2000*01_A1,36.0,0.6354166666666666,0.8333333333333334,0.16666666666666666,0.0,0.16666666666666666,1.6145833333333333,96
TR1125*0102*2000*01_A2,36.0,0.6421052631578947,0.8842105263157894,0.09473684210526316,0.021052631578947368,0.11578947368421053,1.5789473684210527,95
TR1127*0102*2000*01_A1,31.0,0.5975609756097561,0.7926829268292683,0.17073170731707318,0.036585365853658534,0.2073170731707317,1.7317073170731707,82
TR1127*0102*2000*01_A3,31.0,0.5975609756097561,0.7682926829268293,0.21951219512195122,0.012195121951219513,0.23170731707317074,1.7317073170731707,82
TR1128*0102*2000*01_A1,27.0,0.66,0.83,0.15,0.02,0.17,1.59,100
TR1128*0102*2000*01_A4,27.0,0.7471264367816092,0.8160919540229885,0.16091954022988506,0.022988505747126436,0.1839080459770115,1.4827586206896552,87
TR1129*0102*2000*01_A1,32.0,0.6707317073170732,0.8536585365853658,0.14634146341463414,0.0,0.14634146341463414,1.5,82
TR1129*0102*2000*01_A3,32.0,0.6265060240963856,0.8433734939759037,0.1566265060240964,0.0,0.1566265060240964,1.5662650602409638,83
TR1131*0102*2000*01_A1,39.0,0.6233766233766234,0.8181818181818182,0.15584415584415584,0.025974025974025976,0.18181818181818182,1.6883116883116882,77
TR1131*0102*2000*01_A4,39.0,0.6804123711340206,0.8556701030927835,0.14432989690721648,0.0,0.14432989690721648,1.5360824742268042,97
TR1132*0102*2000*01_A1,32.0,0.66,0.91,0.07,0.02,0.09,1.49,100
TR1132*0102*2000*01_A2,32.0,0.6804123711340206,0.8762886597938144,0.09278350515463918,0.030927835051546393,0.12371134020618557,1.556701030927835,97
TR1135*0102*2000*01_A1,27.0,0.6704545454545454,0.8409090909090909,0.13636363636363635,0.022727272727272728,0.1590909090909091,1.6022727272727273,88
TR1135*0102*2000*01_A4,27.0,0.6455696202531646,0.7848101265822784,0.21518987341772153,0.0,0.21518987341772153,1.6075949367088607,79
TR1137*0102*2000*01_A1,30.0,0.6928571428571428,0.8785714285714286,0.11428571428571428,0.007142857142857143,0.12142857142857143,1.4642857142857142,140
TR1137*0102*2000*01_A3,30.0,0.5955056179775281,0.8651685393258427,0.1348314606741573,0.0,0.1348314606741573,1.5617977528089888,89
TR1139*0102*2000*01_A1,24.0,0.8795180722891566,0.9518072289156626,0.03614457831325301,0.012048192771084338,0.04819277108433735,1.1927710843373494,83
TR1139*0102*2000*01_A4,24.0,0.7663551401869159,0.8691588785046729,0.1308411214953271,0.0,0.1308411214953271,1.3831775700934579,107
TR1140*0102*2000*01_A1,34.0,0.6136363636363636,0.8295454545454546,0.17045454545454544,0.0,0.17045454545454544,1.6136363636363635,88
TR1140*0102*2000*01_A2,34.0,0.5681818181818182,0.7651515151515151,0.1893939393939394,0.045454545454545456,0.23484848484848486,1.8409090909090908,132
TR139*0102*2000*01_A1,26.0,0.6847826086956522,0.9347826086956522,0.06521739130434782,0.0,0.06521739130434782,1.4021739130434783,92
TR139*0102*2000*01_A4,26.0,0.4523809523809524,0.6904761904761905,0.30952380952380953,0.0,0.30952380952380953,1.9880952380952381,84
TR149*0102*2000*01_A1,30.0,0.5967741935483871,0.8629032258064516,0.12903225806451613,0.008064516129032258,0.13709677419354838,1.5806451612903225,124
TR149*0102*2000*01_A4,30.0,0.49056603773584906,0.6792452830188679,0.3018867924528302,0.018867924528301886,0.32075471698113206,1.9811320754716981,106
TR151*0102*2000*01_A1,26.0,0.625,0.8409090909090909,0.1590909090909091,0.0,0.1590909090909091,1.5909090909090908,88
TR151*0102*2000*01_A2,26.0,0.7419354838709677,0.8924731182795699,0.03225806451612903,0.07526881720430108,0.10752688172043011,1.6021505376344085,93
TR154*0102*2000*01_A1,22.0,0.6,0.8666666666666667,0.13333333333333333,0.0,0.13333333333333333,1.5866666666666667,75
TR154*0102*2000*01_A2,22.0,0.7,0.9,0.02857142857142857,0.07142857142857142,0.1,1.6285714285714286,70
TR156*0102*2000*01_A1,26.0,0.75,0.9333333333333333,0.06666666666666667,0.0,0.06666666666666667,1.3166666666666667,60
TR156*0102*2000*01_A2,26.0,0.7142857142857143,0.8666666666666667,0.08571428571428572,0.047619047619047616,0.13333333333333333,1.5809523809523809,105
TR159*0102*2000*01_A1,26.0,0.6949152542372882,0.9322033898305084,0.06779661016949153,0.0,0.06779661016949153,1.3898305084745763,118
TR159*0102*2000*01_A4,26.0,0.6835443037974683,0.8354430379746836,0.1518987341772152,0.012658227848101266,0.16455696202531644,1.5569620253164558,79
TR162*0102*2000*01_A1,26.0,0.6907216494845361,0.8865979381443299,0.1134020618556701,0.0,0.1134020618556701,1.4639175257731958,97
TR162*0102*2000*01_A4,26.0,0.5647058823529412,0.788235294117647,0.21176470588235294,0.0,0.21176470588235294,1.7411764705882353,85
TR164*0102*2000*01_A1,31.0,0.4,0.7714285714285715,0.18571428571428572,0.04285714285714286,0.22857142857142856,2.0285714285714285,70
TR164*0102*2000*01_A2,31.0,0.6063829787234043,0.851063829787234,0.09574468085106383,0.05319148936170213,0.14893617021276595,1.7234042553191489,94
TR165*0102*2000*01_A1,23.0,0.6547619047619048,0.9166666666666666,0.05952380952380952,0.023809523809523808,0.08333333333333333,1.5,84
TR165*0102*2000*01_A4,23.0,0.6699029126213593,0.8349514563106796,0.1553398058252427,0.009708737864077669,0.1650485436893204,1.5533980582524272,103
TR166*0102*2000*01_A1,19.0,0.6875,0.8875,0.1125,0.0,0.1125,1.45,80
TR166*0102*2000*01_A2,19.0,0.5875,0.775,0.15,0.075,0.225,1.875,80
TR167*0102*2000*01_A1,25.0,0.6875,0.90625,0.09375,0.0,0.09375,1.4375,64
TR167*0102*2000*01_A4,25.0,0.7333333333333333,0.8666666666666667,0.13333333333333333,0.0,0.13333333333333333,1.4,60
TR168*0102*2000*01_A1,27.0,0.7872340425531915,0.9361702127659575,0.06382978723404255,0.0,0.06382978723404255,1.297872340425532,94
TR168*0102*2000*01_A3,27.0,0.7377049180327869,0.8524590163934426,0.14754098360655737,0.0,0.14754098360655737,1.4262295081967213,61
TR170*0102*2000*01_A1,30.0,0.5531914893617021,0.8085106382978723,0.19148936170212766,0.0,0.19148936170212766,1.6914893617021276,94
TR170*0102*2000*01_A4,30.0,0.6307692307692307,0.8538461538461538,0.13846153846153847,0.007692307692307693,0.14615384615384616,1.5615384615384615,130
TR171*0102*2000*01_A1,29.0,0.7019230769230769,0.8942307692307693,0.10576923076923077,0.0,0.10576923076923077,1.4326923076923077,104
TR171*0102*2000*01_A2,29.0,0.6476190476190476,0.8285714285714286,0.08571428571428572,0.08571428571428572,0.17142857142857143,1.7809523809523808,105
TR175*0102*2000*01_A1,25.0,0.6865671641791045,0.9253731343283582,0.07462686567164178,0.0,0.07462686567164178,1.4029850746268657,67
TR175*0102*2000*01_A2,25.0,0.782608695652174,0.9347826086956522,0.021739130434782608,0.043478260869565216,0.06521739130434782,1.4130434782608696,92
TR179*0102*2000*01_A1,26.0,0.6511627906976745,0.9069767441860465,0.08139534883720931,0.011627906976744186,0.09302325581395349,1.4651162790697674,86
TR179*0102*2000*01_A2,26.0,0.6951219512195121,0.8902439024390244,0.08536585365853659,0.024390243902439025,0.10975609756097561,1.524390243902439,82
TR180*0102*2000*01_A1,30.0,0.78,0.95,0.05,0.0,0.05,1.29,100
TR180*0102*2000*01_A2,30.0,0.6538461538461539,0.8717948717948718,0.05128205128205128,0.07692307692307693,0.1282051282051282,1.7179487179487178,78
TR780*0102*2000*01_A1,25.0,0.6739130434782609,0.8586956521739131,0.14130434782608695,0.0,0.14130434782608695,1.5108695652173914,92
TR780*0102*2000*01_A4,25.0,0.6310679611650486,0.8252427184466019,0.17475728155339806,0.0,0.17475728155339806,1.5922330097087378,103
TR190*0102*2000*01_A1,17.0,0.7954545454545454,0.9545454545454546,0.045454545454545456,0.0,0.045454545454545456,1.2727272727272727,88
TR190*0102*2000*01_A3,17.0,0.8181818181818182,0.8939393939393939,0.10606060606060606,0.0,0.10606060606060606,1.3181818181818181,66
TR198*0102*2000*01_A1,29.0,0.704,0.928,0.072,0.0,0.072,1.376,125
TR198*0102*2000*01_A2,29.0,0.5263157894736842,0.7105263157894737,0.18421052631578946,0.10526315789473684,0.2894736842105263,2.1184210526315788,76
TR210*0102*2000*01_A1,30.0,0.6097560975609756,0.8780487804878049,0.08536585365853659,0.036585365853658534,0.12195121951219512,1.6219512195121952,82
TR210*0102*2000*01_A4,30.0,0.625,0.8173076923076923,0.18269230769230768,0.0,0.18269230769230768,1.6346153846153846,104
TR212*0102*2000*01_A1,31.0,0.650887573964497,0.8520710059171598,0.1242603550295858,0.023668639053254437,0.14792899408284024,1.5917159763313609,169
TR212*0102*2000*01_A2,31.0,0.5865384615384616,0.7740384615384616,0.18269230769230768,0.04326923076923077,0.22596153846153846,1.8076923076923077,208
TR218*0102*2000*01_A1,23.0,0.6421052631578947,0.8631578947368421,0.12631578947368421,0.010526315789473684,0.1368421052631579,1.5473684210526315,95
TR218*0102*2000*01_A4,23.0,0.6607142857142857,0.8303571428571429,0.16071428571428573,0.008928571428571428,0.16964285714285715,1.5714285714285714,112
TR225*0102*2000*01_A1,27.0,0.5454545454545454,0.7922077922077922,0.19480519480519481,0.012987012987012988,0.2077922077922078,1.7402597402597402,77
TR225*0102*2000*01_A4,27.0,0.5454545454545454,0.7070707070707071,0.2727272727272727,0.020202020202020204,0.29292929292929293,1.878787878787879,99
TR234*0102*2000*01_A1,31.0,0.6455696202531646,0.810126582278481,0.17721518987341772,0.012658227848101266,0.189873417721519,1.620253164556962,79
TR234*0102*2000*01_A2,31.0,0.717948717948718,0.8717948717948718,0.08974358974358974,0.038461538461538464,0.1282051282051282,1.5384615384615385,78
TR22*0102*2000*01_A1,28.0,0.7341772151898734,0.8860759493670886,0.10126582278481013,0.012658227848101266,0.11392405063291139,1.4430379746835442,79
TR22*0102*2000*01_A2,28.0,0.7422680412371134,0.9072164948453608,0.08247422680412371,0.010309278350515464,0.09278350515463918,1.402061855670103,97
TR24*0102*2000*01_A1,23.0,0.6764705882352942,0.8823529411764706,0.11764705882352941,0.0,0.11764705882352941,1.5,68
TR24*0102*2000*01_A2,23.0,0.6268656716417911,0.8507462686567164,0.1044776119402985,0.04477611940298507,0.14925373134328357,1.6865671641791045,67
TR30*0102*2000*01_A1,32.0,0.5813953488372093,0.7325581395348837,0.2558139534883721,0.011627906976744186,0.26744186046511625,1.7906976744186047,86
TR30*0102*2000*01_A3,32.0,0.5365853658536586,0.7317073170731707,0.22764227642276422,0.04065040650406504,0.2682926829268293,1.8699186991869918,123
TR31*0102*2000*01_A1,34.0,0.5053763440860215,0.6989247311827957,0.24731182795698925,0.053763440860215055,0.3010752688172043,2.0,93
TR31*0102*2000*01_A4,34.0,0.6492537313432836,0.7761194029850746,0.21641791044776118,0.007462686567164179,0.22388059701492538,1.664179104477612,134
TR35*0102*2000*01_A1,37.0,0.64,0.88,0.09,0.03,0.12,1.57,100
TR35*0102*2000*01_A4,37.0,0.6857142857142857,0.8095238095238095,0.17142857142857143,0.01904761904761905,0.19047619047619047,1.5714285714285714,105
TR39*0102*2000*01_A1,32.0,0.7094017094017094,0.905982905982906,0.09401709401709402,0.0,0.09401709401709402,1.393162393162393,117
TR39*0102*2000*01_A2,32.0,0.5918367346938775,0.8775510204081632,0.07142857142857142,0.05102040816326531,0.12244897959183673,1.683673469387755,98
TR241*0102*2000*01_A1,26.0,0.6145833333333334,0.8541666666666666,0.13541666666666666,0.010416666666666666,0.14583333333333334,1.6354166666666667,96
TR241*0102*2000*01_A2,26.0,0.7129629629629629,0.8888888888888888,0.07407407407407407,0.037037037037037035,0.1111111111111111,1.537037037037037,108
TR244*0102*2000*01_A1,22.0,0.6764705882352942,0.9411764705882353,0.058823529411764705,0.0,0.058823529411764705,1.411764705882353,68
TR244*0102*2000*01_A4,22.0,0.6532258064516129,0.8629032258064516,0.12096774193548387,0.016129032258064516,0.13709677419354838,1.532258064516129,124
TR245*0102*2000*01_A1,20.0,0.6910569105691057,0.8617886178861789,0.13821138211382114,0.0,0.13821138211382114,1.4878048780487805,123
TR245*0102*2000*01_A3,20.0,0.64,0.7933333333333333,0.20666666666666667,0.0,0.20666666666666667,1.6333333333333333,150
TR246*0102*2000*01_A1,36.0,0.7307692307692307,0.8846153846153846,0.10576923076923077,0.009615384615384616,0.11538461538461539,1.4711538461538463,104
TR246*0102*2000*01_A4,36.0,0.7327586206896551,0.8620689655172413,0.13793103448275862,0.0,0.13793103448275862,1.456896551724138,116
TR248*0102*2000*01_A1,26.0,0.7157894736842105,0.9052631578947369,0.08421052631578947,0.010526315789473684,0.09473684210526316,1.431578947368421,95
TR248*0102*2000*01_A4,26.0,0.5714285714285714,0.7755102040816326,0.20408163265306123,0.02040816326530612,0.22448979591836735,1.7448979591836735,98
TR250*0102*2000*01_A1,33.0,0.7156862745098039,0.8725490196078431,0.11764705882352941,0.00980392156862745,0.12745098039215685,1.4607843137254901,102
TR250*0102*2000*01_A2,33.0,0.69,0.9,0.06,0.04,0.1,1.55,100
TR253*0102*2000*01_A1,38.0,0.6463414634146342,0.8658536585365854,0.13414634146341464,0.0,0.13414634146341464,1.5121951219512195,82
TR253*0102*2000*01_A4,38.0,0.654320987654321,0.8888888888888888,0.1111111111111111,0.0,0.1111111111111111,1.5061728395061729,81
TR254*0102*2000*01_A1,22.0,0.7875,0.975,0.025,0.0,0.025,1.25,80
TR254*0102*2000*01_A4,22.0,0.7368421052631579,0.881578947368421,0.11842105263157894,0.0,0.11842105263157894,1.4078947368421053,76
TR255*0102*2000*01_A1,29.0,0.7747747747747747,0.9099099099099099,0.08108108108108109,0.009009009009009009,0.09009009009009009,1.3423423423423424,111
TR255*0102*2000*01_A4,29.0,0.7096774193548387,0.8387096774193549,0.15053763440860216,0.010752688172043012,0.16129032258064516,1.5053763440860215,93
TR257*0102*2000*01_A1,31.0,0.6470588235294118,0.8352941176470589,0.15294117647058825,0.011764705882352941,0.16470588235294117,1.588235294117647,85
TR257*0102*2000*01_A4,31.0,0.6,0.8117647058823529,0.16470588235294117,0.023529411764705882,0.18823529411764706,1.6588235294117648,85
TR259*0102*2000*01_A1,36.0,0.5584415584415584,0.7662337662337663,0.22077922077922077,0.012987012987012988,0.23376623376623376,1.7402597402597402,77
TR259*0102*2000*01_A4,36.0,0.5700934579439252,0.719626168224299,0.2616822429906542,0.018691588785046728,0.2803738317757009,1.8317757009345794,107
TR263*0102*2000*01_A1,26.0,0.4857142857142857,0.7,0.22857142857142856,0.07142857142857142,0.3,2.0714285714285716,70
TR263*0102*2000*01_A2,26.0,0.5081967213114754,0.7377049180327869,0.19672131147540983,0.06557377049180328,0.26229508196721313,2.0,61
TR265*0102*2000*01_A1,33.0,0.6161616161616161,0.8686868686868687,0.13131313131313133,0.0,0.13131313131313133,1.5555555555555556,99
TR265*0102*2000*01_A2,33.0,0.5818181818181818,0.8,0.14545454545454545,0.05454545454545454,0.2,1.8,110
TR266*0102*2000*01_A1,31.0,0.6260869565217392,0.8869565217391304,0.11304347826086956,0.0,0.11304347826086956,1.5043478260869565,115
TR266*0102*2000*01_A4,31.0,0.6260869565217392,0.7739130434782608,0.2,0.02608695652173913,0.22608695652173913,1.7217391304347827,115
TR267*0102*2000*01_A1,23.0,0.5777777777777777,0.8111111111111111,0.16666666666666666,0.022222222222222223,0.18888888888888888,1.7222222222222223,90
TR267*0102*2000*01_A4,23.0,0.4772727272727273,0.6363636363636364,0.3522727272727273,0.011363636363636364,0.36363636363636365,2.0,88
TR268*0102*2000*01_A1,22.0,0.6590909090909091,0.875,0.125,0.0,0.125,1.5,88
TR268*0102*2000*01_A2,22.0,0.6836734693877551,0.9081632653061225,0.061224489795918366,0.030612244897959183,0.09183673469387756,1.5,98
TR271*0102*2000*01_A1,32.0,0.6701030927835051,0.865979381443299,0.12371134020618557,0.010309278350515464,0.13402061855670103,1.5463917525773196,97
TR271*0102*2000*01_A4,32.0,0.6276595744680851,0.8404255319148937,0.14893617021276595,0.010638297872340425,0.1595744680851064,1.6170212765957446,94
TR273*0102*2000*01_A1,23.0,0.6810344827586207,0.8620689655172413,0.12931034482758622,0.008620689655172414,0.13793103448275862,1.5086206896551724,116
TR273*0102*2000*01_A2,23.0,0.6776315789473685,0.8421052631578947,0.125,0.03289473684210526,0.15789473684210525,1.605263157894737,152
TR275*0102*2000*01_A1,30.0,0.7142857142857143,0.9017857142857143,0.08928571428571429,0.008928571428571428,0.09821428571428571,1.4196428571428572,112
TR275*0102*2000*01_A3,30.0,0.7368421052631579,0.8842105263157894,0.11578947368421053,0.0,0.11578947368421053,1.3894736842105264,95
TR277*0102*2000*01_A1,29.0,0.6145833333333334,0.8333333333333334,0.16666666666666666,0.0,0.16666666666666666,1.6041666666666667,96
TR277*0102*2000*01_A3,29.0,0.5196078431372549,0.7156862745098039,0.28431372549019607,0.0,0.28431372549019607,1.8627450980392157,102
TR278*0102*2000*01_A1,23.0,0.5905511811023622,0.8503937007874016,0.13385826771653545,0.015748031496062992,0.14960629921259844,1.669291338582677,127
TR278*0102*2000*01_A4,23.0,0.6486486486486487,0.8288288288288288,0.17117117117117117,0.0,0.17117117117117117,1.5765765765765767,111
TR288*0102*2000*01_A1,29.0,0.6282051282051282,0.8461538461538461,0.15384615384615385,0.0,0.15384615384615385,1.5769230769230769,78
TR288*0102*2000*01_A4,29.0,0.6219512195121951,0.8048780487804879,0.1951219512195122,0.0,0.1951219512195122,1.6219512195121952,82
TR786*0102*2000*01_A1,33.0,0.5567010309278351,0.7731958762886598,0.2268041237113402,0.0,0.2268041237113402,1.7525773195876289,97
TR786*0102*2000*01_A2,33.0,0.5494505494505495,0.7692307692307693,0.15384615384615385,0.07692307692307693,0.23076923076923078,1.934065934065934,91
TR297*0102*2000*01_A1,26.0,0.7101449275362319,0.9420289855072463,0.043478260869565216,0.014492753623188406,0.057971014492753624,1.4057971014492754,69
TR297*0102*2000*01_A2,26.0,0.6455696202531646,0.8607594936708861,0.12658227848101267,0.012658227848101266,0.13924050632911392,1.5569620253164558,79
TR299*0102*2000*01_A1,22.0,0.775,0.9375,0.0625,0.0,0.0625,1.325,80
TR299*0102*2000*01_A4,22.0,0.684931506849315,0.8493150684931506,0.1506849315068493,0.0,0.1506849315068493,1.4657534246575343,73
TR301*0102*2000*01_A1,37.0,0.6847826086956522,0.8804347826086957,0.10869565217391304,0.010869565217391304,0.11956521739130435,1.4782608695652173,92
TR301*0102*2000*01_A2,37.0,0.5679012345679012,0.7777777777777778,0.1728395061728395,0.04938271604938271,0.2222222222222222,1.8641975308641976,81
TR304*0102*2000*01_A1,24.0,0.6744186046511628,0.9418604651162791,0.05813953488372093,0.0,0.05813953488372093,1.4069767441860466,86
TR304*0102*2000*01_A2,24.0,0.7790697674418605,0.9069767441860465,0.08139534883720931,0.011627906976744186,0.09302325581395349,1.372093023255814,86
TR305*0102*2000*01_A1,33.0,0.7204301075268817,0.9247311827956989,0.06451612903225806,0.010752688172043012,0.07526881720430108,1.3870967741935485,93
TR305*0102*2000*01_A4,33.0,0.7647058823529411,0.9215686274509803,0.06862745098039216,0.00980392156862745,0.0784313725490196,1.3529411764705883,102
TR306*0102*2000*01_A1,33.0,0.6376811594202898,0.8695652173913043,0.13043478260869565,0.0,0.13043478260869565,1.536231884057971,69
TR306*0102*2000*01_A2,33.0,0.547945205479452,0.7945205479452054,0.1506849315068493,0.0547945205479452,0.2054794520547945,1.821917808219178,73
TR308*0102*2000*01_A1,27.0,0.5652173913043478,0.8260869565217391,0.15942028985507245,0.014492753623188406,0.17391304347826086,1.681159420289855,69
TR308*0102*2000*01_A2,27.0,0.648936170212766,0.8297872340425532,0.10638297872340426,0.06382978723404255,0.1702127659574468,1.7234042553191489,94
TR311*0102*2000*01_A1,23.0,0.6944444444444444,0.9027777777777778,0.06944444444444445,0.027777777777777776,0.09722222222222222,1.4861111111111112,72
TR311*0102*2000*01_A2,23.0,0.7078651685393258,0.9101123595505618,0.06741573033707865,0.02247191011235955,0.0898876404494382,1.449438202247191,89
TR787*0102*2000*01_A1,21.0,0.6585365853658537,0.8902439024390244,0.08536585365853659,0.024390243902439025,0.10975609756097561,1.524390243902439,82
TR787*0102*2000*01_A3,21.0,0.7078651685393258,0.8539325842696629,0.14606741573033707,0.0,0.14606741573033707,1.449438202247191,89
TR317*0102*2000*01_A1,24.0,0.7209302325581395,0.9069767441860465,0.09302325581395349,0.0,0.09302325581395349,1.3953488372093024,86
TR317*0102*2000*01_A4,24.0,0.6630434782608695,0.8478260869565217,0.15217391304347827,0.0,0.15217391304347827,1.5,92
TR320*0102*2000*01_A1,36.0,0.5288461538461539,0.7211538461538461,0.2692307692307692,0.009615384615384616,0.27884615384615385,1.8557692307692308,104
TR320*0102*2000*01_A5a,36.0,0.5,0.7083333333333334,0.25,0.041666666666666664,0.2916666666666667,1.975,120
TR324*0102*2000*01_A1,32.0,0.648936170212766,0.8829787234042553,0.10638297872340426,0.010638297872340425,0.11702127659574468,1.5212765957446808,94
TR324*0102*2000*01_A2,32.0,0.6756756756756757,0.8378378378378378,0.07207207207207207,0.09009009009009009,0.16216216216216217,1.7567567567567568,111
TR326*0102*2000*01_A1,32.0,0.5445544554455446,0.7425742574257426,0.24752475247524752,0.009900990099009901,0.25742574257425743,1.8316831683168318,101
TR326*0102*2000*01_A2,32.0,0.53125,0.71875,0.23958333333333334,0.041666666666666664,0.28125,1.90625,96
TR330*0102*2000*01_A1,23.0,0.7264150943396226,0.9056603773584906,0.09433962264150944,0.0,0.09433962264150944,1.3962264150943395,106
TR330*0102*2000*01_A2,23.0,0.7235772357723578,0.8373983739837398,0.0975609756097561,0.06504065040650407,0.16260162601626016,1.6422764227642277,123
TR332*0102*2000*01_A1,24.0,0.7534246575342466,0.863013698630137,0.136986301369863,0.0,0.136986301369863,1.3972602739726028,73
TR332*0102*2000*01_A2,24.0,0.6933333333333334,0.8133333333333334,0.08,0.10666666666666667,0.18666666666666668,1.8,75
TR333*0102*2000*01_A1,39.0,0.7,0.8444444444444444,0.15555555555555556,0.0,0.15555555555555556,1.5,90
TR333*0102*2000*01_A2,39.0,0.632,0.864,0.12,0.016,0.136,1.568,125
TR788*0102*2000*01_A1,26.0,0.6627906976744186,0.9069767441860465,0.08139534883720931,0.011627906976744186,0.09302325581395349,1.4883720930232558,86
TR788*0102*2000*01_A3,26.0,0.6307692307692307,0.8615384615384616,0.12307692307692308,0.015384615384615385,0.13846153846153847,1.6,65
TR337*0102*2000*01_A1,19.0,0.59375,0.875,0.109375,0.015625,0.125,1.59375,64
TR339*0102*2000*01_A1,17.0,0.7058823529411765,0.8823529411764706,0.10294117647058823,0.014705882352941176,0.11764705882352941,1.5294117647058822,68
TR339*0102*2000*01_A2,17.0,0.6956521739130435,0.8985507246376812,0.07246376811594203,0.028985507246376812,0.10144927536231885,1.5072463768115942,69
TR340*0102*2000*01_A1,35.0,0.6136363636363636,0.8409090909090909,0.14772727272727273,0.011363636363636364,0.1590909090909091,1.6363636363636365,88
TR340*0102*2000*01_A3,35.0,0.547945205479452,0.7808219178082192,0.1917808219178082,0.0273972602739726,0.2191780821917808,1.7808219178082192,73
TR341*0102*2000*01_A1,24.0,0.723404255319149,0.9148936170212766,0.0851063829787234,0.0,0.0851063829787234,1.4042553191489362,94
TR341*0102*2000*01_A2,24.0,0.696078431372549,0.8627450980392157,0.0392156862745098,0.09803921568627451,0.13725490196078433,1.7352941176470589,102
TR348*0102*2000*01_A1,28.0,0.6162790697674418,0.8604651162790697,0.13953488372093023,0.0,0.13953488372093023,1.558139534883721,86
TR348*0102*2000*01_A4,28.0,0.7339449541284404,0.8899082568807339,0.11009174311926606,0.0,0.11009174311926606,1.3944954128440368,109
TR351*0102*2000*01_A1,35.0,0.6730769230769231,0.8846153846153846,0.11538461538461539,0.0,0.11538461538461539,1.4519230769230769,104
TR351*0102*2000*01_A5a,35.0,0.660377358490566,0.839622641509434,0.1509433962264151,0.009433962264150943,0.16037735849056603,1.5566037735849056,106
TR352*0102*2000*01_A1,24.0,0.5443037974683544,0.7974683544303798,0.16455696202531644,0.0379746835443038,0.20253164556962025,1.7468354430379747,79
TR352*0102*2000*01_A4,24.0,0.5825242718446602,0.7281553398058253,0.2524271844660194,0.019417475728155338,0.27184466019417475,1.766990291262136,103
TR353*0102*2000*01_A1,23.0,0.7391304347826086,0.9043478260869565,0.09565217391304348,0.0,0.09565217391304348,1.391304347826087,115
TR353*0102*2000*01_A2,23.0,0.5795454545454546,0.8295454545454546,0.10227272727272728,0.06818181818181818,0.17045454545454544,1.8181818181818181,88
TR789*0102*2000*01_A1,16.0,0.7213114754098361,0.8524590163934426,0.14754098360655737,0.0,0.14754098360655737,1.4754098360655739,61
TR789*0102*2000*01_A3,16.0,0.5625,0.625,0.375,0.0,0.375,1.9375,32
TR354*0102*2000*01_A1,30.0,0.5742574257425742,0.7821782178217822,0.19801980198019803,0.019801980198019802,0.21782178217821782,1.7524752475247525,101
TR354*0102*2000*01_A3,30.0,0.5675675675675675,0.7162162162162162,0.2702702702702703,0.013513513513513514,0.28378378378378377,1.8243243243243243,74
TR355*0102*2000*01_A1,30.0,0.64,0.82,0.18,0.0,0.18,1.56,100
TR355*0102*2000*01_A4,30.0,0.7304347826086957,0.8434782608695652,0.1565217391304348,0.0,0.1565217391304348,1.4521739130434783,115
TR357*0102*2000*01_A1,32.0,0.6582278481012658,0.8734177215189873,0.11392405063291139,0.012658227848101266,0.12658227848101267,1.518987341772152,79
TR357*0102*2000*01_A4,32.0,0.6952380952380952,0.8571428571428571,0.14285714285714285,0.0,0.14285714285714285,1.4666666666666666,105
TR359*0102*2000*01_A1,34.0,0.6883116883116883,0.8961038961038961,0.09090909090909091,0.012987012987012988,0.1038961038961039,1.4545454545454546,77
TR359*0102*2000*01_A3,34.0,0.632183908045977,0.7586206896551724,0.21839080459770116,0.022988505747126436,0.2413793103448276,1.7126436781609196,87
TR364*0102*2000*01_A1,26.0,0.7024793388429752,0.9008264462809917,0.09917355371900827,0.0,0.09917355371900827,1.4132231404958677,121
TR364*0102*2000*01_A4,26.0,0.751937984496124,0.9224806201550387,0.06976744186046512,0.007751937984496124,0.07751937984496124,1.3488372093023255,129
TR365*0102*2000*01_A1,25.0,0.7222222222222222,0.9074074074074074,0.08333333333333333,0.009259259259259259,0.09259259259259259,1.4259259259259258,108
TR365*0102*2000*01_A2,25.0,0.631578947368421,0.8355263157894737,0.125,0.039473684210526314,0.16447368421052633,1.6907894736842106,152
TR367*0102*2000*01_A1,28.0,0.591304347826087,0.8782608695652174,0.11304347826086956,0.008695652173913044,0.12173913043478261,1.5826086956521739,115
TR367*0102*2000*01_A4,28.0,0.6074766355140186,0.7850467289719626,0.205607476635514,0.009345794392523364,0.21495327102803738,1.7102803738317758,107
TR370*0102*2000*01_A1,25.0,0.7529411764705882,0.9294117647058824,0.058823529411764705,0.011764705882352941,0.07058823529411765,1.3529411764705883,85
TR370*0102*2000*01_A4,25.0,0.7282608695652174,0.9347826086956522,0.06521739130434782,0.0,0.06521739130434782,1.358695652173913,92
TR373*0102*2000*01_A1,32.0,0.6052631578947368,0.8070175438596491,0.15789473684210525,0.03508771929824561,0.19298245614035087,1.719298245614035,114
TR373*0102*2000*01_A2,32.0,0.71875,0.8828125,0.0625,0.0546875,0.1171875,1.5625,128
TR375*0102*2000*01_A1,31.0,0.6493506493506493,0.8701298701298701,0.1038961038961039,0.025974025974025976,0.12987012987012986,1.5584415584415585,77
TR375*0102*2000*01_A4,31.0,0.7575757575757576,0.8939393939393939,0.10606060606060606,0.0,0.10606060606060606,1.378787878787879,132
TR378*0102*2000*01_A1,25.0,0.7128712871287128,0.9306930693069307,0.0594059405940594,0.009900990099009901,0.06930693069306931,1.4158415841584158,101
TR378*0102*2000*01_A4,25.0,0.6565656565656566,0.8383838383838383,0.1414141414141414,0.020202020202020204,0.16161616161616163,1.5757575757575757,99
TR380*0102*2000*01_A1,22.0,0.5533980582524272,0.7669902912621359,0.21359223300970873,0.019417475728155338,0.23300970873786409,1.7766990291262137,103
TR380*0102*2000*01_A4,22.0,0.45977011494252873,0.6666666666666666,0.3218390804597701,0.011494252873563218,0.3333333333333333,1.9770114942528736,87
TR386*0102*2000*01_A1,23.0,0.6593406593406593,0.8461538461538461,0.15384615384615385,0.0,0.15384615384615385,1.5164835164835164,91
TR386*0102*2000*01_A4,23.0,0.6666666666666666,0.8505747126436781,0.14942528735632185,0.0,0.14942528735632185,1.5057471264367817,87
TR387*0102*2000*01_A1,26.0,0.6896551724137931,0.8793103448275862,0.1206896551724138,0.0,0.1206896551724138,1.4827586206896552,58
TR387*0102*2000*01_A2,26.0,0.6986301369863014,0.8767123287671232,0.0547945205479452,0.0684931506849315,0.1232876712328767,1.643835616438356,73
TR389*0102*2000*01_A1,23.0,0.573170731707317,0.8292682926829268,0.15853658536585366,0.012195121951219513,0.17073170731707318,1.6829268292682926,82
TR389*0102*2000*01_A3,23.0,0.64,0.82,0.17,0.01,0.18,1.61,100
TR393*0102*2000*01_A1,29.0,0.5476190476190477,0.7619047619047619,0.2261904761904762,0.011904761904761904,0.23809523809523808,1.7738095238095237,84
TR393*0102*2000*01_A3,29.0,0.7111111111111111,0.8555555555555555,0.1,0.044444444444444446,0.14444444444444443,1.5555555555555556,90
TR395*0102*2000*01_A1,26.0,0.7285714285714285,0.85,0.15,0.0,0.15,1.4714285714285715,140
TR395*0102*2000*01_A4,26.0,0.6742857142857143,0.8514285714285714,0.14285714285714285,0.005714285714285714,0.14857142857142858,1.5142857142857142,175
TR398*0102*2000*01_A1,40.0,0.6893203883495146,0.8446601941747572,0.1553398058252427,0.0,0.1553398058252427,1.5242718446601942,103
TR398*0102*2000*01_A2,40.0,0.5402298850574713,0.7701149425287356,0.1839080459770115,0.04597701149425287,0.22988505747126436,1.8505747126436782,87
TR400*0102*2000*01_A1,21.0,0.75,0.9642857142857143,0.03571428571428571,0.0,0.03571428571428571,1.3035714285714286,56
TR400*0102*2000*01_A2,21.0,0.5064935064935064,0.7922077922077922,0.16883116883116883,0.03896103896103896,0.2077922077922078,1.844155844155844,77
TR405*0102*2000*01_A1,23.0,0.5967741935483871,0.9193548387096774,0.06451612903225806,0.016129032258064516,0.08064516129032258,1.532258064516129,62
TR405*0102*2000*01_A2,23.0,0.7232142857142857,0.8660714285714286,0.07142857142857142,0.0625,0.13392857142857142,1.5803571428571428,112
TR409*0102*2000*01_A1,28.0,0.6125,0.8375,0.15,0.0125,0.1625,1.625,80
TR409*0102*2000*01_A2,28.0,0.7121212121212122,0.8636363636363636,0.12121212121212122,0.015151515151515152,0.13636363636363635,1.4696969696969697,66
TR410*0102*2000*01_A1,29.0,0.7045454545454546,0.8863636363636364,0.10227272727272728,0.011363636363636364,0.11363636363636363,1.4431818181818181,88
TR410*0102*2000*01_A2,29.0,0.5584415584415584,0.7142857142857143,0.19480519480519481,0.09090909090909091,0.2857142857142857,2.0,77
TR411*0102*2000*01_A1,23.0,0.6282051282051282,0.9230769230769231,0.0641025641025641,0.01282051282051282,0.07692307692307693,1.5,78
TR411*0102*2000*01_A2,23.0,0.6854838709677419,0.8387096774193549,0.08064516129032258,0.08064516129032258,0.16129032258064516,1.7096774193548387,124
TR412*0102*2000*01_A1,29.0,0.5487804878048781,0.7682926829268293,0.21951219512195122,0.012195121951219513,0.23170731707317074,1.8170731707317074,82
TR412*0102*2000*01_A4,29.0,0.5609756097560976,0.7317073170731707,0.25609756097560976,0.012195121951219513,0.2682926829268293,1.853658536585366,82
OU2*0102*2001*02_A1,40.0,0.6884057971014492,0.9057971014492754,0.09420289855072464,0.0,0.09420289855072464,1.4057971014492754,138
OU2*0102*2001*02_A3,40.0,0.6197183098591549,0.8591549295774648,0.13380281690140844,0.007042253521126761,0.14084507042253522,1.5633802816901408,142
OU3*0102*2001*02_A1,40.0,0.6739130434782609,0.8913043478260869,0.10869565217391304,0.0,0.10869565217391304,1.4782608695652173,138
OU3*0102*2001*02_A4,40.0,0.6125,0.8125,0.15,0.0375,0.1875,1.73125,160
OU1*0102*2001*03_A1,34.0,0.7454545454545455,0.8909090909090909,0.09090909090909091,0.01818181818181818,0.10909090909090909,1.4272727272727272,110
OU1*0102*2001*03_A4,34.0,0.5922330097087378,0.8252427184466019,0.1553398058252427,0.019417475728155338,0.17475728155339806,1.6796116504854368,103
OU4*0102*2001*03_A1,34.0,0.7402597402597403,0.961038961038961,0.03896103896103896,0.0,0.03896103896103896,1.3116883116883118,77
OU4*0102*2001*03_A3,34.0,0.5595238095238095,0.7619047619047619,0.21428571428571427,0.023809523809523808,0.23809523809523808,1.7857142857142858,84
OU5*0102*2001*01_A1,36.0,0.7222222222222222,0.875,0.1111111111111111,0.013888888888888888,0.125,1.4305555555555556,72
OU5*0102*2001*01_A3,36.0,0.7176470588235294,0.9294117647058824,0.07058823529411765,0.0,0.07058823529411765,1.3647058823529412,85
